scholar_id,inst_id
A5043098453,I99065089
A5100320723,I99065089
A5046448314,I99065089
A5100666307,I4210155230
A5101867825,I4210155230
A5101584823,I4210100255
A5101584823,I99065089
A5100668503,I99065089
A5100320723,I4210100255
A5086603207,I4210100255
A5086603207,I4210159102
A5086603207,I99065089
A5046448314,I4210100255
A5044120384,I172675005
A5028589167,I78988378
A5079865276,I172675005
A5079865276,I4210086143
A5011813023,I99065089
A5042324027,I172675005
A5101577090,I99065089
A5100405572,I99065089
A5091587552,I99065089
A5100389037,I165932596
A5101942668,I76130692
A5089495929,I4210150719
A5004833182,I14243506
A5101715620,I75059550
A5038668215,I126520041
A5089404640,I165932596
A5100357128,I183067930
A5074355807,I14243506
A5100408983,I14243506
A5044651577,I4210113369
A5039318240,I183067930
A5022574607,I99065089
A5038994448,I125839683
A5044042138,I99065089
A5068023300,I4210134178
A5102861619,I4210134178
A5100452974,I99065089
A5013041264,I1174212
A5013041264,I2800817003
A5013041264,I903300897
A5100707822,I183067930
A5100707822,I4210156583
A5079185258,I1174212
A5079185258,I2800817003
A5079185258,I903300897
A5009408707,I1174212
A5009408707,I2800817003
A5009408707,I903300897
A5101693600,I99065089
A5100320723,I118574674
A5046448314,I118574674
A5101913012,I99065089
A5100668503,I4210100255
A5065882341,I25254941
A5065882341,I4210100255
A5065882341,I99065089
A5101400717,I99065089
A5043098453,I4210100255
A5003324011,I99065089
A5041560675,I24943067
A5065529268,I24943067
A5114594103,I24943067
A5110915979,I24943067
A5114594168,I24943067
A5068832926,I24943067
A5090455375,I24943067
A5053345000,I2250955327
A5088291592,I99065089
A5100702488,I154570441
A5089259739,I45928872
A5089259739,I76130692
A5060484186,I45928872
A5060484186,I76130692
A5030767284,I45928872
A5030767284,I76130692
A5051526091,I45928872
A5051526091,I76130692
A5100329931,I2250653659
A5102018239,I45928872
A5102018239,I76130692
A5001696853,I76130692
A5100354377,I76130692
A5100394814,I76130692
A5091748443,I76130692
A5003834274,I76130692
A5075535352,I76130692
A5060484186,I165932596
A5051839900,I168879160
A5051839900,I76130692
A5037546695,I168879160
A5089259739,I109935558
A5089259739,I168879160
A5100345062,I168879160
A5101552401,I168879160
A5074240680,I76130692
A5060364374,I4210121747
A5060364374,I76130692
A5102018239,I168879160
A5100641664,I76130692
A5092346117,I76130692
A5100930897,I76130692
A5065907658,I45928872
A5101488344,I45928872
A5101718341,I45928872
A5101524043,I99065089
A5100402996,I99065089
A5101593662,I1174212
A5087823830,I1174212
A5100424699,I99065089
A5100668121,I99065089
A5100760812,I99065089
A5100397448,I183067930
A5062623705,I183067930
A5037311972,I157725225
A5100704142,I183067930
A5086528941,I183067930
A5041011296,I183067930
A5090720315,I183067930
A5001571390,I183067930
A5058407280,I76130692
A5085691361,I40120149
A5066422711,I195460627
A5063307425,I125839683
A5081789111,I139759216
A5042424428,I139759216
A5060498828,I99065089
A5038612499,I158809036
A5038612499,I204983213
A5102006979,I45928872
A5102006979,I66867065
A5100549057,I45928872
A5100549057,I66867065
A5057508424,I66867065
A5118458994,I66867065
A5037571401,I29955533
A5037571401,I99065089
A5013247988,I165932596
A5060498828,I29955533
A5011813023,I29955533
A5003324011,I29955533
A5010057779,I76130692
A5023256521,I165932596
A5100378166,I111979921
A5047447972,I165932596
A5058308999,I24943067
A5061237050,I24943067
A5044665993,I24943067
A5101481141,I24943067
A5042415262,I24943067
A5088834359,I24943067
A5100459130,I1311688040
A5100459130,I4391012619
A5100448121,I45928872
A5100448121,I76130692
A5062125301,I202697423
A5115602506,I76130692
A5050711042,I45928872
A5073592405,I202697423
A5028644784,I99065089
A5101499972,I135905480
A5101499972,I66867065
A5100373451,I66867065
A5026477069,I66867065
A5101472135,I66867065
A5101511862,I4210139618
A5101511862,I66867065
A5074799043,I157773358
A5100660086,I3131625388
A5100660086,I99065089
A5022672030,I3131625388
A5022672030,I99065089
A5046576694,I4210095624
A5046576694,I4210108985
A5054067088,I4210145761
A5100419183,I183067930
A5102528377,I183067930
A5100625645,I183067930
A5048486573,I183067930
A5076880724,I37461747
A5100734069,I37461747
A5112695519,I76130692
A5100406106,I172675005
A5100406106,I183067930
A5018055568,I172675005
A5079101040,I14243506
A5037251172,I172675005
A5011789987,I183067930
A5011789987,I24943067
A5011789987,I4210159575
A5104096489,I183067930
A5104096489,I24943067
A5104096489,I4210159575
A5005170146,I99065089
A5101929507,I99065089
A5084318285,I99065089
A5102840184,I99065089
A5037571401,I4210087373
A5101756436,I99065089
A5101715620,I76130692
A5045238792,I76130692
A5101438463,I76130692
A5058611515,I76130692
A5072484211,I99065089
A5100680672,I66867065
A5047846625,I66867065
A5065846668,I66867065
A5017431694,I183067930
A5017431694,I4210122302
A5017431694,I4391012619
A5100330734,I183067930
A5100330734,I4210122302
A5100330734,I4391012619
A5066553616,I4210122302
A5066553616,I4391012619
A5055848354,I99065089
A5107981872,I78988378
A5100757101,I78988378
A5101784459,I78988378
A5100397616,I76130692
A5100420391,I78988378
A5100619237,I78988378
A5025250287,I27804330
A5070196864,I4210100255
A5070196864,I99065089
A5102363883,I1290206253
A5102363883,I4210164937
A5100397486,I183067930
A5101765638,I183067930
A5087283829,I111483173
A5087283829,I20231570
A5106671208,I4210156423
A5106671208,I99065089
A5102363883,I74973139
A5046448314,I4210156423
A5100320723,I4210156423
A5035163745,I183067930
A5060200431,I183067930
A5101552118,I183067930
A5074618552,I183067930
A5000245150,I1311688040
A5078879815,I99065089
A5101524540,I4210113369
A5050281328,I126520041
A5032277491,I4210113369
A5100423656,I4210113369
A5058043497,I99065089
A5066791662,I183067930
A5066205926,I183067930
A5061558275,I4210126065
A5101081574,I4210126065
A5037267035,I4210126065
A5100622261,I24943067
A5100636629,I24943067
A5023919188,I19820366
A5023919188,I4210160793
A5023919188,I4210165038
A5100929165,I19820366
A5100929165,I4210160793
A5100929165,I4210165038
A5001810569,I3125743391
A5112722669,I211433327
A5112722669,I2802497816
A5112478420,I82880672
A5075284964,I881766915
A5100630777,I3125743391
A5100768674,I106994412
A5034483183,I183067930
A5074195858,I99065089
A5016367316,I881766915
A5038111698,I881766915
A5002372684,I31595395
A5034281922,I19820366
A5034281922,I4210160793
A5034281922,I4210165038
A5069869295,I183067930
A5087768777,I75059550
A5100386104,I114017466
A5100741568,I183067930
A5100381999,I76130692
A5113093546,I76130692
A5101552401,I76130692
A5068955094,I76130692
A5054995764,I76130692
A5100345062,I76130692
A5081912397,I180949307
A5100341802,I126520041
A5100341802,I180949307
A5100341802,I99065089
A5100633263,I139759216
A5100327243,I99065089
A5100325346,I53592917
A5100701504,I118347636
A5010290885,I118347636
A5028641941,I118347636
A5101854992,I24943067
A5100697907,I24943067
A5101656979,I172675005
A5100419741,I99065089
A5069331173,I99065089
A5032749574,I57093077
A5100423436,I4210120069
A5070719868,I163340411
A5100399276,I170201317
A5079362043,I165143802
A5020700222,I4210131846
A5020700222,I4210156221
A5020700222,I4210164862
A5020700222,I99065089
A5091491018,I4210131846
A5091491018,I4210156221
A5091491018,I4210164862
A5091491018,I99065089
A5061624006,I4210164937
A5014662947,I4210164937
A5100452974,I4210131846
A5100452974,I4210156221
A5100452974,I4210164862
A5044042138,I4210131846
A5044042138,I4210156221
A5044042138,I4210164862
A5101658368,I20231570
A5033785339,I20231570
A5060299343,I20231570
A5047709762,I154570441
A5084430029,I99065089
A5037132097,I20231570
A5074468971,I129604602
A5102824683,I108468826
A5015574447,I108468826
A5015574447,I165932596
A5026532752,I76130692
A5101409300,I129604602
A5100422092,I4210114105
A5100422092,I99065089
A5004361143,I165779595
A5100710457,I165779595
A5101626204,I4210114105
A5101626204,I99065089
A5022290876,I165779595
A5060517125,I183067930
A5085791658,I183067930
A5051534896,I97018004
A5104139165,I22248866
A5104139165,I4210100255
A5104139165,I99065089
A5043098453,I2250653659
A5101818061,I79891267
A5060498828,I22248866
A5060498828,I4210100255
A5003324011,I22248866
A5003324011,I4210100255
A5100320723,I22248866
A5108129241,I11838497
A5108129241,I99065089
A5100620306,I2250653659
A5064826982,I139759216
A5060417049,I139759216
A5100705849,I139759216
A5019206012,I99065089
A5101705698,I99065089
A5101400717,I29955533
A5012938939,I99065089
A5100668503,I4210164862
A5100320723,I4210164862
A5042746887,I76130692
A5064386877,I76130692
A5100334231,I45928872
A5100334231,I76130692
A5090294171,I45928872
A5017124285,I45928872
A5100331436,I3131625388
A5100331436,I99065089
A5100342243,I3131625388
A5100342243,I99065089
A5086506020,I3131625388
A5086506020,I99065089
A5009825420,I3131625388
A5009825420,I99065089
A5101886554,I3131625388
A5101886554,I99065089
A5010034064,I157773358
A5010034064,I4210128921
A5100719304,I3131625388
A5100719304,I99065089
A5101577090,I2250653659
A5102486495,I2250653659
A5023086553,I2250653659
A5026844462,I183067930
A5026716125,I183067930
A5045164115,I4800084
A5018828723,I165932596
A5100778479,I4210103986
A5100681023,I4210103986
A5051997286,I76130692
A5029128305,I76130692
A5102215967,I76130692
A5023045386,I76130692
A5100611033,I76130692
A5000814233,I45928872
A5102018239,I4210123185
A5002254187,I99065089
A5022927606,I99065089
A5100339293,I99065089
A5109576748,I76130692
A5100428572,I76130692
A5040328543,I76130692
A5101821806,I76130692
A5085730907,I183067930
A5051803761,I183067930
A5100366692,I183067930
A5100366692,I41198531
A5114060810,I4210160211
A5114060810,I76130692
A5039653330,I3133055985
A5101922527,I4210160211
A5101922527,I76130692
A5068273646,I4210160211
A5068273646,I76130692
A5101589741,I4210160211
A5101589741,I76130692
A5091294648,I4210160211
A5091294648,I76130692
A5103199084,I4210160211
A5103199084,I76130692
A5101848725,I4210160211
A5101848725,I76130692
A5081938206,I136199984
A5081938206,I2801851002
A5100624617,I4210123185
A5100624617,I4210160211
A5100624617,I76130692
A5008663435,I4210123185
A5008663435,I4210160211
A5008663435,I76130692
A5028525523,I4210123185
A5028525523,I4210160211
A5028525523,I76130692
A5030767284,I74973139
A5100441646,I45928872
A5085691361,I28407311
A5042099863,I168879160
A5066422711,I98677209
A5100461968,I40120149
A5100444409,I76130692
A5060350556,I40120149
A5100348795,I99065089
A5100402926,I99065089
A5100441094,I99065089
A5040266310,I99065089
A5100737672,I99065089
A5030612674,I99065089
A5025295947,I889804353
A5052284218,I99065089
A5044791875,I99065089
A5100728007,I183067930
A5100728007,I4210164862
A5100728007,I59499333
A5110766031,I183067930
A5110766031,I4210164862
A5110766031,I59499333
A5019650735,I183067930
A5019650735,I4210164862
A5019650735,I59499333
A5087158377,I183067930
A5087158377,I4210164862
A5074745823,I183067930
A5074745823,I59499333
A5085787425,I183067930
A5085787425,I4210164862
A5085787425,I59499333
A5100450652,I76130692
A5050374736,I2250955327
A5100725719,I2250955327
A5051741610,I98301712
A5027981404,I19820366
A5027981404,I4210090176
A5027981404,I98301712
A5064887293,I24943067
A5100360194,I24943067
A5103097172,I24943067
A5111113722,I24943067
A5026261925,I76130692
A5049402483,I76130692
A5100416208,I45928872
A5065134183,I99065089
A5087905778,I99065089
A5111512416,I99065089
A5074207407,I76130692
A5007883361,I76130692
A5101844109,I99065089
A5100397623,I111979921
A5058342791,I76130692
A5100641664,I2250653659
A5100691089,I45928872
A5100691089,I76130692
A5067676008,I2250653659
A5067676008,I76130692
A5101538534,I24943067
A5040655519,I24943067
A5075507821,I24943067
A5022924513,I3133055985
A5100777438,I3133055985
A5100777438,I76130692
A5100333758,I3133055985
A5100333758,I4210137766
A5037482496,I165779595
A5004361143,I29617571
A5101594431,I177725633
A5054067088,I19820366
A5101984697,I177725633
A5089322101,I4210114105
A5089322101,I99065089
A5070985028,I99065089
A5044064034,I99065089
A5029032976,I4210114105
A5048638931,I99065089
A5101400717,I22248866
A5101400717,I4210100255
A5100668503,I22248866
A5100444201,I45928872
A5067594005,I45928872
A5037925740,I45928872
A5089259739,I4210123185
A5060484186,I4210123185
A5103125470,I4210123185
A5103125470,I76130692
A5058342791,I4210123185
A5100691089,I4210123185
A5083156453,I45928872
A5033164669,I4210123185
A5100434550,I76130692
A5071141175,I45928872
A5100450652,I168879160
A5100557052,I2250955327
A5073449145,I891191580
A5085818578,I99065089
A5015313855,I891191580
A5005142250,I17145004
A5005142250,I890469752
A5005142250,I98358874
A5113002579,I17145004
A5113002579,I890469752
A5053056639,I17145004
A5053056639,I890469752
A5100658879,I168879160
A5007566667,I17145004
A5007566667,I183067930
A5114375874,I4210095624
A5114375874,I76130692
A5102018239,I4210095624
A5101863818,I76130692
A5087796565,I76130692
A5038246814,I2250653659
A5038246814,I99065089
A5017254188,I99065089
A5104101892,I99065089
A5022919897,I99065089
A5058087669,I99065089
A5062750482,I99065089
A5050456727,I99065089
A5044171766,I99065089
A5046687207,I99065089
A5101617866,I2250653659
A5055981994,I2250653659
A5101639735,I4210100255
A5101639735,I99065089
A5044791875,I4210100255
A5004545610,I99065089
A5052892856,I99065089
A5032187620,I106165777
A5100355277,I99065089
A5034129532,I99065089
A5073040621,I99065089
A5044100655,I99065089
A5114073558,I76130692
A5112977912,I76130692
A5101673341,I76130692
A5030286886,I4210120238
A5030286886,I4210142192
A5048248814,I76130692
A5079888872,I84884186
A5100345062,I4210123185
A5042099863,I4210123185
A5042099863,I76130692
A5053654349,I99065089
A5100357109,I99065089
A5034637109,I99065089
A5100330824,I4210103986
A5100330824,I4210153550
A5100330824,I99065089
A5100627090,I4210103986
A5104129127,I4210103986
A5090400879,I4210103986
A5101457293,I4210103986
A5101457293,I76130692
A5082256814,I4210103986
A5082256814,I4210153550
A5082256814,I99065089
A5049944728,I99065089
A5100768896,I99065089
A5047674498,I87445476
A5006790291,I99065089
A5039166924,I201448701
A5072787288,I87445476
A5041083459,I87445476
A5029588473,I51556381
A5013911439,I87445476
A5100352820,I4210139618
A5100352820,I66867065
A5144259824,I4210139618
A5144259824,I66867065
A5144304348,I4210139618
A5144304348,I66867065
A5144243031,I143302722
A5144243031,I4210139618
A5144243031,I66867065
A5100344628,I4210139618
A5100344628,I66867065
A5100394926,I143302722
A5101920357,I76130692
A5018184037,I109935558
A5018184037,I76130692
A5100432093,I76130692
A5050328715,I79891267
A5006238145,I76130692
A5118983686,I76130692
A5026663768,I24943067
A5107954053,I4210123185
A5074371475,I4210123185
A5011384237,I200769079
A5011384237,I889458895
A5009127587,I99065089
A5016443523,I45928872
A5100388690,I24943067
A5016081741,I4210095624
A5018343158,I24943067
A5058069028,I4210095624
A5017862559,I24943067
A5039226267,I45129253
A5058519912,I45129253
A5078520300,I45129253
A5037546695,I76130692
A5076265623,I45129253
A5063552937,I76130692
A5015427218,I76130692
A5085887838,I891191580
A5100665611,I39333907
A5101555948,I47720641
A5100346529,I4210155268
A5100441256,I39333907
A5078072524,I39333907
A5100416978,I39333907
A5049397022,I39333907
A5100458629,I82880672
A5101731922,I4210126319
A5100449226,I91045830
A5035562693,I74801974
A5102019719,I2251586001
A5101539090,I76130692
A5060524512,I4210123185
A5042874172,I1299303238
A5042874172,I32971472
A5048489384,I91045830
A5074059447,I74801974
A5101537931,I74801974
A5046139808,I76130692
A5100708608,I4210091137
A5018408488,I4210091137
A5018408488,I76130692
A5055937409,I4210091137
A5100686044,I4210091137
A5100723431,I4210091137
A5100723431,I76130692
A5079260216,I4210091137
A5079260216,I76130692
A5081297475,I4210091137
A5101779299,I4210091137
A5041756873,I205237279
A5100727266,I205237279
A5100716195,I180662265
A5100728474,I205237279
A5072210083,I205237279
A5072210083,I4210164952
A5013595762,I205237279
A5027731066,I205237279
A5101437247,I205237279
A5100657058,I205237279
A5100657058,I4210164952
A5046419834,I4210156423
A5046419834,I99065089
A5101470756,I180662265
A5053169627,I180662265
A5100412889,I76130692
A5101485989,I76130692
A5005679017,I76130692
A5101701726,I109935558
A5101701726,I76130692
A5101687931,I76130692
A5081485810,I162868743
A5005421447,I76130692
A5100336360,I200769079
A5100336360,I889458895
A5100444201,I76130692
A5100450665,I76130692
A5018467344,I19820366
A5018467344,I4210112150
A5001846517,I19820366
A5001846517,I4210112150
A5101679484,I19820366
A5101679484,I4210112150
A5100379732,I19820366
A5100379732,I4210112150
A5112613657,I99065089
A5062415787,I183067930
A5102975654,I183067930
A5100757927,I183067930
A5107951048,I125839683
A5107951048,I50632499
A5100453158,I125839683
A5100453158,I50632499
A5109793170,I125839683
A5100441592,I4210126903
A5016577232,I125839683
A5016577232,I50632499
A5023811312,I125839683
A5101407209,I99065089
A5083736034,I99065089
A5043001970,I139024713
A5100762359,I1328775524
A5100762359,I4405254534
A5068929700,I13591777
A5068929700,I24943067
A5068929700,I4405254534
A5028001200,I3018263800
A5027273132,I76130692
A5037216720,I2250653659
A5037216720,I76130692
A5101904389,I158934434
A5059978816,I196699116
A5012599026,I99065089
A5108816085,I99065089
A5077755385,I183067930
A5081560197,I183067930
A5001925012,I183067930
A5101953579,I143593769
A5067031572,I143593769
A5029754897,I143593769
A5109781218,I157773358
A5109781218,I24943067
A5109781218,I4210127074
A5109781218,I4210128921
A5100746224,I143593769
A5005820786,I143593769
A5116592748,I74656192
A5101751750,I74656192
A5009790777,I75955062
A5009790777,I76130692
A5053550707,I74656192
A5110722405,I183067930
A5005340074,I161318765
A5005340074,I2803209242
A5013420106,I161318765
A5013420106,I2803209242
A5100841446,I161318765
A5100841446,I2803209242
A5049836780,I161318765
A5049836780,I2803209242
A5100433433,I99065089
A5101612957,I127108677
A5101612957,I13591777
A5059721426,I161318765
A5059721426,I2803209242
A5100721735,I183067930
A5100721735,I20942203
A5100721735,I44675526
A5100329487,I172675005
A5069145492,I183067930
A5069145492,I20942203
A5069145492,I44675526
A5042099863,I4210142192
A5042099863,I50760025
A5085691361,I168879160
A5085691361,I55712492
A5113063735,I50760025
A5100345062,I55712492
A5023045386,I109935558
A5010693174,I99065089
A5100396049,I19820366
A5100396049,I4210090176
A5100396049,I4210137199
A5100396049,I4210165038
A5100396049,I96733725
A5014407416,I154130895
A5014407416,I96733725
A5102016049,I161346416
A5100397486,I19820366
A5100397486,I4210137199
A5100397486,I4210165038
A5100397486,I66867065
A5102887069,I139759216
A5110006885,I154130895
A5100639658,I180726961
A5100647391,I170215575
A5103221383,I158842170
A5100457574,I170215575
A5061219446,I76130692
A5075722123,I1292875679
A5075722123,I42894916
A5079461118,I158842170
A5058611515,I168879160
A5101727888,I170215575
A5066517485,I4210165038
A5100367178,I99065089
A5103057256,I3131625388
A5103057256,I99065089
A5108037163,I99065089
A5086384374,I99065089
A5113686760,I99065089
A5107859097,I99065089
A5043363677,I99065089
A5100731664,I99065089
A5085094109,I99065089
A5103141832,I4210114105
A5103141832,I99065089
A5003898691,I47689461
A5003898691,I99065089
A5128185866,I47689461
A5128203881,I99065089
A5086754171,I135237710
A5121871329,I99065089
A5128201340,I99065089
A5085578723,I63190737
A5091687257,I63190737
A5077201324,I63190737
A5091132390,I63190737
A5113489059,I63190737
A5000596496,I76130692
A5019206012,I25254941
A5057490272,I99065089
A5100443403,I99065089
A5100342577,I99065089
A5033120372,I99065089
A5101666117,I99065089
A5101949155,I99065089
A5055175414,I66867065
A5032965844,I66867065
A5069869295,I2799961584
A5076168347,I66867065
A5037311972,I183067930
A5101588984,I139759216
A5101588984,I78988378
A5018977183,I70931966
A5077231313,I108192572
A5077231313,I4210164802
A5101781628,I45928872
A5101781628,I76130692
A5112695519,I45928872
A5100673743,I45928872
A5100673743,I76130692
A5037942269,I45928872
A5037942269,I76130692
A5102013345,I45928872
A5102013345,I76130692
A5101613727,I76130692
A5100343712,I76130692
A5111618601,I76130692
A5037713427,I76130692
A5100422092,I76130692
A5100383221,I76130692
A5009750935,I76130692
A5028860597,I165799507
A5011542448,I183067930
A5011542448,I4210113369
A5100576386,I20231570
A5100576386,I4210113369
A5075033889,I1341412227
A5075033889,I140172145
A5075033889,I165799507
A5090151187,I1290206253
A5090151187,I4210113369
A5012401537,I99065089
A5100434028,I99065089
A5111789821,I99065089
A5028491176,I99065089
A5100461265,I74973139
A5101458727,I70931966
A5087823830,I2800817003
A5043904334,I99065089
A5039621382,I78577930
A5100735881,I99065089
A5100451576,I99065089
A5049519805,I99065089
A5100951661,I99065089
A5009228005,I99065089
A5101929509,I99065089
A5004580149,I36672615
A5004580149,I57206974
A5100629869,I82880672
A5100629869,I99065089
A5068673597,I82880672
A5102834811,I99065089
A5066905801,I99065089
A5100364010,I99065089
A5012767739,I24943067
A5084564357,I1290206253
A5084564357,I4210113369
A5100611243,I114017466
A5100611243,I2802355861
A5100669255,I24943067
A5060116992,I1290206253
A5060116992,I4210113369
A5103960214,I24943067
A5011504177,I24943067
A5078367709,I24943067
A5023921104,I24943067
A5100640212,I139759216
A5100640212,I99065089
A5100740415,I139759216
A5100740415,I99065089
A5100391517,I99065089
A5100346448,I4210092826
A5100346448,I99065089
A5035985651,I99065089
A5101681014,I78988378
A5034954011,I45928872
A5113950414,I99065089
A5041539823,I45928872
A5082599714,I45928872
A5007320841,I76130692
A5080659687,I76130692
A5047108321,I66867065
A5100708486,I66867065
A5101882533,I66867065
A5041581408,I66867065
A5100373451,I4210095624
A5050830339,I66867065
A5101851065,I4210095624
A5089187298,I4210095624
A5101434435,I66867065
A5108705811,I4210095624
A5020086523,I66867065
A5055921455,I4210146919
A5101659958,I76130692
A5100395316,I76130692
A5007500583,I76130692
A5017984840,I76130692
A5100373451,I4210139618
A5101472134,I4210139618
A5101472134,I66867065
A5101434435,I4210139618
A5022325814,I4210139618
A5022325814,I66867065
A5100388333,I24943067
A5109215309,I193775966
A5063351917,I2252078561
A5049240605,I76130692
A5114061948,I76130692
A5102711199,I168879160
A5102711199,I76130692
A5105068548,I168879160
A5105068548,I76130692
A5100669304,I168879160
A5100669304,I76130692
A5102074422,I168879160
A5102074422,I76130692
A5012766723,I168879160
A5012766723,I76130692
A5062247330,I18014758
A5053909989,I2250653659
A5100613117,I2250653659
A5018964518,I2250653659
A5051649145,I2250653659
A5070709298,I95457486
A5102922412,I45928872
A5042091430,I45928872
A5057864403,I45928872
A5101488072,I172675005
A5041572550,I172675005
A5047927086,I76130692
A5100756634,I45928872
A5100353780,I4210153550
A5100353780,I99065089
A5006760273,I139759216
A5100440533,I890469752
A5100440533,I99065089
A5102979496,I19820366
A5102979496,I4210094879
A5102979496,I4210112150
A5101689420,I19820366
A5101689420,I4210145761
A5101689420,I99065089
A5100668826,I19820366
A5100668826,I4210145761
A5044695231,I19820366
A5044695231,I4210145761
A5068527488,I19820366
A5068527488,I4210145761
A5100754504,I99065089
A5027050251,I99065089
A5074199725,I99065089
A5100634312,I87445476
A5100361891,I87445476
A5028388778,I99065089
A5038355295,I87445476
A5014243317,I36399199
A5070094915,I87445476
A5016724158,I1311688040
A5016724158,I24943067
A5016724158,I4391012619
A5101481141,I1311688040
A5101481141,I4391012619
A5044665993,I1311688040
A5044665993,I4391012619
A5100459130,I24943067
A5100355692,I24943067
A5077658936,I5681781
A5100669206,I24943067
A5101599383,I115212828
A5082613662,I115212828
A5100386895,I99065089
A5100631506,I99065089
A5045139591,I115212828
A5038273708,I99065089
A5066874145,I125839683
A5110849478,I1174212
A5040501126,I99065089
A5078003862,I136199984
A5086052373,I107606265
A5086052373,I136199984
A5086052373,I2801851002
A5100337987,I66867065
A5065887901,I4210132615
A5101851065,I45928872
A5048603584,I4210132615
A5100332096,I4210132615
A5100331094,I66867065
A5088526794,I66867065
A5035067940,I99065089
A5027802426,I99065089
A5020511969,I194450716
A5020511969,I4210134929
A5087168870,I139759216
A5100728666,I4210103986
A5057735128,I4210103986
A5066380580,I4210103986
A5114549734,I110166357
A5114549734,I68891433
A5104107945,I1306409833
A5104107945,I99065089
A5006918187,I110166357
A5006918187,I68891433
A5100425839,I1174212
A5100425839,I1306409833
A5100425839,I2800817003
A5009957887,I1174212
A5009957887,I1306409833
A5009957887,I2800817003
A5024078415,I1174212
A5024078415,I1306409833
A5024078415,I2800817003
A5100718934,I1174212
A5100718934,I1306409833
A5100718934,I2800817003
A5016933602,I1174212
A5016933602,I1306409833
A5016933602,I2800817003
A5009408707,I1306409833
A5009408707,I68891433
A5062621570,I1291357265
A5043749799,I1291357265
A5061181730,I1291357265
A5100358079,I1291357265
A5100318285,I1291357265
A5101865461,I1291357265
A5071787279,I1291357265
A5100297784,I1291357265
A5003943585,I99065089
A5100611571,I99065089
A5013258788,I24943067
A5100406781,I24943067
A5054962782,I24943067
A5100360407,I24943067
A5102803694,I4210090971
A5102803694,I76569877
A5039059501,I116953780
A5070300415,I76130692
A5100433137,I66867065
A5056644602,I66867065
A5060837414,I4210144102
A5060837414,I862669128
A5049944728,I66867065
A5101815945,I66867065
A5101815945,I78577930
A5101488072,I165932596
A5100963457,I66867065
A5100620306,I99065089
A5102542015,I99065089
A5010557815,I99065089
A5100399603,I2250653659
A5070644871,I2250653659
A5101990774,I889458895
A5089804645,I183519381
A5089804645,I4210087691
A5073314811,I889458895
A5089047237,I24943067
A5089047237,I4210159575
A5100348649,I4210089514
A5108749325,I4210087691
A5066750132,I24943067
A5066750132,I4210159575
A5066750132,I889458895
A5102900838,I4210087691
A5102900838,I889458895
A5100424222,I4210087691
A5011193488,I62916508
A5100742006,I24943067
A5045598417,I145311948
A5103215306,I2250955327
A5100614065,I2250955327
A5100393506,I2250955327
A5029371371,I24943067
A5068755794,I99065089
A5051687191,I99065089
A5031863731,I99065089
A5100341893,I99065089
A5100606995,I99065089
A5004579631,I99065089
A5100758169,I82880672
A5054033403,I99065089
A5101584040,I4210128910
A5101705530,I4210165038
A5103121138,I99065089
A5055546056,I99065089
A5065667064,I99065089
A5101792979,I99065089
A5041105948,I99065089
A5101510063,I99065089
A5100452089,I99065089
A5066530136,I24943067
A5013240918,I205783295
A5065063835,I99065089
A5080414420,I99065089
A5100627109,I97018004
A5065368881,I97018004
A5082717970,I4210119392
A5082717970,I99065089
A5040105498,I4210119392
A5040105498,I99065089
A5008633924,I4210119392
A5008633924,I99065089
A5006887059,I4210119392
A5006887059,I99065089
A5074218661,I4210119392
A5074218661,I99065089
A5100669249,I4210119392
A5100669249,I99065089
A5062662868,I24603500
A5100746962,I4210119392
A5100746962,I99065089
A5083491323,I881766915
A5090881698,I881766915
A5059372830,I183067930
A5100772262,I205783295
A5025611496,I99065089
A5070586406,I205783295
A5006380227,I205783295
A5020672335,I76130692
A5100438001,I177725633
A5103125510,I4210128910
A5100412576,I129604602
A5100412576,I76130692
A5087818121,I129604602
A5087818121,I177725633
A5010087030,I177725633
A5100442619,I99065089
A5071538550,I76130692
A5064513874,I76130692
A5088826157,I19820366
A5101685414,I87445476
A5002942261,I76130692
A5062239185,I99065089
A5100661022,I99065089
A5114911316,I99065089
A5071654034,I24943067
A5100405762,I24943067
A5071461704,I24943067
A5015791511,I24943067
A5026741717,I24943067
A5058136382,I20089843
A5015831706,I1343180700
A5084959430,I24943067
A5100431792,I4210108985
A5047962986,I24943067
A5049414501,I177725633
A5049414501,I183067930
A5100732450,I150229711
A5100732450,I177725633
A5100444820,I177725633
A5019708391,I183067930
A5026184280,I3131625388
A5026184280,I99065089
A5101979633,I3131625388
A5101979633,I99065089
A5101835756,I5388228
A5100389186,I3131625388
A5100389186,I99065089
A5079361172,I45129253
A5009239895,I3131625388
A5009239895,I99065089
A5057033978,I4389425283
A5100756297,I99065089
A5025286392,I4210164897
A5021434848,I99065089
A5021662942,I114017466
A5021662942,I3045169105
A5011488839,I114017466
A5069837273,I114017466
A5005421447,I114017466
A5005421447,I3045169105
A5031223720,I78988378
A5083333630,I99065089
A5036266768,I99065089
A5111280340,I78988378
A5002925500,I78988378
A5101986620,I99065089
A5009985839,I78988378
A5101616866,I99065089
A5100355692,I99065089
A5103244144,I78988378
A5101505571,I78988378
A5025631695,I78988378
A5101827340,I4210122302
A5101827340,I4391012619
A5026944066,I4210122302
A5026944066,I4391012619
A5026944066,I99065089
A5100457637,I4210122302
A5100457637,I4391012619
A5100457637,I881766915
A5082831514,I4210122302
A5082831514,I4391012619
A5100675974,I4210122302
A5100675974,I4391012619
A5100675974,I881766915
A5112877229,I4210128910
A5112877229,I4402554026
A5027851405,I4210122302
A5027851405,I4391012619
A5061696740,I881766915
A5000474748,I4210128910
A5000474748,I4402554026
A5100444820,I4210128910
A5100444820,I4402554026
A5100748135,I4210122302
A5100748135,I4391012619
A5100657057,I20231570
A5100657057,I4210096250
A5083295615,I16365422
A5083295615,I4210145278
A5083295615,I20231570
A5100686054,I20231570
A5100686054,I66867065
A5042165620,I20089843
A5042165620,I66867065
A5100689117,I20089843
A5100689117,I4210145278
A5071854504,I20089843
A5071854504,I4210096250
A5101431030,I183067930
A5078711649,I165779595
A5101495751,I183067930
A5030837133,I72427458
A5101609697,I165779595
A5101677993,I4210109870
A5101677993,I4401726805
A5048152070,I4210109870
A5048152070,I4401726805
A5100385429,I82880672
A5101977412,I4210109870
A5101977412,I4401726805
A5100709340,I118347636
A5063901724,I99065089
A5101959185,I4210109870
A5101959185,I4401726805
A5101471083,I201448701
A5103206590,I201448701
A5008448494,I201448701
A5061339425,I183067930
A5000435983,I201448701
A5044149951,I201448701
A5036308058,I201448701
A5070031492,I84218800
A5101586926,I205783295
A5081914923,I201448701
A5090739892,I201448701
A5101497042,I201448701
A5046165841,I76130692
A5046165841,I9842412
A5061563214,I76130692
A5061563214,I9842412
A5083531923,I76130692
A5083531923,I9842412
A5054894631,I130701444
A5023225287,I25846049
A5077896259,I157485424
A5060417049,I99065089
A5101858368,I19820366
A5101858368,I4210145761
A5101858368,I99065089
A5065694554,I19820366
A5065694554,I4210145761
A5054198217,I19820366
A5054198217,I4210145761
A5029947227,I99065089
A5051958442,I19820366
A5051958442,I4210145761
A5100427161,I76130692
A5038668215,I165932596
A5042324027,I165932596
A5004882141,I76130692
A5101944526,I99065089
A5006380227,I99065089
A5045300183,I76130692
A5100407758,I4210164937
A5008666077,I76130692
A5075880303,I4210164937
A5101580521,I1341412227
A5101580521,I99065089
A5100334974,I204983213
A5100334974,I99065089
A5100693197,I47720641
A5100375792,I99065089
A5103120004,I19820366
A5103120004,I4210090176
A5074834854,I79891267
A5009684691,I172675005
A5062252650,I76130692
A5046305086,I19820366
A5046305086,I4210090176
A5105096532,I19820366
A5105096532,I4210090176
A5082404485,I180670191
A5082404485,I99065089
A5022735755,I99065089
A5008751186,I76569877
A5082017037,I99065089
A5080722708,I99065089
A5045569962,I99065089
A5013240918,I4210100255
A5013240918,I99065089
A5101868179,I99065089
A5015605020,I99065089
A5100682142,I99065089
A5100418037,I99065089
A5045624501,I4210113369
A5045624501,I99065089
A5076804411,I4210113369
A5077900121,I125839683
A5077900121,I4210113369
A5101487157,I4210113369
A5100731042,I125839683
A5100784734,I4210113369
A5021155429,I99065089
A5018805700,I99065089
A5082694832,I99065089
A5058066577,I20231570
A5100460385,I99065089
A5050237799,I200769079
A5001971942,I76130692
A5045705475,I200769079
A5031896665,I76130692
A5010800424,I99065089
A5019241553,I99065089
A5100373517,I99065089
A5036357902,I39422238
A5036357902,I99065089
A5100757845,I169199633
A5014610561,I169199633
A5100437976,I183067930
A5101704070,I183067930
A5088960145,I169199633
A5100756528,I99065089
A5064564558,I114027177
A5010392645,I114027177
A5010392645,I4210105918
A5010392645,I62396329
A5010392645,I88814501
A5054666507,I114027177
A5010409710,I4210105918
A5010409710,I4210108118
A5010409710,I62396329
A5010409710,I88814501
A5037212091,I4210105918
A5037212091,I4210108118
A5037212091,I62396329
A5037212091,I88814501
A5100391054,I183067930
A5000937401,I114027177
A5100947652,I4210156165
A5112249167,I33256026
A5069959549,I4210156165
A5058044263,I4210156165
A5038754344,I99065089
A5016494112,I116265982
A5016494112,I99065089
A5100450362,I99065089
A5067844160,I2799997741
A5101785846,I99065089
A5101650943,I180726961
A5053690968,I14243506
A5074793684,I76130692
A5028650738,I99065089
A5049812527,I95457486
A5103275673,I126520041
A5101870054,I4210164937
A5062581073,I99065089
A5048237545,I126520041
A5101884287,I4210164937
A5041162679,I24943067
A5105297718,I168879160
A5105297718,I76130692
A5091687257,I185261750
A5043524348,I168879160
A5043524348,I76130692
A5100372152,I5023651
A5061225111,I99065089
A5047545398,I154570441
A5018970859,I99065089
A5100385336,I154570441
A5018476895,I99065089
A5087929301,I183067930
A5102807475,I183067930
A5101647485,I45129253
A5100384767,I45129253
A5100308060,I76130692
A5067726465,I76130692
A5072932051,I4210113369
A5100438769,I4210113369
A5035435409,I4210113369
A5035435409,I99065089
A5034476404,I1290206253
A5076968944,I183067930
A5103049106,I157773358
A5103049106,I4210146711
A5103049106,I4391768007
A5100622225,I19820366
A5100622225,I4210145761
A5106724391,I19820366
A5106724391,I4210145761
A5100684093,I157773358
A5100684093,I4210146711
A5100684093,I4391768007
A5100375136,I162868743
A5064168853,I183067930
A5089823903,I2250653659
A5074094490,I183067930
A5074094490,I2250653659
A5100321391,I2250653659
A5102867157,I136199984
A5102867157,I2250653659
A5110628758,I2250653659
A5068865316,I189196454
A5100716955,I183067930
A5100716955,I4210159420
A5100695406,I2250653659
A5066292587,I4210087641
A5100415226,I4210132047
A5114985946,I157773358
A5086208797,I157773358
A5035334249,I4210132047
A5101583301,I157773358
A5114985949,I4210087641
A5114985949,I99065089
A5067355537,I157773358
A5064564558,I1333535994
A5010392645,I1333535994
A5054666507,I1333535994
A5100336197,I114027177
A5100336197,I1333535994
A5037212091,I183067930
A5100391054,I114027177
A5100713555,I183067930
A5002224926,I99065089
A5055260255,I4210113369
A5072972153,I99065089
A5110779029,I76130692
A5036831868,I4210123185
A5036831868,I76130692
A5014842979,I76130692
A5100405114,I180662265
A5100626780,I76130692
A5073087748,I76130692
A5103147232,I76130692
A5019024625,I177725633
A5100417694,I205783295
A5084787269,I76130692
A5059021869,I76130692
A5101814482,I76130692
A5003418019,I24943067
A5100734913,I76569877
A5024436944,I142974352
A5101837435,I76569877
A5050402661,I99065089
A5100678341,I47720641
A5013079905,I76569877
A5102799918,I183067930
A5102799918,I4210100255
A5102799918,I4210144482
A5034501136,I183067930
A5034501136,I4210144482
A5017862417,I183067930
A5017862417,I4210144482
A5101829589,I183067930
A5101829589,I4210144482
A5071210086,I183067930
A5071210086,I4210144482
A5101756789,I183067930
A5101756789,I4210144482
A5020261885,I183067930
A5020261885,I4210100255
A5067414540,I183067930
A5067414540,I4210144482
A5027325688,I183067930
A5027325688,I4210144482
A5070870604,I183067930
A5070870604,I4210144482
A5072117671,I183067930
A5072117671,I4210144482
A5006980036,I183067930
A5006980036,I4210100255
A5101766080,I183067930
A5101766080,I4210092517
A5101766080,I4210135742
A5031424723,I183067930
A5031424723,I4210100255
A5100885234,I183067930
A5100885234,I4210144482
A5000937401,I30809798
A5000937401,I4210135459
A5081459350,I183067930
A5081459350,I4210092517
A5081459350,I4210135742
A5009598072,I183067930
A5009598072,I4210100255
A5007251193,I183067930
A5007251193,I4210144482
A5100406620,I99065089
A5101653272,I3131625388
A5101653272,I99065089
A5103170520,I24943067
A5103170520,I86519309
A5056540212,I86519309
A5088062069,I4210164937
A5101959185,I4210164937
A5058072839,I183067930
A5100404643,I14243506
A5100404643,I47720641
A5115602093,I14243506
A5115602093,I47720641
A5101586840,I4210113369
A5076992681,I19820366
A5076992681,I4210094879
A5113600509,I19820366
A5113600509,I4210094879
A5060102585,I99065089
A5100713555,I99065089
A5020027500,I172675005
A5100682348,I172675005
A5100340509,I99065089
A5017743551,I172675005
A5003203521,I158934434
A5003203521,I881766915
A5006514077,I202126657
A5007818509,I200845125
A5038117386,I82880672
A5029808393,I76130692
A5029808393,I90267481
A5100355025,I24943067
A5020313082,I4210108443
A5100460385,I4210108443
A5100367353,I172675005
A5100367353,I4210108443
A5043000577,I157725225
A5043000577,I4210108443
A5006016056,I2250653659
A5100360655,I76130692
A5029021362,I2250653659
A5100409052,I87216513
A5102707885,I2250653659
A5101710319,I2250653659
A5101540189,I2250653659
A5112601777,I2250653659
A5100665053,I76130692
A5101154635,I4210095624
A5100552914,I200769079
A5032042444,I14243506
A5100433899,I14243506
A5100433899,I45928872
A5007290301,I99065089
A5101600108,I99065089
A5102758365,I99065089
A5082173488,I99065089
A5085241696,I200769079
A5052602086,I99065089
A5100362465,I4210109870
A5100362465,I4401726805
A5101581221,I4210109870
A5101581221,I4401726805
A5088751649,I47720641
A5077687075,I200769079
A5100785015,I4210109870
A5100785015,I4401726805
A5090727900,I1311636904
A5090727900,I27837315
A5090727900,I99065089
A5069067033,I27837315
A5041300309,I27837315
A5101779116,I27837315
A5088611151,I27837315
A5088611151,I82880672
A5045384727,I1311636904
A5045384727,I27837315
A5083695605,I1311636904
A5083695605,I27837315
A5100407758,I76130692
A5102380578,I76130692
A5100418319,I156087764
A5061469520,I84392919
A5075880303,I4210113369
A5018828723,I149594827
A5100435251,I183067930
A5100681023,I149594827
A5100778479,I4800084
A5033118514,I4210151987
A5033118514,I76130692
A5100734635,I4210151987
A5100734635,I76130692
A5101783051,I4210151987
A5101783051,I76130692
A5089445344,I4210151987
A5089445344,I76130692
A5100342968,I4210151987
A5100342968,I76130692
A5067219074,I183067930
A5034454494,I168719708
A5101840676,I183067930
A5101840676,I45928872
A5074924505,I45928872
A5022877637,I45928872
A5022877637,I76130692
A5100742036,I45928872
A5102899381,I183067930
A5024965898,I45928872
A5077231313,I99065089
A5100452334,I1290206253
A5052284218,I1290206253
A5041659067,I1290206253
A5044791875,I108192572
A5029041038,I99065089
A5077651830,I99065089
A5040580297,I99065089
A5071359258,I99065089
A5102960841,I82880672
A5053647594,I184597095
A5057905491,I19820366
A5057905491,I4210165339
A5050527785,I82880672
A5047511618,I99065089
A5100668035,I99065089
A5003434396,I99065089
A5018357954,I170215575
A5045825296,I2250653659
A5101439558,I2250653659
A5081796777,I4210116052
A5101433884,I4210116052
A5100704678,I183067930
A5023184215,I125839683
A5023184215,I4210116052
A5082634513,I4210116052
A5038550641,I118347636
A5057315354,I102345215
A5077083047,I102345215
A5110452113,I76130692
A5031854562,I204250578
A5045954034,I4210156165
A5025580977,I4210140476
A5090870414,I183067930
A5090870414,I2802608112
A5090870414,I4210135742
A5062683178,I183067930
A5062683178,I2802608112
A5062683178,I4210135742
A5026015949,I2250653659
A5100721789,I2250653659
A5044043737,I2250653659
A5084618257,I204250578
A5005905514,I19820366
A5005905514,I4210137199
A5005905514,I4210165038
A5046600276,I19820366
A5046600276,I4210137199
A5046600276,I4210165038
A5027079185,I19820366
A5027079185,I4210137199
A5027079185,I4210165038
A5100614962,I19820366
A5100614962,I4210090176
A5002110023,I19820366
A5002110023,I4210137199
A5002110023,I4210165038
A5089564180,I4210166112
A5102956549,I19820366
A5102956549,I4210137199
A5102956549,I4210165038
A5055032051,I19820366
A5055032051,I4210137199
A5055032051,I4210165038
A5100728476,I19820366
A5100728476,I4210137199
A5100728476,I4210165038
A5083406305,I102335020
A5084538309,I102335020
A5100416961,I191208505
A5112365916,I19820366
A5112365916,I4210137199
A5112365916,I4210165038
A5019734741,I170215575
A5100359488,I170215575
A5102837714,I170215575
A5064605829,I183067930
A5027874662,I170215575
A5002694599,I170215575
A5053263933,I129604602
A5100614820,I129604602
A5051392768,I129604602
A5082979981,I129604602
A5082979981,I2799732068
A5111982126,I129604602
A5111982126,I183067930
A5107904995,I99065089
A5100332661,I99065089
A5048806635,I196431481
A5048806635,I99065089
A5018409592,I29894533
A5049051036,I881766915
A5068739772,I4210117337
A5091779273,I36515993
A5101678402,I99065089
A5100620225,I4210156066
A5100620225,I99065089
A5100398395,I4210156066
A5100398395,I99065089
A5058537401,I154130895
A5102011770,I82880672
A5101417955,I20231570
A5101456488,I4210128910
A5056289980,I2250653659
A5010990212,I181369854
A5073918042,I181369854
A5101619735,I181369854
A5017262410,I177725633
A5032708386,I177725633
A5065374358,I4210145292
A5086292677,I37461747
A5030592784,I37461747
A5056608507,I19820366
A5056608507,I4210145761
A5014870613,I4210138808
A5027395143,I4210138808
A5068813606,I4210138808
A5100418433,I47508984
A5059823739,I47508984
A5006461848,I47508984
A5056235786,I183067930
A5011662977,I24943067
A5045347918,I24943067
A5080786473,I1326498283
A5080786473,I47508984
A5070013751,I1326498283
A5070013751,I201841394
A5101485471,I204983213
A5049558861,I204983213
A5084926128,I9360294
A5002368368,I9360294
A5060301654,I9360294
A5028752528,I83019370
A5008103968,I83019370
A5009527958,I183935753
A5090022998,I4210138551
A5088137293,I223822909
A5088137293,I2802164966
A5062785784,I24943067
A5100423182,I24943067
A5028217553,I2800006345
A5028217553,I37461747
A5030861174,I170486558
A5077843387,I170486558
A5050968498,I183935753
A5085599943,I183935753
A5023771081,I1336277565
A5023771081,I154130895
A5023771081,I39854758
A5100668306,I24943067
A5054311881,I154099455
A5054311881,I50760025
A5047117183,I50760025
A5103030388,I99065089
A5100602494,I99065089
A5033435747,I4210151935
A5033435747,I76130692
A5102274310,I4210151935
A5083572093,I75867142
A5100627859,I4210151935
A5100606500,I4210151935
A5112483271,I76130692
A5114048384,I76130692
A5006736234,I183067930
A5101712306,I183067930
A5072774939,I51556381
A5100632220,I183067930
A5031098811,I99065089
A5101974614,I99065089
A5009017779,I1318643470
A5009017779,I4210118728
A5009017779,I47720641
A5079061314,I99065089
A5056167963,I99065089
A5100327354,I1318643470
A5100327354,I4210118728
A5100327354,I47720641
A5047545398,I99065089
A5027041701,I1318643470
A5027041701,I4210118728
A5027041701,I47720641
A5101651545,I1318643470
A5101651545,I4210118728
A5101651545,I4210129222
A5101651545,I4210161227
A5101651545,I4210163933
A5101651545,I47720641
A5103239823,I99065089
A5004328980,I183067930
A5100620216,I183067930
A5044818286,I76569877
A5039289964,I130701444
A5109280540,I87445476
A5100712470,I98301712
A5081254155,I98301712
A5100770663,I98301712
A5102530689,I79576946
A5100750868,I99065089
A5100396339,I98301712
A5021438219,I98301712
A5021332177,I181233156
A5021332177,I98301712
A5074032555,I24943067
A5084959430,I4210108985
A5014436524,I166337079
A5100755181,I24943067
A5108624087,I75917431
A5100741279,I75917431
A5100664416,I99065089
A5026167547,I24943067
A5100686112,I24943067
A5100427158,I24943067
A5064149604,I111599522
A5049469328,I111599522
A5087450445,I111599522
A5028209738,I28290843
A5108393212,I40120149
A5108393212,I4210165038
A5016399094,I183067930
A5016399094,I20231570
A5016399094,I4210099312
A5028597017,I4210165038
A5101926293,I4210156423
A5100752649,I99065089
A5100460385,I4210156423
A5101907160,I99065089
A5100620306,I4210156423
A5052453289,I99065089
A5101839087,I98301712
A5109879581,I99065089
A5100658181,I204983213
A5068027800,I2250653659
A5100740564,I204983213
A5100418319,I1291425158
A5101707696,I2802573037
A5101707696,I5740404
A5011506864,I2802573037
A5011506864,I5740404
A5100648787,I99065089
A5090763809,I2802573037
A5090763809,I5740404
A5025910593,I2802573037
A5025910593,I5740404
A5079066710,I183067930
A5079066710,I2801556517
A5079066710,I4210165726
A5058194829,I74973139
A5056335002,I63966007
A5040440605,I183067930
A5040440605,I2801556517
A5040440605,I4210165726
A5065953780,I24185976
A5010224302,I181369854
A5010224302,I4210088053
A5101465265,I180726961
A5101465265,I19820366
A5101465265,I3131625388
A5024401909,I138801177
A5067743298,I181369854
A5067743298,I4210088053
A5081639692,I24185976
A5004289873,I24185976
A5004289873,I4210089761
A5100350625,I19820366
A5100350625,I24185976
A5100350625,I4210165038
A5100350625,I76130692
A5068141067,I4210100255
A5068141067,I99065089
A5100680695,I4210100255
A5100680695,I99065089
A5065063835,I4210100255
A5112496743,I76130692
A5062979221,I114017466
A5025349049,I99065089
A5092208818,I99065089
A5110053681,I99065089
A5067760016,I99065089
A5101687728,I99065089
A5100326762,I99065089
A5103138440,I99065089
A5059230683,I99065089
A5044857350,I99065089
A5100445061,I99065089
A5090964459,I2802939634
A5086878236,I200296433
A5005508763,I200296433
A5005508763,I2801228662
A5001048312,I2802939634
A5102879451,I2802939634
A5036900554,I2802939634
A5108272513,I2802939634
A5090771026,I2802939634
A5101878679,I2802939634
A5100624798,I2802939634
A5101966201,I2802939634
A5112787835,I2802939634
A5038628158,I183519381
A5038628158,I4210154593
A5100462147,I20231570
A5070905937,I99065089
A5102023068,I4210126298
A5102023068,I4210153043
A5027594257,I2802939634
A5101230845,I39422238
A5100339927,I39422238
A5007723627,I39422238
A5100634431,I2250653659
A5100431792,I2250653659
A5100378792,I200769079
A5017846156,I1174212
A5079044416,I1174212
A5100351175,I1174212
A5032710276,I133738476
A5061760255,I133738476
A5023828194,I133738476
A5044853564,I63966007
A5047412687,I133738476
A5115602803,I133738476
A5100452292,I133738476
A5011972125,I66867065
A5091609101,I63966007
A5071120446,I1287521167
A5034189303,I106165777
A5040744605,I63966007
A5111985787,I63966007
A5012003018,I133738476
A5101555948,I76130692
A5051512158,I114017466
A5007571956,I76130692
A5071068569,I76130692
A5079985761,I183067930
A5045441566,I183067930
A5030433279,I183067930
A5030433279,I38877650
A5100455016,I169689159
A5100455016,I38877650
A5101816319,I76130692
A5020006712,I165932596
A5060505685,I76130692
A5100379832,I76130692
A5016415049,I165932596
A5100379826,I76130692
A5100335043,I66867065
A5037340457,I78577930
A5101488529,I99065089
A5078109015,I177725633
A5102011846,I99065089
A5052856441,I177725633
A5052856441,I2250653659
A5072267482,I4210160344
A5072267482,I47720641
A5072267482,I91935597
A5101918099,I4210119942
A5101918099,I4210160344
A5101918099,I91935597
A5058252399,I12393601
A5058252399,I4210097726
A5058252399,I4210160344
A5058252399,I91935597
A5039356090,I4210160344
A5039356090,I47720641
A5039356090,I91935597
A5031078304,I4210087349
A5031078304,I4210160344
A5031078304,I91935597
A5064307000,I4210160344
A5064307000,I47720641
A5064307000,I91935597
A5101948485,I4210160344
A5101948485,I47720641
A5101948485,I91935597
A5100733924,I4210160344
A5100733924,I47720641
A5100733924,I91935597
A5076557284,I4210160344
A5076557284,I47720641
A5076557284,I91935597
A5034913846,I4210140440
A5034913846,I4210160344
A5034913846,I47720641
A5034913846,I91935597
A5100621605,I63966007
A5100411376,I98301712
A5100411376,I99065089
A5087351521,I98301712
A5100692616,I98301712
A5082404485,I4210110664
A5110109385,I10535382
A5079232252,I183067930
A5029551946,I47500952
A5077143737,I99065089
A5035602823,I99065089
A5103166069,I99065089
A5108030232,I4210098366
A5072890368,I4210098366
A5040170630,I116953780
A5040170630,I99065089
A5100404816,I99065089
A5011509629,I99065089
A5022881493,I183067930
A5014362734,I183067930
A5100410095,I183067930
A5104320303,I183067930
A5100447806,I183067930
A5100393506,I4210159102
A5025474414,I183067930
A5025474414,I4210118047
A5078397516,I21193070
A5078397516,I4210118047
A5069526242,I4210145761
A5069526242,I58200834
A5075561442,I63190737
A5075561442,I99065089
A5100450115,I4210151987
A5100450115,I76130692
A5100702153,I4210151987
A5100702153,I76130692
A5104004071,I4210151987
A5104004071,I76130692
A5101423496,I4210151987
A5101423496,I76130692
A5100451640,I1284762954
A5100451640,I4210151987
A5100451640,I76130692
A5050817770,I50760025
A5101652488,I50760025
A5074103823,I114017466
A5074103823,I4210096034
A5100445660,I82880672
A5045088468,I1290206253
A5045088468,I99065089
A5035882295,I1290206253
A5035882295,I99065089
A5062439923,I1290206253
A5062439923,I99065089
A5087371112,I76130692
A5087298985,I1290206253
A5087298985,I4210113369
A5102222869,I76130692
A5109059171,I76130692
A5100406718,I111979921
A5100406718,I183067930
A5083092802,I111979921
A5040705509,I111979921
A5100364709,I183067930
A5085346031,I183067930
A5100344439,I111979921
A5100391502,I170897317
A5100778479,I4210164937
A5100694032,I99065089
A5100402538,I99065089
A5100681023,I4210164937
A5048045064,I4391768272
A5048045064,I9086337
A5048045064,I99065089
A5015950149,I4391768272
A5015950149,I99065089
A5061618234,I4391768272
A5061618234,I99065089
A5055163989,I4391768272
A5055163989,I99065089
A5004422633,I4391768272
A5004422633,I9086337
A5004422633,I99065089
A5102725638,I4391768272
A5102725638,I99065089
A5100722187,I4391768272
A5100722187,I99065089
A5112571738,I4391768272
A5112571738,I9086337
A5112571738,I99065089
A5113541640,I99065089
A5100647065,I99065089
A5100395440,I99065089
A5101593662,I4210113369
A5102798361,I4210113369
A5102798361,I87445476
A5100350165,I99065089
A5100459168,I4210113369
A5101976576,I4210113369
A5065001783,I99065089
A5027286013,I16609230
A5031557839,I191208505
A5031557839,I75867142
A5021219842,I4210160384
A5021219842,I66867065
A5101576483,I143593769
A5071401771,I143593769
A5076504705,I1316902750
A5076504705,I179525631
A5076504705,I36373038
A5029470846,I1316902750
A5029470846,I179525631
A5029470846,I36373038
A5046596147,I1316902750
A5046596147,I161716053
A5046596147,I179525631
A5046596147,I36373038
A5010636074,I161716053
A5100383612,I52357470
A5044468051,I1316902750
A5044468051,I179525631
A5044468051,I36373038
A5025357844,I114662689
A5025357844,I138066346
A5025357844,I16391192
A5025357844,I4210130649
A5025357844,I4210140884
A5025357844,I4396570585
A5038322204,I1316902750
A5038322204,I179525631
A5038322204,I36373038
A5038322204,I4210153792
A5038322204,I58956616
A5028396638,I1283280774
A5028396638,I136199984
A5021122269,I1316902750
A5021122269,I179525631
A5021122269,I36373038
A5021122269,I4210153792
A5021122269,I58956616
A5109409333,I168879160
A5109409333,I76130692
A5081036622,I79891267
A5006669765,I168879160
A5006669765,I76130692
A5100356803,I168879160
A5100356803,I76130692
A5085708669,I168879160
A5085708669,I76130692
A5100323037,I116953780
A5100323037,I16609230
A5100323037,I62916508
A5101631497,I116953780
A5100438001,I116953780
A5100450024,I126520041
A5044294557,I116953780
A5013630392,I62916508
A5101542024,I183067930
A5063781430,I62916508
A5100341993,I183067930
A5036369578,I183067930
A5101667381,I183067930
A5043098653,I183067930
A5056335002,I183067930
A5101324132,I183067930
A5056881797,I183067930
A5100390092,I143593769
A5100819880,I181326427
A5101748265,I66867065
A5100699095,I99065089
A5101410989,I4210147369
A5075005282,I4210095624
A5075245264,I4210123185
A5075245264,I45928872
A5083405314,I4210166576
A5078508839,I21250087
A5078508839,I4210162037
A5007414392,I183067930
A5007414392,I2801518579
A5052588272,I4210093194
A5064400428,I4210147369
A5091436776,I136199984
A5072435024,I4210147369
A5014951606,I4210123185
A5014951606,I45928872
A5107306837,I4210123185
A5107306837,I45928872
A5100410148,I4210123185
A5100410148,I45928872
A5062168471,I4210123185
A5062168471,I45928872
A5009043671,I91656880
A5024193967,I21250087
A5024193967,I4210162037
A5076719276,I21250087
A5076719276,I4210162037
A5101898849,I4210093194
A5066365496,I4210153930
A5112227828,I4210153930
A5100755237,I157773358
A5100755237,I4210146711
A5045641777,I157773358
A5045641777,I4210146711
A5100451812,I157773358
A5100451812,I4210146711
A5025298001,I2802573037
A5041383246,I145311948
A5086706224,I145311948
A5045227579,I4210095624
A5002125792,I4210147369
A5002125792,I4210161402
A5100328458,I91656880
A5101429850,I4210166576
A5115590360,I4210166576
A5038765418,I4210086143
A5038765418,I4210095624
A5047591121,I116953780
A5047591121,I4210147369
A5040877128,I99065089
A5100742122,I200769079
A5005421447,I4210096034
A5081911954,I200769079
A5103099928,I74973139
A5015001757,I76130692
A5043025337,I76130692
A5040636728,I76130692
A5102724834,I76130692
A5074707604,I24943067
A5100423182,I133868755
A5026449840,I133868755
A5026449840,I24943067
A5049706279,I24943067
A5100694034,I24943067
A5071429662,I76130692
A5100627570,I76130692
A5109578935,I76130692
A5031390008,I76130692
A5031390008,I94624287
A5014321482,I94624287
A5100614065,I183067930
A5002494284,I183067930
A5046805800,I126520041
A5100393506,I45438204
A5070617771,I4210113369
A5076872319,I168879160
A5101763630,I168879160
A5065496543,I168879160
A5106403416,I76130692
A5101702810,I201448701
A5051826701,I20231570
A5051826701,I4210164937
A5100460139,I183067930
A5100460139,I20231570
A5100411532,I87445476
A5083813855,I21193070
A5033750817,I19820366
A5033750817,I4210094879
A5062424202,I130238516
A5113600509,I87445476
A5004379956,I87445476
A5032844333,I87445476
A5101650854,I183067930
A5100391361,I183067930
A5060197545,I183067930
A5060197545,I4210100255
A5060197545,I4391012619
A5060197545,I82880672
A5100444188,I24943067
A5101205273,I82880672
A5109374719,I183067930
A5109374719,I4210100255
A5109374719,I4391012619
A5075102795,I4210135175
A5075102795,I82880672
A5044751571,I82880672
A5002164849,I183067930
A5002164849,I183519381
A5002164849,I2801556517
A5002164849,I4210100255
A5002164849,I4210112448
A5002164849,I4391012619
A5020100372,I20231570
A5041246275,I20231570
A5064029351,I99065089
A5074655314,I20231570
A5100362465,I20231570
A5000699866,I20231570
A5003400275,I20231570
A5101425421,I20231570
A5100326965,I45928872
A5102972973,I99065089
A5102025315,I45928872
A5102025157,I99065089
A5076476133,I99065089
A5039727796,I99065089
A5102841171,I24943067
A5000141628,I24943067
A5100462338,I177725633
A5042268476,I183067930
A5082940158,I177725633
A5074010026,I74973139
A5049316918,I177725633
A5107772128,I183067930
A5040338788,I177725633
A5100707660,I889458895
A5084784341,I19820366
A5084784341,I4210136793
A5084784341,I4210156404
A5079657274,I99065089
A5068837264,I19820366
A5068837264,I4210136793
A5068837264,I4210156404
A5076117344,I106165777
A5007263180,I115592961
A5070288761,I115592961
A5017180879,I115592961
A5017180879,I76130692
A5045648457,I183067930
A5100748135,I4210145761
A5101435334,I114027177
A5006302877,I114027177
A5000937401,I197347611
A5101887641,I76130692
A5100405185,I76130692
A5077446544,I39470171
A5069080329,I99065089
A5014958566,I99065089
A5089555942,I99065089
A5100341750,I99065089
A5059956497,I137867983
A5019542310,I157725225
A5019542310,I165932596
A5019542310,I183067930
A5100381753,I165932596
A5011253128,I78577930
A5062841020,I157725225
A5062841020,I4210113369
A5100337209,I47720641
A5080122431,I82497590
A5101877971,I99065089
A5008647105,I99065089
A5101593662,I99065089
A5103009752,I200769079
A5103009752,I4210113369
A5025114648,I4210113369
A5090973869,I4210113369
A5067994505,I99065089
A5100329735,I168719708
A5100329735,I54459138
A5100329735,I92403157
A5110042075,I99065089
A5101819284,I191208505
A5084753767,I99065089
A5101566829,I99065089
A5016080094,I191208505
A5028459386,I99065089
A5101491459,I99065089
A5010833451,I99065089
A5100346454,I108468826
A5101618534,I139759216
A5008668773,I99065089
A5021385278,I99065089
A5100900087,I99065089
A5070328223,I99065089
A5043630267,I116953780
A5101959185,I1290206253
A5037419606,I1290206253
A5037419606,I4210164937
A5100764495,I99065089
A5043873168,I99065089
A5083607419,I102149020
A5100447205,I99065089
A5100621138,I24943067
A5100621138,I881766915
A5060673071,I881766915
A5100320372,I4210119757
A5100320372,I4210162045
A5100320372,I76130692
A5100411469,I99065089
A5080121059,I14243506
A5024364300,I14243506
A5101740194,I76130692
A5055500444,I76130692
A5102789626,I156144747
A5102789626,I4210122309
A5102789626,I4210135985
A5069052553,I156144747
A5069052553,I4210122309
A5069052553,I4210135985
A5079209153,I156144747
A5100992718,I4210135985
A5103010017,I183067930
A5103010017,I2801518579
A5035942249,I156144747
A5035942249,I4210135985
A5112985153,I99065089
A5074566006,I4210113369
A5012287052,I99065089
A5101456786,I4210113369
A5033418193,I165932596
A5100448620,I165932596
A5100389286,I76130692
A5024892041,I165932596
A5046184004,I165932596
A5065090299,I139660479
A5031269444,I141568987
A5066240587,I170215575
A5115591364,I139660479
A5115591364,I4210159865
A5029317075,I139660479
A5100611600,I76130692
A5112111434,I139660479
A5082807643,I139660479
A5106746626,I139660479
A5054335730,I170215575
A5112127369,I141568987
A5103149594,I170215575
A5083809384,I139660479
A5008847016,I57206974
A5008847016,I76130692
A5019045358,I4210086933
A5019045358,I4210127408
A5019045358,I78577930
A5100438469,I20231570
A5100438469,I4210115644
A5100438469,I4210160507
A5100438469,I57206974
A5049073273,I258800397
A5049073273,I57206974
A5033417964,I4210086768
A5033417964,I57206974
A5100413882,I139759216
A5100462815,I39422238
A5025213473,I161318765
A5061963412,I183067930
A5061963412,I4210147369
A5057666375,I183067930
A5057666375,I4210147369
A5016054994,I76130692
A5051324698,I4210119109
A5091494022,I4210119109
A5088095437,I1337826666
A5017236112,I180670191
A5003257949,I1337826666
A5081885843,I185103710
A5081885843,I92446798
A5009087038,I92446798
A5103564288,I921990950
A5067214173,I42894916
A5067214173,I921990950
A5005013902,I92446798
A5004812994,I95457486
A5004812994,I98704320
A5061281385,I19620478
A5061281385,I95457486
A5029768722,I95457486
A5044075177,I1303153112
A5044075177,I87048295
A5044075177,I95457486
A5045117723,I95457486
A5000882827,I9360294
A5053410790,I9360294
A5100401128,I76835614
A5044354277,I76835614
A5015356302,I36234482
A5064008781,I36234482
A5110295182,I133731052
A5110295182,I4210122519
A5030987435,I133731052
A5030987435,I4210122519
A5063152758,I133731052
A5063152758,I4210122519
A5064498279,I133731052
A5064498279,I4210122519
A5078956440,I45129253
A5087098726,I45129253
A5063296381,I45129253
A5068654082,I45129253
A5076801999,I1331500379
A5039299193,I1331500379
A5020270902,I1331500379
A5031301033,I1331500379
A5041136744,I1331500379
A5052043994,I219193219
A5062293219,I219193219
A5076793372,I181547552
A5083076717,I181547552
A5069797911,I181547552
A5023680746,I181547552
A5066040388,I4210157240
A5066040388,I45129253
A5090395493,I184558857
A5000459620,I184558857
A5005567984,I184558857
A5030607460,I184558857
A5004159021,I62916508
A5002198133,I62916508
A5048703355,I62916508
A5037592641,I62916508
A5100736379,I62916508
A5060340943,I62916508
A5075084280,I62916508
A5016525277,I62916508
A5070946958,I62916508
A5051257421,I62916508
A5066717562,I62916508
A5020154626,I62916508
A5010467904,I62916508
A5085630486,I62916508
A5013985684,I62916508
A5055134806,I62916508
A5001740824,I62916508
A5090706824,I62916508
A5041667597,I62916508
A5049143500,I155660961
A5049143500,I183173800
A5105839982,I155660961
A5105839982,I183173800
A5091599935,I204722609
A5043310715,I204722609
A5043310715,I86501945
A5022216163,I4210109712
A5102778617,I4210109712
A5054810742,I4210089594
A5054810742,I47508984
A5023619547,I47508984
A5062768683,I4210123216
A5025364437,I4210123216
A5016424155,I4210123216
A5077223857,I3006985408
A5064609702,I3006985408
A5072943068,I4210123216
A5073342435,I12708293
A5073342435,I913481162
A5015936316,I913481162
A5015139042,I913481162
A5110411491,I24943067
A5088701980,I24943067
A5000053269,I24943067
A5076347170,I24943067
A5032127010,I138689650
A5042600667,I103225651
A5021297661,I138689650
A5077821068,I138689650
A5071924678,I138689650
A5069308334,I84392919
A5082498217,I84392919
A5043824291,I84392919
A5059847153,I84392919
A5069843378,I114457229
A5069843378,I12708293
A5085924022,I197251160
A5020002876,I180670191
A5046334676,I95457486
A5081250379,I4210157240
A5081250379,I45129253
A5064905883,I62916508
A5091092106,I66867065
A5036179952,I66867065
A5003103553,I181326427
A5014545352,I66867065
A5005253316,I66867065
A5102984921,I66867065
A5043098453,I4210153682
A5101919635,I4210153682
A5101919635,I99065089
A5100320723,I4210159340
A5091587552,I4210153682
A5046448314,I4210153682
A5046448314,I4210159340
A5101988542,I183067930
A5100687864,I183067930
A5101863243,I115592961
A5008204088,I183067930
A5071842436,I66867065
A5049789262,I177969490
A5090705501,I66867065
A5044093768,I66867065
A5061759963,I159948400
A5061759963,I34949971
A5054648434,I32574673
A5054648434,I99065089
A5060301743,I183067930
A5108771873,I183067930
A5102976555,I183067930
A5103006859,I4210139317
A5065161029,I4210139317
A5058346558,I4210139317
A5032947544,I4210139317
A5109277250,I4210139317
A5100786007,I200769079
A5100396813,I200769079
A5115076783,I99065089
A5021357065,I200769079
A5083055362,I189210763
A5083055362,I24943067
A5020370754,I24943067
A5100452891,I66867065
A5107972187,I1304557061
A5107972187,I1320320070
A5048591018,I66867065
A5100746908,I24943067
A5114931512,I18014758
A5089931216,I24943067
A5101511862,I24943067
A5000624568,I111088046
A5000624568,I136199984
A5000624568,I4210117453
A5100616624,I136199984
A5100616624,I4210117453
A5023450438,I136199984
A5023450438,I4210117453
A5064631487,I122411786
A5018376106,I136199984
A5018376106,I4210117453
A5085011918,I99065089
A5025790314,I136199984
A5025790314,I4210117453
A5102784755,I136199984
A5102784755,I4210117453
A5103075873,I136199984
A5103075873,I4210117453
A5002000126,I136199984
A5002000126,I4210117453
A5005679393,I122411786
A5061996201,I122411786
A5038587862,I4210117453
A5038587862,I4210157861
A5038587862,I98704320
A5100407681,I4210123679
A5100407681,I4210160211
A5100407681,I76130692
A5011434518,I4210123679
A5011434518,I4210160211
A5011434518,I76130692
A5037785133,I111950717
A5037785133,I4210135053
A5101489737,I4210123679
A5101489737,I4210160211
A5101489737,I76130692
A5061654403,I4210144214
A5061654403,I4210148697
A5035944985,I3923682
A5042084472,I3923682
A5028525523,I4210123679
A5050394116,I157536573
A5050394116,I97565354
A5026507016,I2801952686
A5089374942,I157536573
A5090070303,I4392738196
A5090070303,I88155538
A5088460001,I4210159854
A5022214509,I4210159854
A5066720063,I4210159854
A5048557014,I72816309
A5038423276,I72816309
A5017717870,I17937529
A5017717870,I223822909
A5017717870,I71030271
A5105166471,I17937529
A5105166471,I223822909
A5105166471,I71030271
A5078646809,I4210159854
A5100426911,I32971472
A5046673670,I32971472
A5005621524,I32971472
A5008781594,I76130692
A5003328943,I86987016
A5059936184,I86987016
A5081185233,I97018004
A5081185233,I99484792
A5041759383,I4210133778
A5033807512,I4210133778
A5108035719,I80043
A5068316606,I157536573
A5065193513,I157536573
A5054940135,I121797337
A5054036375,I121797337
A5091052284,I121797337
A5030289437,I151221077
A5011723282,I151221077
A5051564773,I4392738196
A5051564773,I88155538
A5003562216,I157536573
A5023548565,I2801952686
A5100681023,I4210113369
A5026553094,I76130692
A5007626411,I16733864
A5040139742,I157725225
A5040139742,I99065089
A5040801189,I99065089
A5068072367,I99065089
A5102270738,I99065089
A5100612100,I99065089
A5016375802,I99065089
A5061177999,I157725225
A5101686164,I24185976
A5101686164,I99065089
A5009826239,I99065089
A5041312244,I1304557061
A5041312244,I1320320070
A5007166385,I1304557061
A5007166385,I1320320070
A5101637130,I1304557061
A5101637130,I1320320070
A5100742819,I1304557061
A5100742819,I1320320070
A5048655816,I1304557061
A5048655816,I1320320070
A5018882292,I1304557061
A5018882292,I1320320070
A5109700398,I1304557061
A5109700398,I1320320070
A5102982187,I1304557061
A5102982187,I1320320070
A5100703998,I1302368450
A5100703998,I1304557061
A5100703998,I1309191912
A5100703998,I1320320070
A5100454012,I1304557061
A5100454012,I1320320070
A5100459811,I1304557061
A5100459811,I1320320070
A5043949763,I1304557061
A5043949763,I1320320070
A5079305919,I1304557061
A5079305919,I1320320070
A5039203018,I1304557061
A5039203018,I1320320070
A5102084645,I1304557061
A5102084645,I1320320070
A5100402892,I1304557061
A5100402892,I1320320070
A5068886380,I1304557061
A5068886380,I1320320070
A5033262856,I1320320070
A5033262856,I1335686170
A5100686048,I1320320070
A5100686048,I1335686170
A5067893440,I1320320070
A5067893440,I1335686170
A5056394743,I1320320070
A5056394743,I1335686170
A5025068569,I1320320070
A5025068569,I1335686170
A5026010147,I1320320070
A5026010147,I1335686170
A5057332758,I1320320070
A5057332758,I1335686170
A5050029701,I1320320070
A5050029701,I1335686170
A5100685403,I1320320070
A5100685403,I1335686170
A5051215826,I1320320070
A5051215826,I1335686170
A5073935605,I1320320070
A5073935605,I1335686170
A5064995841,I4210099679
A5054811851,I4210099679
A5047846741,I142608572
A5047846741,I205783295
A5023243308,I100681346
A5023243308,I47251452
A5110507775,I61822063
A5103228349,I61822063
A5103179938,I61822063
A5045102506,I61822063
A5143126910,I61822063
A5024782080,I61822063
A5111899582,I122754148
A5101847187,I122754148
A5101847187,I97018004
A5086234334,I122754148
A5049431953,I122754148
A5090010896,I122754148
A5046671932,I122754148
A5110037362,I122754148
A5111713789,I122754148
A5076838888,I1320320070
A5076838888,I1333606569
A5112611138,I1320320070
A5112611138,I1333606569
A5036673955,I1320320070
A5036673955,I1333606569
A5100764596,I1320320070
A5100764596,I1333606569
A5100764596,I4210088367
A5100425448,I1320320070
A5100425448,I1333606569
A5021113979,I1343551460
A5027806317,I79620101
A5000879635,I79620101
A5101936145,I79620101
A5061265036,I180923762
A5061831442,I180923762
A5046328006,I180923762
A5084357587,I180923762
A5036400318,I4210093870
A5076450281,I1299303238
A5076450281,I4210095140
A5034242407,I1299303238
A5034242407,I4210095140
A5111859630,I1299303238
A5111859630,I4210095140
A5006229200,I1299303238
A5006229200,I4210095140
A5075682354,I111979921
A5044867776,I111979921
A5072609433,I2277624104
A5090829168,I2277624104
A5005492417,I2277624104
A5015603009,I2277624104
A5044721646,I177156846
A5001646142,I133738476
A5089994078,I133738476
A5001315712,I1343551460
A5030096887,I130701444
A5030096887,I150468666
A5022550153,I130701444
A5022550153,I150468666
A5113673988,I130701444
A5113673988,I150468666
A5074230084,I130701444
A5074230084,I150468666
A5103552975,I130701444
A5103552975,I150468666
A5100342753,I1320320070
A5100342753,I1333606569
A5100342753,I4210088367
A5077552075,I4210088367
A5100746977,I4210088367
A5109201579,I4210088367
A5057450854,I17937529
A5057450854,I223822909
A5053656440,I17937529
A5053656440,I223822909
A5044191947,I17937529
A5044191947,I223822909
A5018385122,I17937529
A5018385122,I223822909
A5019466501,I90267481
A5001681126,I90267481
A5069518751,I4210114143
A5069518751,I99065089
A5101550498,I4210114143
A5101550498,I99065089
A5109387546,I4210137931
A5078722669,I12708293
A5057025096,I12708293
A5042435594,I44854399
A5041938256,I3019813218
A5041938256,I4210130147
A5055975259,I1302368450
A5055975259,I1309191912
A5112232087,I99065089
A5101577441,I99065089
A5109131793,I99065089
A5103007159,I99065089
A5100460071,I99065089
A5101919018,I4210143942
A5075352865,I99065089
A5101626172,I99065089
A5101580521,I4210114115
A5010130426,I204983213
A5101912623,I3131625388
A5101912623,I99065089
A5077845043,I4210161554
A5086434607,I21945476
A5086434607,I4210161554
A5086434607,I66867065
A5100733895,I1293226324
A5100733895,I4210161554
A5100455958,I99065089
A5082458788,I150229711
A5100385993,I150229711
A5100410890,I4210162215
A5031785449,I150229711
A5054496976,I150229711
A5071272571,I150229711
A5083917550,I150229711
A5025474158,I150229711
A5060158251,I889458895
A5063492117,I4210151935
A5091573094,I37461747
A5091573094,I4210118728
A5047033055,I19820366
A5047033055,I4210137199
A5024868681,I43313876
A5012286535,I183067930
A5066834799,I150229711
A5080246113,I150229711
A5083868707,I12615008
A5083868707,I159948400
A5040423326,I12615008
A5040423326,I159948400
A5100416390,I150807315
A5070357433,I92403157
A5001756165,I99065089
A5057732142,I99065089
A5035519525,I99065089
A5028464154,I99065089
A5018164370,I117965899
A5018164370,I1331384533
A5018164370,I4390039246
A5057578539,I117965899
A5057578539,I1331384533
A5057578539,I4390039246
A5036071031,I117965899
A5036071031,I1331384533
A5036071031,I4210096056
A5036071031,I4390039246
A5041939201,I117965899
A5041939201,I1331384533
A5041939201,I4390039246
A5101987223,I183067930
A5101987223,I4210144482
A5055572946,I117965899
A5055572946,I1331384533
A5055572946,I4210093646
A5055572946,I4390039246
A5102862727,I19820366
A5102862727,I4210128053
A5002997318,I99065089
A5009116003,I19820366
A5009116003,I4210128053
A5060262250,I135310074
A5072670483,I1292875679
A5015993565,I129604602
A5100371774,I154099455
A5100371774,I19820366
A5100371774,I4210090176
A5100371774,I4210095018
A5100371774,I99065089
A5054311881,I99065089
A5037657152,I154099455
A5037657152,I19820366
A5037657152,I4210089348
A5037657152,I4210090176
A5037657152,I4210095018
A5037657152,I4210154338
A5037657152,I99065089
A5100437220,I154099455
A5100437220,I19820366
A5100437220,I4210089348
A5100437220,I4210090176
A5100437220,I4210095018
A5100437220,I4210154338
A5100437220,I99065089
A5103354467,I154099455
A5103354467,I19820366
A5103354467,I4210090176
A5103354467,I4210095018
A5103354467,I99065089
A5101847664,I154099455
A5101847664,I19820366
A5101847664,I4210090176
A5101847664,I4210095018
A5101847664,I4210131745
A5101847664,I99065089
A5046305086,I154099455
A5046305086,I4210095018
A5046305086,I99065089
A5027448460,I29955533
A5027448460,I99065089
A5100414241,I205237279
A5100414241,I29955533
A5100414241,I99065089
A5054623682,I185261750
A5046419834,I29955533
A5027755253,I205237279
A5027755253,I29955533
A5027755253,I99065089
A5101732741,I29955533
A5101732741,I99065089
A5109845737,I183067930
A5028846979,I183067930
A5100636286,I200769079
A5110883071,I859038795
A5016928764,I1290206253
A5016928764,I4210113369
A5088372348,I1290206253
A5088372348,I4210113369
A5052900302,I168879160
A5052900302,I4210123185
A5052900302,I76130692
A5100611600,I4210123185
A5008663435,I2250653659
A5002763479,I4210145761
A5064163623,I2250653659
A5100407681,I4210123185
A5066323913,I4210123185
A5066323913,I76130692
A5101674460,I168879160
A5101674460,I55712492
A5001517167,I99065089
A5013287421,I168719708
A5013287421,I4210156197
A5013287421,I66946132
A5082943987,I76130692
A5082825861,I76130692
A5064020477,I4210134574
A5000223388,I87216513
A5075628720,I4401726805
A5035683291,I4401726805
A5101793600,I183067930
A5110647238,I4401726805
A5050010563,I99065089
A5111926322,I78577930
A5075614374,I161318765
A5111643862,I183067930
A5101402002,I881766915
A5100348803,I99065089
A5100455868,I153473198
A5020234559,I153473198
A5100665356,I153473198
A5100665356,I99065089
A5021855763,I153473198
A5021640070,I183067930
A5021640070,I4210092517
A5021640070,I4210135742
A5069902566,I2801349370
A5069902566,I31746571
A5075988337,I2801349370
A5023276519,I4210161402
A5088559151,I4210092517
A5078193310,I4210092517
A5112321281,I24943067
A5112321281,I4210092517
A5112321281,I4210106542
A5112321281,I4210114506
A5100451924,I183067930
A5100451924,I4210092517
A5100451924,I4210135742
A5114255235,I156087764
A5100704678,I156087764
A5100781025,I99065089
A5005072193,I99065089
A5100623819,I99065089
A5100347994,I99065089
A5100413319,I99065089
A5100668503,I4210128088
A5043239430,I4210128088
A5102017383,I99065089
A5100744707,I4210128088
A5101868311,I4210128088
A5100320723,I4210128088
A5100320723,I4210153682
A5046448314,I4210128088
A5040673285,I99065089
A5003222421,I99065089
A5101448143,I183067930
A5110110458,I125839683
A5110110458,I19820366
A5110110458,I4210090176
A5046396291,I183067930
A5044796317,I183067930
A5035296514,I183067930
A5023287725,I183067930
A5014326389,I183067930
A5101608751,I183067930
A5101906756,I183067930
A5100408358,I24943067
A5100408358,I40347166
A5049316851,I40347166
A5109376464,I40347166
A5100386756,I76130692
A5029129951,I40347166
A5100364769,I24943067
A5100343306,I40347166
A5064788948,I1118541
A5064788948,I4210143632
A5089681312,I1118541
A5089681312,I4210143632
A5043385269,I181679659
A5043385269,I19820366
A5043385269,I4210144289
A5043385269,I1118541
A5043385269,I4210143632
A5084869905,I1118541
A5084869905,I122411786
A5084869905,I4210143632
A5084869905,I4391012571
A5075836096,I1118541
A5075836096,I122411786
A5075836096,I19820366
A5075836096,I4210143632
A5075836096,I4210144289
A5075836096,I4391012571
A5079598171,I1118541
A5079598171,I181679659
A5079598171,I19820366
A5079598171,I4210143632
A5079598171,I4210144289
A5079598171,I4210122612
A5030724120,I1118541
A5030724120,I181679659
A5030724120,I4210143632
A5101430618,I181679659
A5101430618,I4210122612
A5009255272,I181679659
A5009255272,I99065089
A5000043923,I181679659
A5101695858,I99065089
A5061585298,I24943067
A5036987388,I150229711
A5101715620,I4210161496
A5110622785,I2250650973
A5110622785,I4210155230
A5100339586,I2250650973
A5100339586,I4210155230
A5057267422,I24943067
A5057267422,I4210109544
A5057267422,I4391767716
A5054292278,I80606768
A5035508615,I165368041
A5002427493,I24943067
A5034466750,I24943067
A5102998108,I183067930
A5081086453,I183067930
A5074022699,I190632392
A5033085089,I183067930
A5101416488,I183067930
A5073961162,I183067930
A5114374395,I37461747
A5100626955,I37461747
A5087539183,I37461747
A5087539183,I4210118728
A5079445353,I37461747
A5079445353,I4210118728
A5079445353,I99065089
A5074018705,I37461747
A5100395267,I37461747
A5100673818,I37461747
A5100673818,I4210118728
A5038996322,I183067930
A5038996322,I28407311
A5100437308,I24185976
A5077623520,I28407311
A5077882811,I99065089
A5100804855,I19820366
A5100804855,I4210090176
A5100630868,I99065089
A5057508424,I165932596
A5111664929,I165932596
A5101860993,I3005327000
A5063181504,I151746483
A5043286765,I881766915
A5050651525,I151746483
A5035157184,I183067930
A5066710499,I151746483
A5009814221,I151746483
A5100773343,I151746483
A5032626016,I27357992
A5001285878,I37461747
A5079553918,I99065089
A5068792201,I27357992
A5003257736,I27357992
A5030768561,I4210131271
A5030768561,I76130692
A5100379572,I4210131271
A5100379572,I76130692
A5101708632,I19820366
A5101708632,I4210125404
A5101868311,I4210100255
A5101868311,I99065089
A5046085212,I4210100255
A5046085212,I99065089
A5108129241,I2250653659
A5106671208,I4210100255
A5081141964,I4210100255
A5081141964,I99065089
A5100770464,I2250653659
A5100770464,I4210100255
A5100770464,I99065089
A5100437308,I4210163363
A5049451858,I185443292
A5049451858,I66867065
A5049451858,I98251732
A5055914117,I98251732
A5029379745,I98251732
A5052648220,I185443292
A5101840129,I66867065
A5010998239,I185443292
A5039611523,I3131625388
A5039611523,I99065089
A5100325058,I14243506
A5100384767,I66867065
A5100431792,I4210114115
A5018301052,I1291425158
A5018828723,I4210139765
A5026716125,I4210139765
A5100778479,I4210139765
A5013889855,I4210139765
A5013889855,I4800084
A5100681023,I183067930
A5100681023,I4210139765
A5100681023,I4800084
A5011662977,I183067930
A5011662977,I4210093028
A5074761737,I24943067
A5101850961,I95457486
A5101850961,I99065089
A5034086130,I95457486
A5102019638,I95457486
A5035158496,I55712492
A5024531860,I55712492
A5102529527,I55712492
A5051607982,I55712492
A5043914348,I76130692
A5001531117,I55712492
A5052842454,I183067930
A5113907549,I183067930
A5113907549,I4210128910
A5083638473,I183067930
A5071940538,I4210128910
A5052481491,I183067930
A5008666077,I183874917
A5100728762,I157725225
A5100728762,I76130692
A5101457342,I157725225
A5101457342,I76130692
A5010114060,I157725225
A5010114060,I76130692
A5100976259,I183067930
A5049695253,I183067930
A5037899479,I99065089
A5006190887,I99065089
A5100349006,I99065089
A5031753985,I99065089
A5085818578,I102322142
A5067617335,I168719708
A5067617335,I24943067
A5100507018,I168719708
A5100507018,I82880672
A5053122805,I168719708
A5043942510,I24943067
A5016284649,I4210096250
A5016284649,I99065089
A5019241553,I4210096250
A5010800424,I4210096250
A5100373517,I4210096250
A5049812527,I134446601
A5033222141,I99065089
A5100722237,I27804330
A5104009095,I99065089
A5101440100,I169572211
A5101440100,I4210141097
A5100442748,I204823248
A5100442748,I205783295
A5100442748,I4210141097
A5100665802,I169572211
A5100665802,I4210092224
A5100665802,I4210098061
A5100665802,I4210145580
A5100608923,I119454577
A5009588850,I183067930
A5061736056,I52158045
A5039469534,I169572211
A5073916751,I183067930
A5100324209,I4210092224
A5100324209,I4210098061
A5100324209,I4210145580
A5071000917,I157725225
A5071000917,I183874917
A5020150778,I205783295
A5020150778,I87424562
A5065237213,I169572211
A5065237213,I72951846
A5103196150,I21193070
A5101788327,I204831749
A5084214981,I183067930
A5103091593,I102322142
A5069226247,I21193070
A5102152660,I27357992
A5102841107,I99065089
A5100937323,I99065089
A5103733614,I4210113369
A5100681023,I1290206253
A5101672477,I99065089
A5066838116,I47720641
A5103733614,I1290206253
A5100458657,I32971472
A5079739109,I76130692
A5030309917,I32971472
A5078494006,I32971472
A5007566576,I32971472
A5080738591,I111236770
A5100438525,I114017466
A5100764176,I114017466
A5100764176,I99065089
A5067004420,I183067930
A5007958593,I183067930
A5108362264,I63135867
A5041454124,I183067930
A5041454124,I63135867
A5103643649,I63135867
A5100686648,I63135867
A5067994505,I4210130660
A5111530453,I4210130660
A5109927178,I99065089
A5100744865,I4210119254
A5100744865,I99065089
A5032337347,I63966007
A5040005245,I37796252
A5064093237,I12912129
A5072044890,I1288882113
A5072044890,I145311948
A5072044890,I4210087915
A5072044890,I4210150141
A5014407399,I1288882113
A5014407399,I136199984
A5014407399,I63966007
A5059763207,I99065089
A5100412598,I99065089
A5029182057,I4210119109
A5091494022,I32971472
A5001337593,I83328450
A5089475669,I4210099865
A5089475669,I861853513
A5057595671,I861853513
A5010719226,I92446798
A5067214173,I165779595
A5085027718,I57206974
A5008619338,I4210137115
A5008619338,I57206974
A5055576104,I57206974
A5052713652,I4210107338
A5052713652,I4210137115
A5052713652,I57206974
A5055203249,I4210107338
A5055203249,I57206974
A5065093590,I95457486
A5030390726,I95457486
A5044479288,I9360294
A5068295490,I9360294
A5085487073,I76835614
A5020922302,I76835614
A5084558956,I12708293
A5084558956,I35440088
A5062768683,I12708293
A5062768683,I35440088
A5050068380,I12708293
A5050068380,I45129253
A5050068380,I97565354
A5003981652,I1303153112
A5058939594,I155660961
A5000080545,I155660961
A5000080545,I183173800
A5086256360,I155660961
A5019929457,I155660961
A5018880619,I36234482
A5076884487,I36234482
A5023298209,I4210098366
A5119558606,I4210098366
A5009253078,I45129253
A5081197590,I35777872
A5046550109,I35777872
A5068424092,I219193219
A5045008246,I197251160
A5080111333,I197251160
A5053008766,I197251160
A5017743629,I1303153112
A5011711071,I45129253
A5077945810,I45129253
A5006221161,I1303153112
A5057948391,I1303153112
A5007344080,I45129253
A5004635493,I1303153112
A5029782864,I45129253
A5048821155,I1303153112
A5083831949,I1303153112
A5084767082,I1303153112
A5100334873,I1337826666
A5086156399,I39327780
A5086156399,I99464096
A5032606749,I39327780
A5032606749,I99464096
A5018411129,I100532134
A5018411129,I1294671590
A5018411129,I154526488
A5018411129,I4210105738
A5018411129,I4210125048
A5051471593,I4210157240
A5051471593,I45129253
A5113968067,I4210157240
A5113968067,I45129253
A5115591570,I4210157240
A5115591570,I45129253
A5029559361,I4210157240
A5029559361,I45129253
A5036351252,I4210157240
A5036351252,I45129253
A5014141585,I182204967
A5054520414,I161318765
A5090395493,I188760350
A5021003479,I2750212522
A5000040112,I141945490
A5012991069,I141945490
A5012991069,I4210133112
A5072245508,I4210119109
A5052162892,I62916508
A5108748492,I62916508
A5114259817,I62916508
A5051229050,I196679689
A5003394700,I11932220
A5003394700,I170486558
A5003394700,I4210137962
A5064295564,I170486558
A5064295564,I4210137962
A5025364437,I170486558
A5025364437,I4210137962
A5088701980,I4210159329
A5088701980,I4391768242
A5037656730,I24943067
A5037656730,I4210159329
A5037656730,I4391768242
A5110411491,I4210159329
A5110411491,I4391768242
A5101735746,I24943067
A5101735746,I4210159329
A5101735746,I4391768242
A5029176853,I138689650
A5087447838,I138689650
A5100437308,I183067930
A5027887810,I99065089
A5035293475,I82880672
A5100626442,I132369690
A5100626442,I4210112130
A5112658854,I197347611
A5067719787,I897542642
A5101550784,I132369690
A5101550784,I4210112130
A5044218586,I99065089
A5044427961,I139264467
A5014350442,I99065089
A5108718378,I130701444
A5003572809,I24943067
A5066475359,I24943067
A5100373492,I24943067
A5078711649,I149704539
A5001398914,I90610280
A5037737513,I90610280
A5100446347,I90610280
A5101493107,I90610280
A5108555426,I183067930
A5100777102,I106959904
A5100777102,I28022161
A5100777102,I929597975
A5076024045,I183067930
A5076024045,I4210098239
A5113500576,I183067930
A5113500576,I4210098239
A5000567846,I99065089
A5101570773,I99065089
A5100653787,I99065089
A5101814491,I889458895
A5109885554,I99065089
A5102980268,I889458895
A5005847882,I889458895
A5048432969,I99065089
A5078622343,I99065089
A5100681020,I99065089
A5063163595,I4401726859
A5101904758,I4401726859
A5083873109,I4401726859
A5100750237,I99065089
A5109374705,I36399199
A5109374705,I4210109182
A5101827340,I881766915
A5100361625,I36399199
A5035112538,I36399199
A5100726984,I36399199
A5100435599,I16609230
A5078793726,I157455823
A5078793726,I16609230
A5008574161,I16609230
A5055197093,I16076960
A5055197093,I60342839
A5005228053,I149704539
A5025387109,I66867065
A5087894632,I157455823
A5087894632,I16609230
A5100460385,I115228651
A5085431435,I25254941
A5085431435,I96852419
A5101924784,I25254941
A5101924784,I96852419
A5029129567,I14243506
A5029129567,I143302722
A5029129567,I4210107665
A5029129567,I66867065
A5060427874,I14243506
A5089670294,I200769079
A5051121252,I200769079
A5071161045,I167576493
A5013658387,I99065089
A5032916939,I169333911
A5080598507,I54009628
A5100370111,I200769079
A5100384106,I200769079
A5100416932,I54009628
A5100566110,I54009628
A5057510328,I31746571
A5100743473,I157773358
A5077004789,I135218257
A5111847562,I169016828
A5024508467,I205401836
A5011405193,I108290504
A5066418930,I47508984
A5066418930,I63966007
A5046268649,I31746571
A5020277918,I54009628
A5091828774,I4210123216
A5011315516,I99613584
A5057641257,I130217899
A5109294259,I4210158379
A5063337505,I134687103
A5042219806,I102335020
A5048552375,I142606810
A5048552375,I75027704
A5068483766,I54009628
A5041492055,I174306211
A5070762365,I94624287
A5100381911,I99065089
A5068105642,I4210152560
A5047213890,I167576493
A5029424400,I200769079
A5029424400,I54009628
A5041101317,I99065089
A5102014973,I99065089
A5101733791,I99065089
A5100421812,I99065089
A5034823616,I200769079
A5034823616,I99065089
A5033005387,I183067930
A5081759167,I183067930
A5012944437,I181063083
A5085460431,I204983213
A5051393532,I140172145
A5100743369,I24943067
A5100392089,I24943067
A5114348335,I24943067
A5100830074,I24943067
A5110164824,I177725633
A5013878129,I183067930
A5023722608,I183067930
A5103170991,I183067930
A5027639981,I183067930
A5101593293,I183067930
A5059094652,I183067930
A5100445293,I183067930
A5075619170,I165779595
A5075619170,I196021976
A5056492561,I196021976
A5056492561,I76130692
A5090864358,I196021976
A5090864358,I2799971621
A5091163780,I165779595
A5054240555,I196021976
A5113923730,I165779595
A5009825116,I165779595
A5009825116,I196021976
A5103056585,I165779595
A5103056585,I196021976
A5078395814,I4210103203
A5078395814,I4210154382
A5072422661,I4210103203
A5072422661,I4210154382
A5056109480,I165779595
A5056109480,I196021976
A5015434839,I165779595
A5015434839,I196021976
A5024483449,I99065089
A5100639866,I99065089
A5041300353,I99065089
A5100506974,I18014758
A5023925931,I165932596
A5019539533,I157725225
A5100392156,I24943067
A5100605168,I99065089
A5067077438,I99065089
A5063798691,I99065089
A5001239748,I99065089
A5113689151,I99065089
A5029626046,I87445476
A5090412627,I99065089
A5064691262,I99065089
A5055298323,I99065089
A5078091030,I4400573310
A5075485324,I184681353
A5075485324,I4400573310
A5047288520,I4400573310
A5047288520,I4800084
A5066366509,I4400573310
A5066366509,I76130692
A5005421447,I74973139
A5003222421,I189196454
A5082181536,I172675005
A5055469774,I4210159451
A5012707925,I76130692
A5100411469,I139759216
A5028066599,I139759216
A5028965727,I139759216
A5027601906,I107639228
A5027601906,I58956616
A5109175587,I111088046
A5109175587,I33434090
A5048655816,I61822063
A5079261300,I1304557061
A5079261300,I1320320070
A5077446386,I1297540436
A5083301167,I1320320070
A5083301167,I1333606569
A5078370697,I4210152778
A5031909133,I61822063
A5003849228,I138285227
A5060364374,I1304557061
A5060364374,I1320320070
A5056523134,I1320320070
A5056523134,I1333606569
A5101535588,I1318287680
A5101535588,I1320320070
A5075794110,I1299303238
A5075794110,I4210109390
A5100742819,I61822063
A5043590676,I4210140884
A5078441453,I867280407
A5112127033,I4210107479
A5102710279,I4210107479
A5006406931,I1304557061
A5006406931,I1320320070
A5110143690,I1283582996
A5067972591,I1318287680
A5067972591,I1320320070
A5110507775,I1304557061
A5110507775,I1320320070
A5029076691,I61822063
A5079305919,I61822063
A5091238252,I76130692
A5100778961,I1282927834
A5103524503,I12057038
A5101473970,I61822063
A5010087179,I61822063
A5047976044,I157725225
A5038996322,I24185976
A5101524540,I99065089
A5107941559,I99065089
A5049051036,I126131087
A5101599156,I24943067
A5048118068,I157725225
A5100429004,I152815399
A5014258731,I24943067
A5102970144,I24943067
A5061272871,I24943067
A5013097435,I1174212
A5088947252,I183067930
A5074446712,I1174212
A5040894049,I1174212
A5000091844,I1174212
A5045820772,I1174212
A5050577808,I1174212
A5100689470,I99065089
A5076008539,I99065089
A5017898444,I99065089
A5101911266,I103635307
A5101911266,I99065089
A5016095713,I76130692
A5101505982,I183067930
A5107885738,I183067930
A5018343158,I183067930
A5044541383,I183067930
A5100403129,I172675005
A5100343894,I183067930
A5006863331,I99065089
A5054822682,I99065089
A5100695695,I200769079
A5034057959,I200769079
A5082331221,I99065089
A5109309781,I99065089
A5047030842,I125839683
A5047030842,I4210136793
A5100685019,I125839683
A5100634361,I125839683
A5100665814,I4210136793
A5100665814,I4210156423
A5100665814,I99065089
A5060514022,I84392919
A5040661461,I2802401942
A5100423292,I76130692
A5060766494,I99065089
A5049329567,I99065089
A5108056583,I99065089
A5042107634,I154099455
A5042107634,I4210109718
A5101783387,I154099455
A5101783387,I4210109718
A5006793709,I154099455
A5006793709,I4210109718
A5019972279,I76130692
A5077933989,I154099455
A5077933989,I4210109718
A5068526974,I80143920
A5091117089,I154099455
A5091117089,I4210109718
A5100387512,I116953780
A5100387512,I172675005
A5100387512,I24943067
A5100387512,I4210153482
A5006030510,I116953780
A5006030510,I172675005
A5006030510,I24943067
A5006030510,I4210153482
A5086316879,I116953780
A5086316879,I172675005
A5086316879,I24943067
A5086316879,I4210153482
A5014529529,I116953780
A5014529529,I172675005
A5014529529,I24943067
A5014529529,I4210153482
A5017862559,I116953780
A5017862559,I172675005
A5017862559,I4210153482
A5101873531,I2250653659
A5100645728,I2250653659
A5009328745,I24943067
A5028731909,I2250653659
A5023834700,I2250653659
A5100403440,I122274158
A5055597439,I122274158
A5100599679,I13591777
A5102426335,I183067930
A5101691100,I183067930
A5101691100,I4210107879
A5000426279,I200719446
A5102871273,I183067930
A5102871273,I4210107879
A5102267094,I157773358
A5102267094,I4210128921
A5100342828,I183067930
A5083935406,I200719446
A5040085389,I200719446
A5100714052,I200719446
A5032439086,I76130692
A5075649212,I4210115152
A5075649212,I50760025
A5100693929,I4210115152
A5100693929,I50760025
A5061517548,I4210115152
A5061517548,I50760025
A5061517548,I76130692
A5101577487,I4210115152
A5101577487,I50760025
A5100374384,I158842170
A5101518929,I158842170
A5044909162,I158842170
A5044909162,I76130692
A5033600988,I158842170
A5110613625,I158842170
A5052672374,I158842170
A5027345342,I158842170
A5100347686,I158842170
A5100755257,I158842170
A5100755257,I76130692
A5112378161,I99065089
A5016293783,I99065089
A5004114267,I160993911
A5100738980,I118118575
A5101511644,I145311948
A5101790532,I47251452
A5007489034,I165733156
A5075858724,I183067930
A5062665223,I4210090176
A5050255638,I98301712
A5103029035,I98301712
A5072191151,I118118575
A5036875405,I24943067
A5100687441,I24943067
A5101809968,I24943067
A5070006732,I24943067
A5108961327,I24943067
A5109730221,I24943067
A5100447280,I24943067
A5114723683,I24943067
A5108893565,I24943067
A5087033501,I24943067
A5041006174,I24943067
A5101588749,I24943067
A5100411426,I24943067
A5060618975,I24943067
A5043656661,I24943067
A5101432591,I24943067
A5101729628,I24943067
A5100341808,I24943067
A5083955516,I24943067
A5083173421,I24943067
A5102945489,I24943067
A5067758524,I24943067
A5100360436,I24943067
A5058353652,I24943067
A5070461768,I889458895
A5041031140,I4210115038
A5100665356,I129604602
A5058406424,I4210115038
A5109582975,I889458895
A5103196797,I4210115038
A5078109015,I889458895
A5012003354,I183067930
A5012003354,I4210165726
A5041448669,I4210113369
A5019259019,I1290206253
A5036050911,I183067930
A5036050911,I4210165726
A5042018181,I4210113369
A5014777126,I1311688040
A5014777126,I76130692
A5100651417,I1311688040
A5100651417,I76130692
A5100758099,I1311688040
A5100758099,I76130692
A5004882141,I1311688040
A5073264981,I1311688040
A5073264981,I76130692
A5101591101,I158842170
A5101591101,I172675005
A5031220156,I1311688040
A5031220156,I76130692
A5043082246,I165932596
A5101675440,I99065089
A5032933669,I165932596
A5032933669,I2799299286
A5032933669,I4210116917
A5032933669,I4210126319
A5067663922,I201448701
A5031766048,I99065089
A5082460884,I4210103535
A5082460884,I848706
A5029283104,I201448701
A5025647523,I4210155576
A5025647523,I98285908
A5054184199,I165779595
A5054184199,I4210105949
A5015914756,I14243506
A5100324969,I20231570
A5017279723,I177725633
A5032625133,I2799299286
A5032625133,I4210116917
A5032625133,I4210126319
A5024030578,I2799299286
A5024030578,I4210116917
A5024030578,I4210126319
A5082967971,I4210112079
A5066434934,I4210150574
A5066434934,I45129253
A5046574977,I98251732
A5083564913,I204730241
A5083564913,I4210097159
A5083564913,I4210127304
A5100363454,I82880672
A5084913828,I177725633
A5021782904,I157773358
A5021782904,I4210107668
A5016857233,I1294606314
A5016857233,I183519381
A5085096438,I165932596
A5085096438,I2799299286
A5085096438,I4210116917
A5085096438,I4210126319
A5072258594,I2799299286
A5072258594,I4210116917
A5072258594,I99065089
A5045832099,I99065089
A5100400585,I99065089
A5100334743,I99065089
A5110294523,I99065089
A5062365263,I99065089
A5100436099,I79891267
A5059782572,I4800084
A5063409665,I66867065
A5101417955,I152815399
A5090588589,I66867065
A5089793938,I152815399
A5039617569,I79891267
A5100669278,I183067930
A5023250445,I2250653659
A5100365484,I2250653659
A5100322712,I2250653659
A5101696592,I183067930
A5020953714,I99065089
A5087920747,I2250653659
A5110579339,I2250653659
A5111125513,I4210116924
A5093875978,I4210116924
A5103258769,I40347166
A5009164482,I4210116924
A5101686970,I4210116924
A5050708741,I22465464
A5053402317,I4210139777
A5016937929,I22465464
A5091980022,I22465464
A5041913433,I4210139777
A5044191947,I24943067
A5044191947,I4210139777
A5033176798,I95793202
A5030177160,I99065089
A5100685997,I78988378
A5053778747,I99065089
A5101490744,I99065089
A5100409741,I99065089
A5103066136,I165932596
A5075448224,I4210150261
A5092683731,I4210150261
A5069499692,I4210150261
A5051108261,I4210150261
A5112986368,I4210150261
A5032242330,I4210150261
A5009380042,I2799299286
A5009380042,I4210116917
A5076605908,I4210150261
A5017063138,I4210150261
A5036057873,I183067930
A5012370987,I2250955327
A5013513956,I183067930
A5101500385,I2250955327
A5100427434,I2250955327
A5001967239,I183067930
A5001967239,I2250955327
A5100341816,I2250955327
A5008281909,I2250955327
A5019541869,I2250955327
A5054330014,I2250955327
A5100632772,I40120149
A5100632772,I4210146410
A5055850985,I40120149
A5100352418,I2250653659
A5101695004,I20231570
A5076320750,I32971472
A5100424709,I40120149
A5053733933,I40120149
A5040149528,I40120149
A5040149528,I4210125878
A5111863979,I20231570
A5100397381,I183067930
A5100397381,I20231570
A5055138562,I40120149
A5040302008,I4210125878
A5040302008,I4210146410
A5114402756,I109935558
A5114402756,I76130692
A5114402757,I109935558
A5114402757,I76130692
A5114402758,I109935558
A5114402758,I76130692
A5114402759,I109935558
A5114402759,I76130692
A5114402760,I109935558
A5114402760,I76130692
A5114402761,I109935558
A5114402761,I76130692
A5114402762,I109935558
A5114402762,I76130692
A5060885589,I24943067
A5039575081,I24943067
A5087522507,I24943067
A5060758777,I24943067
A5026843654,I24943067
A5008124792,I24943067
A5083750020,I24943067
A5024354460,I24943067
A5100366146,I24943067
A5100622912,I24943067
A5100327490,I24943067
A5107006256,I24943067
A5077595559,I24943067
A5102514765,I24943067
A5103100933,I29955533
A5103100933,I99065089
A5101180037,I1290206253
A5044042138,I29955533
A5051745436,I1290206253
A5100321270,I76130692
A5029554732,I76130692
A5055589153,I55712492
A5016472874,I76130692
A5100726041,I76130692
A5029082837,I139660479
A5103207823,I204983213
A5101972658,I204983213
A5028349844,I4210126929
A5101752106,I4210114105
A5101752106,I99065089
A5081165986,I79891267
A5100400777,I139660479
A5019108029,I204983213
A5051629595,I4391012619
A5100353701,I4391012619
A5100353701,I66867065
A5056126166,I4391012619
A5002832266,I4391012619
A5062614549,I4391012619
A5058342038,I4391012619
A5078410186,I86501945
A5103120458,I99065089
A5111071295,I86501945
A5109653981,I4210116924
A5001906215,I86501945
A5083493705,I181679659
A5100959340,I22299242
A5062469562,I22299242
A5017982536,I22299242
A5101901747,I22299242
A5033608663,I22299242
A5100758089,I76130692
A5028836340,I22299242
A5100777553,I183067930
A5100777553,I30809798
A5100777553,I4210135459
A5060612867,I30809798
A5040769857,I4210135459
A5100647156,I165733156
A5100391054,I30809798
A5100391054,I4210157781
A5000937401,I4210157781
A5101649969,I4391012619
A5116644737,I183067930
A5113750837,I20231570
A5100735418,I4391012619
A5101497114,I889458895
A5100440407,I74973139
A5017606722,I183067930
A5003931816,I183067930
A5070962435,I183067930
A5101651746,I183067930
A5103004488,I183067930
A5010481801,I183067930
A5064858748,I183067930
A5042321575,I183067930
A5103872008,I2250955327
A5102878488,I2250955327
A5048669373,I2250955327
A5081084638,I183067930
A5051857167,I183067930
A5102595992,I183067930
A5100406215,I183067930
A5026831784,I99065089
A5058051415,I183067930
A5015946486,I183067930
A5020244808,I99065089
A5083724554,I99065089
A5023007010,I99065089
A5074195618,I99065089
A5000640882,I99065089
A5005872704,I99065089
A5101728676,I99065089
A5086217226,I99065089
A5101706991,I183067930
A5101706991,I4210122302
A5103244882,I183067930
A5103244882,I4210122302
A5101721549,I183067930
A5101721549,I4210122302
A5003939279,I183067930
A5003939279,I4210122302
A5100374175,I4210113369
A5100346602,I4210113369
A5102880548,I4210100255
A5102880548,I4391012619
A5102880548,I99065089
A5039318240,I4210122302
A5023684582,I5388228
A5025897218,I19820366
A5025897218,I4210112820
A5025897218,I4210165038
A5104323110,I131434179
A5026479709,I19820366
A5026479709,I4210112820
A5026479709,I4210165038
A5018727768,I19820366
A5018727768,I4210112820
A5018727768,I4210165038
A5102580148,I19820366
A5102580148,I4210112820
A5102580148,I4210165038
A5042139747,I19820366
A5042139747,I4210112820
A5042139747,I4210123185
A5042139747,I76130692
A5041726005,I19820366
A5041726005,I4210112820
A5041726005,I4210165038
A5050781010,I19820366
A5050781010,I30809798
A5050781010,I4210112820
A5022159272,I19820366
A5022159272,I4210112820
A5022159272,I4210165038
A5101482250,I19820366
A5101482250,I4210112820
A5101482250,I4210165038
A5010683013,I19820366
A5010683013,I4210112820
A5010683013,I4210165038
A5046574920,I19820366
A5046574920,I4210112820
A5046574920,I4210165038
A5101880338,I3018771216
A5101880338,I8204097
A5018206556,I19820366
A5018206556,I4210112820
A5075749706,I131434179
A5075749706,I19820366
A5075749706,I4210112820
A5075749706,I4210165038
A5031172849,I1174212
A5031172849,I4210156221
A5031172849,I76130692
A5009408707,I4210156221
A5061781904,I1174212
A5061781904,I4210156221
A5100330010,I24185976
A5100330010,I4210089761
A5060429045,I24185976
A5060429045,I2800091995
A5060429045,I4210100255
A5060429045,I4391012619
A5006449329,I24185976
A5006449329,I4210089761
A5106481242,I24185976
A5100382439,I24185976
A5051337300,I24185976
A5051337300,I4210089761
A5100445849,I24185976
A5101954336,I76130692
A5059040724,I24185976
A5059040724,I4210089761
A5101454968,I24185976
A5101454968,I4210089761
A5013010213,I139759216
A5035622610,I24185976
A5035622610,I4210089761
A5100456986,I24185976
A5100456986,I2800091995
A5100456986,I4210100255
A5100456986,I4391012619
A5048514009,I125839683
A5003484932,I25757504
A5108878628,I99065089
A5031538881,I4210146077
A5031592704,I99065089
A5042218238,I125839683
A5100728766,I183067930
A5064810450,I183067930
A5080866991,I1174212
A5031648019,I76130692
A5078544994,I183067930
A5064101065,I183067930
A5070837391,I183067930
A5056912386,I99065089
A5053352268,I99065089
A5019343947,I27837315
A5109695029,I99065089
A5028815058,I2801766832
A5001029365,I165932596
A5031207765,I165932596
A5031207765,I4210126319
A5015655352,I4210142044
A5100875166,I183067930
A5100875166,I4210135742
A5050516829,I2800810863
A5050516829,I889458895
A5109520123,I4210116924
A5072258594,I4210153550
A5046132723,I27837315
A5075229879,I177725633
A5075229879,I4391012619
A5006555821,I76130692
A5101521590,I4391012619
A5101537282,I4391012619
A5114177727,I4391012619
A5010087030,I4391012619
A5032086683,I76130692
A5081178619,I76130692
A5111338018,I76130692
A5100546116,I76130692
A5104236159,I76130692
A5047455876,I76130692
A5084788142,I76130692
A5074629340,I76130692
A5102967507,I76130692
A5066729745,I76130692
A5023754227,I76130692
A5008473103,I4210123185
A5008473103,I4210125098
A5008473103,I76130692
A5060364374,I4210105136
A5001967373,I4210123185
A5001967373,I76130692
A5102018239,I4210125098
A5108839435,I165932596
A5108839435,I76130692
A5011007223,I154570441
A5103103242,I151746483
A5012055259,I4210113480
A5066305082,I165932596
A5060201245,I24943067
A5086820941,I4210113369
A5088110992,I79891267
A5101589508,I2250653659
A5110850309,I24943067
A5100305162,I99065089
A5051273331,I99065089
A5055592366,I99065089
A5114100372,I99065089
A5100757087,I76130692
A5111028407,I76130692
A5101289283,I76130692
A5101285238,I76130692
A5091299759,I4210095624
A5091299759,I45928872
A5056430531,I4210123185
A5056430531,I76130692
A5102661658,I4210123185
A5100735736,I4210123185
A5100735736,I76130692
A5100642689,I4210123185
A5100642689,I76130692
A5100393436,I4210123185
A5100393436,I76130692
A5100721565,I4210123185
A5076061804,I4210123185
A5060311326,I4210123185
A5060311326,I76130692
A5028381556,I4210123185
A5028381556,I76130692
A5060799967,I200769079
A5087779837,I4210091341
A5079048867,I4210108520
A5037546695,I4210123185
A5031948547,I4210123185
A5031948547,I76130692
A5002066189,I99065089
A5103072224,I99065089
A5100462845,I99065089
A5020672096,I99065089
A5101509556,I99065089
A5100431149,I183067930
A5100609321,I2250653659
A5100660086,I4210100255
A5102894085,I4210100255
A5102894085,I99065089
A5059211235,I99065089
A5049088062,I99065089
A5042856545,I99065089
A5101474800,I4210100255
A5101474800,I99065089
A5010557815,I4210100255
A5100398894,I4210114105
A5100398894,I99065089
A5044330945,I99065089
A5025388406,I4210100255
A5025388406,I99065089
A5017575883,I4210100255
A5017575883,I99065089
A5091743314,I4210100255
A5091743314,I99065089
A5100775958,I99065089
A5022672030,I4210114105
A5100641283,I99065089
A5015552951,I183067930
A5015552951,I20231570
A5015552951,I36258959
A5015552951,I74973139
A5015552951,I97018004
A5015552951,I99065089
A5073183750,I183067930
A5073183750,I20231570
A5073183750,I36258959
A5073183750,I74973139
A5073183750,I97018004
A5073183750,I99065089
A5072348433,I183067930
A5072348433,I20231570
A5072348433,I36258959
A5072348433,I74973139
A5072348433,I97018004
A5072348433,I99065089
A5040267796,I183067930
A5040267796,I20231570
A5040267796,I36258959
A5040267796,I74973139
A5040267796,I97018004
A5040267796,I99065089
A5006081199,I183067930
A5006081199,I20231570
A5006081199,I36258959
A5006081199,I74973139
A5006081199,I97018004
A5006081199,I99065089
A5076465867,I183067930
A5076465867,I20231570
A5076465867,I36258959
A5076465867,I74973139
A5076465867,I97018004
A5076465867,I99065089
A5101882411,I183067930
A5101882411,I20231570
A5101882411,I36258959
A5101882411,I74973139
A5101882411,I97018004
A5101882411,I99065089
A5007886144,I183067930
A5007886144,I20231570
A5007886144,I36258959
A5007886144,I74973139
A5007886144,I97018004
A5007886144,I99065089
A5103135377,I183067930
A5103135377,I20231570
A5103135377,I36258959
A5103135377,I74973139
A5103135377,I97018004
A5103135377,I99065089
A5054091574,I183067930
A5054091574,I20231570
A5054091574,I36258959
A5054091574,I74973139
A5054091574,I97018004
A5054091574,I99065089
A5010483833,I183067930
A5010483833,I20231570
A5010483833,I36258959
A5010483833,I74973139
A5010483833,I97018004
A5010483833,I99065089
A5018889907,I183067930
A5018889907,I20231570
A5018889907,I36258959
A5018889907,I74973139
A5018889907,I97018004
A5018889907,I99065089
A5027897868,I183067930
A5027897868,I20231570
A5027897868,I36258959
A5027897868,I74973139
A5027897868,I97018004
A5027897868,I99065089
A5082159350,I183067930
A5082159350,I20231570
A5082159350,I36258959
A5082159350,I74973139
A5082159350,I97018004
A5082159350,I99065089
A5062437461,I183067930
A5062437461,I20231570
A5062437461,I36258959
A5062437461,I74973139
A5062437461,I97018004
A5062437461,I99065089
A5041224976,I63966007
A5041224976,I889458895
A5100354377,I889458895
A5003236313,I889458895
A5009598072,I4210144482
A5003418365,I183067930
A5003418365,I4210144482
A5090244480,I177725633
A5090244480,I33849332
A5090244480,I4210106442
A5064235063,I4210153550
A5064235063,I99065089
A5051572835,I145311948
A5051572835,I2799853436
A5100454275,I183067930
A5100454275,I4210100255
A5100454275,I4210144482
A5020261885,I4210144482
A5012709162,I183067930
A5012709162,I4210144482
A5060561623,I2251586001
A5074359287,I2799299286
A5074359287,I4210116917
A5033852093,I108688024
A5033852093,I4210116869
A5061312708,I172675005
A5061312708,I47508984
A5100328799,I157773358
A5100328799,I4210128921
A5086077960,I4210124134
A5058717031,I889804353
A5082776564,I887064364
A5059897786,I4210109712
A5070728314,I4210101898
A5070728314,I44260953
A5034642813,I4210101898
A5077914007,I25974101
A5084898176,I891191580
A5003389081,I143288331
A5085818578,I143288331
A5085664755,I100532134
A5085664755,I1294671590
A5079126034,I12870472
A5069303169,I2277624104
A5056690478,I4210160618
A5111114902,I24943067
A5111114902,I4210122302
A5111114902,I4391012619
A5101421201,I24943067
A5008056255,I24943067
A5030290474,I4210122302
A5030290474,I4391012619
A5033233243,I159948400
A5035660751,I76130692
A5069498678,I159948400
A5069557211,I6469544
A5002273131,I45928872
A5035708362,I139660479
A5115780993,I4210113480
A5102395586,I99065089
A5101849515,I99065089
A5037837738,I99065089
A5078324582,I14243506
A5090253720,I204983213
A5011902043,I172675005
A5101462397,I4210116924
A5086771045,I14243506
A5040046000,I129604602
A5068791753,I14243506
A5085698673,I76130692
A5100366084,I172675005
A5102797436,I99065089
A5102210006,I99065089
A5101086461,I99065089
A5101868177,I99065089
A5102845658,I99065089
A5101279848,I99065089
A5073276043,I177725633
A5086265590,I177725633
A5100672722,I139759216
A5030845033,I99065089
A5042251906,I177725633
A5051341496,I4210156404
A5051341496,I4210165038
A5101567069,I76130692
A5100774978,I99065089
A5100685716,I20231570
A5100737741,I4210090176
A5100737741,I4210165038
A5044069461,I19820366
A5044069461,I4210090176
A5044069461,I4210165038
A5103069683,I4210090176
A5103069683,I4210165038
A5008558592,I19820366
A5008558592,I4210090176
A5008558592,I4210165038
A5102245113,I99065089
A5113392235,I99065089
A5088135049,I145897649
A5111684213,I20231570
A5101434153,I145897649
A5033824727,I180662265
A5115596171,I99065089
A5081763489,I99065089
A5070009671,I99065089
A5083955516,I165932596
A5102007400,I165932596
A5044665993,I165932596
A5088834359,I165932596
A5028791879,I76130692
A5101074920,I76130692
A5070734581,I50760025
A5070734581,I76130692
A5052577882,I4210122684
A5074603286,I76130692
A5069353502,I76130692
A5008694159,I205783295
A5100445508,I99065089
A5039033697,I205783295
A5032824854,I205783295
A5029785504,I205783295
A5059293268,I205783295
A5050643298,I205783295
A5037210004,I205783295
A5102717493,I99065089
A5100646575,I4210105806
A5100646575,I76569877
A5043580952,I99065089
A5100381751,I2800370534
A5100381751,I91656880
A5100759504,I99065089
A5101585779,I99065089
A5071536603,I99065089
A5100611115,I99065089
A5100423264,I4210105806
A5015084537,I4210105806
A5100631920,I4210153550
A5100631920,I99065089
A5021825994,I183067930
A5021825994,I2800570007
A5021825994,I58200834
A5063138720,I58200834
A5100403693,I183067930
A5100403693,I2800570007
A5101680899,I19820366
A5101680899,I4210128818
A5101680899,I4210165038
A5087040200,I19820366
A5087040200,I4210128818
A5087040200,I4210165038
A5078844764,I99065089
A5100421407,I19820366
A5100421407,I4210128818
A5109622633,I4210152474
A5035507554,I24943067
A5100619290,I24943067
A5100619290,I40120149
A5032190168,I24943067
A5116337660,I24943067
A5066496299,I24943067
A5065040154,I39555362
A5109616081,I24943067
A5110753609,I99065089
A5109649372,I881766915
A5020704767,I45928872
A5100669498,I87445476
A5055024089,I45928872
A5048346353,I4210108985
A5044326908,I99065089
A5101953295,I4210100255
A5101953295,I4391012619
A5101953295,I99065089
A5100355692,I4210100255
A5100355692,I4391012619
A5021993585,I66867065
A5112411994,I34574549
A5053731575,I146620803
A5100648527,I66867065
A5056141409,I146620803
A5089655391,I99065089
A5101588982,I139759216
A5000839824,I2250955327
A5029392006,I194450716
A5029392006,I4210136497
A5100362815,I76130692
A5050947285,I154099455
A5037495777,I4210100255
A5052760299,I90610280
A5010558184,I78988378
A5051925942,I126520041
A5109302882,I154099455
A5088621320,I19820366
A5088621320,I4210090176
A5100643097,I154099455
A5100384130,I154099455
A5046700486,I154099455
A5011446678,I154099455
A5100671580,I154099455
A5021268896,I154099455
A5007867221,I99065089
A5064978939,I99065089
A5100546036,I99065089
A5043098453,I78988378
A5102604331,I4210128433
A5111334408,I4210128433
A5113273326,I45129253
A5014930690,I99065089
A5003105240,I79510175
A5091465907,I66867065
A5019498452,I4210086143
A5078053186,I4210086143
A5005965903,I4210086143
A5000844861,I4210086143
A5100656763,I4210086143
A5100734069,I4210086143
A5102413215,I4210086143
A5111800002,I4210086143
A5100329282,I4210086143
A5009985839,I4210086143
A5100317860,I66867065
A5103203299,I4210086143
A5103203299,I66867065
A5100620486,I4210086143
A5100754217,I14243506
A5102665051,I4210110199
A5059205682,I139024713
A5059205682,I889458895
A5059205682,I90610280
A5027501723,I14243506
A5027501723,I183067930
A5027501723,I2800570007
A5028483464,I20231570
A5069358025,I20231570
A5074366979,I20231570
A5048488478,I20231570
A5100670362,I20231570
A5041563693,I111483173
A5041563693,I20231570
A5043651092,I200769079
A5043651092,I889458895
A5100414277,I20231570
A5062254598,I4210095624
A5101292450,I4210095624
A5007608248,I4210095624
A5100750527,I4210095624
A5117233230,I76130692
A5100669593,I4210095624
A5100433725,I183067930
A5117823111,I2802974365
A5100396688,I2802974365
A5053507809,I183067930
A5101488121,I183067930
A5073063939,I183067930
A5102487833,I183067930
A5024874825,I183067930
A5062439322,I2802974365
A5100704962,I183067930
A5051224603,I168719708
A5101456545,I99065089
A5100913069,I99065089
A5115596208,I99065089
A5031475851,I168719708
A5033286111,I183067930
A5101059608,I183067930
A5100412598,I158842170
A5016446062,I66867065
A5107117869,I2250653659
A5107115318,I2250653659
A5008636957,I2250653659
A5100390708,I76130692
A5111145020,I76130692
A5072485378,I76130692
A5100422345,I76130692
A5100725148,I140172145
A5100659367,I76130692
A5089094818,I889458895
A5023676698,I889458895
A5032554701,I889458895
A5083484070,I889458895
A5100656819,I24943067
A5007131492,I889458895
A5109693003,I99065089
A5039664887,I99065089
A5007755497,I99065089
A5100460206,I99065089
A5078681943,I183067930
A5078681943,I4210100255
A5078681943,I4391012619
A5103203558,I183067930
A5103203558,I4210100255
A5103203558,I4391012619
A5044497830,I180662265
A5050086640,I180662265
A5100368110,I180662265
A5100342828,I4210100255
A5100342828,I4391012619
A5100645703,I183067930
A5100645703,I4210100255
A5100645703,I4391012619
A5053549250,I183067930
A5053549250,I4210100255
A5053549250,I4391012619
A5021584440,I99065089
A5076675337,I21193070
A5101857588,I99065089
A5100380072,I125839683
A5030965866,I99065089
A5100386690,I32971472
A5114339862,I32971472
A5049211958,I32971472
A5104205155,I32971472
A5023648764,I4210155268
A5100354997,I183067930
A5081787254,I32971472
A5064858748,I32971472
A5064858748,I4210140341
A5022985852,I24943067
A5003519043,I24943067
A5059000467,I24943067
A5101602976,I24943067
A5102638294,I24943067
A5000202631,I24943067
A5087411191,I24943067
A5077800960,I24943067
A5069680984,I24943067
A5108943714,I99065089
A5100345753,I99065089
A5079740424,I99065089
A5029008539,I99065089
A5100736338,I99065089
A5064476095,I99065089
A5101384210,I99065089
A5088412858,I99065089
A5100554202,I99065089
A5101574402,I150468666
A5100686543,I99065089
A5102836746,I99065089
A5100355347,I99065089
A5104280823,I99065089
A5033618286,I99065089
A5020502914,I40120149
A5020502914,I4210160384
A5100410939,I99065089
A5100449447,I36152291
A5100449447,I99065089
A5017436949,I36152291
A5024330044,I36152291
A5100354100,I36152291
A5074315017,I36152291
A5090740656,I137867983
A5061684974,I99065089
A5100657670,I66862912
A5004031004,I12912129
A5100722062,I99065089
A5010758235,I3133055985
A5063552937,I219193219
A5101282883,I24943067
A5101481141,I4210122302
A5009730624,I2802974365
A5108999586,I32971472
A5102019907,I1311688040
A5102019907,I4210089985
A5117804341,I200769079
A5101384215,I99065089
A5035629029,I3133055985
A5100685716,I3133055985
A5035082722,I3133055985
A5100700956,I16285277
A5100700956,I267592682
A5044651577,I1290206253
A5044651577,I4210164937
A5044651577,I58610484
A5045897021,I1311688040
A5045897021,I4210089985
A5100333729,I3133055985
A5100739546,I78988378
A5030726587,I78988378
A5078175663,I78988378
A5104254031,I78988378
A5101718220,I4405258931
A5049926126,I138006243
A5107953531,I99065089
A5037742794,I4405258931
A5008721449,I78988378
A5101824160,I889458895
A5053132840,I99065089
A5101952574,I99065089
A5030006503,I183067930
A5052977037,I183067930
A5102000307,I99065089
A5101650654,I4210136246
A5101650654,I4387153335
A5019662637,I99065089
A5084811163,I99065089
A5108047851,I99065089
A5077653363,I99065089
A5037267035,I66867065
A5100586328,I181326427
A5066394555,I130238516
A5066394555,I4210101327
A5101320369,I66867065
A5101926667,I66867065
A5061699251,I204983213
A5047688641,I76130692
A5082429541,I2250955327
A5006669765,I2250955327
A5049100391,I20231570
A5074956841,I152815399
A5054714748,I76130692
A5089146499,I4210095624
A5010419481,I4210095624
A5100361891,I152815399
A5100681020,I63966007
A5032748650,I4210127658
A5032748650,I62853816
A5021463856,I4210130157
A5021463856,I63966007
A5103326255,I63966007
A5100341195,I12912129
A5103286483,I4210158318
A5003226543,I165799507
A5100498608,I76130692
A5113283976,I76130692
A5101880727,I76130692
A5102727729,I146620803
A5102727729,I76130692
A5046890926,I97018004
A5087225784,I141962983
A5023258354,I157725225
A5015396622,I3131625388
A5015396622,I99065089
A5048946763,I2250653659
A5004643540,I2250653659
A5008169830,I3131625388
A5008169830,I99065089
A5102869280,I4210116924
A5102869280,I99065089
A5101785327,I2250653659
A5062105912,I2250653659
A5100614741,I2250653659
A5038895203,I2250653659
A5077007622,I136199984
A5036448016,I136199984
A5075711252,I97018004
A5041641749,I1308923049
A5041641749,I79619799
A5076075666,I150468666
A5100649922,I40120149
A5005779176,I97018004
A5057364990,I124227911
A5057364990,I64767286
A5088509061,I136199984
A5101770273,I177725633
A5101770273,I99065089
A5100718165,I177725633
A5100718165,I99065089
A5080606906,I177725633
A5080606906,I99065089
A5101128711,I177725633
A5101128711,I99065089
A5018582154,I177725633
A5018582154,I99065089
A5103015399,I4391012619
A5103015399,I66867065
A5054623682,I4210093653
A5055994909,I40120149
A5114321221,I4391012619
A5051958442,I4391012619
A5100400585,I3131625388
A5100400585,I4210114105
A5114230304,I99065089
A5107429681,I99065089
A5009239895,I4210114105
A5016537530,I99065089
A5095094764,I99065089
A5101100713,I139759216
A5048441865,I4210165038
A5101576507,I99065089
A5066085792,I4401726915
A5016924921,I283854653
A5016924921,I99065089
A5084758279,I283854653
A5084758279,I99065089
A5101153906,I283854653
A5101153906,I99065089
A5100459130,I4210156423
A5100459130,I99065089
A5060171040,I99065089
A5082537643,I99065089
A5015752254,I99065089
A5085421548,I99065089
A5019862582,I99065089
A5040143925,I99065089
A5047496977,I99065089
A5101470389,I200845125
A5101470389,I76130692
A5090535232,I200845125
A5101778224,I4210111013
A5057311321,I76130692
A5023138112,I200845125
A5023138112,I76130692
A5055850985,I4210146410
A5113052534,I183067930
A5113052534,I2250653659
A5100402508,I2250653659
A5113222156,I66867065
A5021084391,I4210100255
A5069245621,I4210100255
A5057352675,I200769079
A5075598739,I2250653659
A5080281882,I66867065
A5084218062,I183067930
A5103326686,I99065089
A5054609020,I99065089
A5040545892,I76130692
A5058308999,I66867065
A5083285849,I24943067
A5083285849,I66867065
A5101586921,I24943067
A5101586921,I66867065
A5102710198,I24943067
A5102710198,I66867065
A5088834359,I66867065
A5044665993,I66867065
A5101774928,I183067930
A5052123856,I183067930
A5050248676,I66867065
A5110357310,I3133055985
A5110357310,I76130692
A5100671757,I76130692
A5079359230,I3133055985
A5060665856,I3133055985
A5043876209,I4210086143
A5100665181,I3133055985
A5100351068,I24943067
A5050969774,I24943067
A5062049138,I24943067
A5022304469,I24943067
A5100438586,I24943067
A5085955762,I4210137621
A5100707563,I4210137621
A5058353652,I4210131271
A5019866365,I24943067
A5102334293,I99065089
A5080142175,I20231570
A5091090025,I99065089
A5023290252,I36152291
A5101709265,I162868743
A5101836736,I36152291
A5031038629,I10660446
A5031038629,I99065089
A5042692605,I200769079
A5042692605,I20231570
A5100403456,I20231570
A5100398342,I139660479
A5036007312,I86519309
A5067122850,I86519309
A5050927955,I19820366
A5050927955,I4210160793
A5039394884,I3124059619
A5100389430,I14396692
A5100389430,I3124059619
A5101938899,I135310074
A5062581654,I152031979
A5100345691,I20231570
A5107589197,I80626142
A5056327997,I4391012619
A5108993015,I1311688040
A5111339908,I1288882113
A5107640963,I4391012619
A5107589199,I4391012619
A5100622704,I183067930
A5107555218,I80626142
A5101976907,I80626142
A5108762092,I80626142
A5056748708,I241749
A5114236205,I80626142
A5072622467,I145311948
A5072622467,I2802946424
A5092201032,I99065089
A5068211530,I99065089
A5035135048,I99065089
A5012202707,I99065089
A5086429938,I14243506
A5101746012,I14243506
A5115393951,I14243506
A5115393940,I14243506
A5101313498,I14243506
A5115393937,I183067930
A5115393937,I4210135742
A5077821675,I14243506
A5068480804,I889458895
A5100678900,I889458895
A5100341036,I99065089
A5088561209,I200769079
A5062115445,I3923682
A5102206923,I21193070
A5024849044,I2250653659
A5083845893,I20089843
A5065529268,I2250653659
A5065529268,I4210103721
A5055672506,I3923682
A5102624832,I99065089
A5056093953,I11701301
A5031833695,I99065089
A5100621682,I99065089
A5029223095,I99065089
A5044755053,I4210134275
A5091489017,I99065089
A5101963628,I99065089
A5092120655,I99065089
A5115517198,I4210153550
A5113418139,I4210153550
A5070841252,I4210153550
A5100405781,I4210153550
A5032723793,I4210158318
A5101474765,I4210158318
A5100400064,I4210158318
A5020534921,I4210158318
A5057485069,I76130692
A5088551332,I4210158318
A5051633211,I4210158318
A5107748595,I76130692
A5100412277,I76130692
A5023848002,I111979921
A5079464961,I4210158318
A5037013675,I136199984
A5037013675,I4210158318
A5078108605,I1283280774
A5078108605,I136199984
A5057093904,I3131625388
A5057093904,I99065089
A5101600503,I3131625388
A5101600503,I99065089
A5063972231,I168719708
A5063972231,I99065089
A5020029652,I168719708
A5104280660,I76569877
A5102934510,I66867065
A5051836631,I116953780
A5051836631,I4210132741
A5100931991,I183067930
A5100931991,I4210092101
A5058455658,I66867065
A5110266017,I183067930
A5110266017,I4210097066
A5091459053,I2801556517
A5091459053,I66867065
A5010961909,I109935558
A5010961909,I76130692
A5005421447,I168879160
A5025242024,I95457486
A5071068600,I95457486
A5100611366,I99065089
A5054075105,I95457486
A5101234856,I66867065
A5101596824,I4391012619
A5101596824,I66867065
A5100423435,I183067930
A5100423435,I4391012619
A5100423435,I66867065
A5085818578,I176453806
A5100645705,I183067930
A5100645705,I4391012619
A5100645705,I66867065
A5010540039,I66867065
A5101934597,I4210159968
A5009352567,I183067930
A5032108833,I76130692
A5067392273,I183067930
A5018322383,I76130692
A5053459622,I148283060
A5101686405,I4210159968
A5011654167,I183067930
A5100353869,I4210159968
A5053412071,I200296433
A5032229400,I17145004
A5032229400,I200296433
A5032229400,I99065089
A5060428350,I4210089226
A5060428350,I4210131871
A5090955429,I17145004
A5090955429,I200296433
A5090955429,I99065089
A5090955429,I25355098
A5059560149,I17145004
A5062650633,I200296433
A5062650633,I2801051648
A5147552013,I156144747
A5147552013,I17145004
A5147552013,I4210132813
A5108148234,I156144747
A5108148234,I17145004
A5108148234,I4210132813
A5147651977,I17145004
A5100450024,I116953780
A5100450024,I4210146112
A5008108221,I2801179840
A5008108221,I34931013
A5008108221,I40120149
A5008108221,I4210146357
A5147496241,I200296433
A5147496241,I2801228662
A5147577393,I17145004
A5147577393,I200296433
A5147577393,I99065089
A5043220498,I17145004
A5147478173,I200296433
A5147478173,I2801228662
A5100377935,I183067930
A5092013127,I183067930
A5100629469,I183067930
A5100629469,I18925743
A5100629469,I4210144482
A5035370376,I4210153550
A5035370376,I99065089
A5114036926,I183067930
A5114036926,I4210144482
A5008803333,I183067930
A5008803333,I4210144482
A5100424347,I1294606314
A5100424347,I4210120485
A5016857233,I4210120485
A5019493583,I177725633
A5009714276,I157773358
A5100669497,I18925743
A5100680998,I18925743
A5086578975,I18925743
A5048987562,I157582758
A5048987562,I4210097409
A5065273742,I2251586001
A5006069892,I4210163497
A5029175176,I145311948
A5029175176,I2799853436
A5041271242,I170897317
A5091908088,I4210092133
A5010771830,I2799299286
A5010771830,I4210116917
A5017862417,I18925743
A5102953037,I18925743
A5102765877,I183067930
A5102708697,I1288702032
A5102708697,I76130692
A5008847016,I1288702032
A5067454741,I141945490
A5100765886,I99065089
A5084384992,I99065089
A5000353443,I99065089
A5100413863,I99065089
A5100359490,I99065089
A5000406335,I142415962
A5036032938,I142415962
A5010031720,I99065089
A5012014905,I4210159102
A5101980939,I99065089
A5035411047,I99065089
A5032865020,I99065089
A5002597610,I125839683
A5016388137,I78988378
A5101008686,I162868743
A5101294664,I162868743
A5003459439,I3019120426
A5003459439,I95457486
A5100898103,I3019120426
A5000083661,I99065089
A5100735899,I96673099
A5042897510,I162868743
A5111333834,I24943067
A5100321835,I24943067
A5109786565,I24943067
A5077614139,I76130692
A5089259739,I4210100356
A5101049119,I76130692
A5111153035,I76130692
A5007559881,I76130692
A5005163911,I4210135679
A5035082722,I4210106930
A5100700956,I4210113369
A5032723793,I76130692
A5062726606,I2250653659
A5100400052,I76130692
A5088551332,I76130692
A5100422729,I2250653659
A5037013675,I76130692
A5078108605,I76130692
A5100641957,I76130692
A5035442855,I76130692
A5101919658,I76130692
A5113282700,I2250955327
A5104346083,I76130692
A5100287262,I76130692
A5087576648,I76130692
A5109765746,I76130692
A5019425843,I2250955327
A5053703845,I183067930
A5053703845,I44675526
A5100410124,I183067930
A5100410124,I4210137016
A5100410124,I44675526
A5020033792,I4210137016
A5100689857,I4210137016
A5032439086,I55712492
A5103325598,I55712492
A5108988112,I55712492
A5091672267,I55712492
A5101707821,I76130692
A5100429898,I55712492
A5112628399,I55712492
A5100322370,I55712492
A5053242349,I55712492
A5102018239,I55712492
A5046118256,I183067930
A5115604679,I183067930
A5041791979,I2250955327
A5072845284,I2250955327
A5089968822,I183067930
A5089968822,I2801518579
A5089968822,I4210121283
A5012969013,I183067930
A5012969013,I2801518579
A5012969013,I4210121283
A5112118530,I177725633
A5112118530,I32574673
A5108052998,I4210164641
A5020019412,I2801518579
A5013837286,I24943067
A5013837286,I4210127074
A5007093788,I2801518579
A5103279400,I177725633
A5103279400,I32574673
A5102003987,I2801518579
A5002173356,I177725633
A5002173356,I32574673
A5101315315,I2801518579
A5055541507,I2801518579
A5102875644,I2801518579
A5100348439,I177725633
A5100348439,I32574673
A5084758279,I4210100255
A5100629071,I27837315
A5100691430,I99065089
A5101785248,I4210115270
A5101785248,I889458895
A5036665467,I4210100255
A5093967911,I4210100255
A5082963891,I4210115270
A5082963891,I889458895
A5082450455,I27837315
A5044042138,I4210100255
A5035332982,I82880672
A5100645299,I887064364
A5011488839,I82880672
A5076097168,I183067930
A5002625178,I887064364
A5007990141,I99065089
A5043272273,I99065089
A5101744944,I99065089
A5077551794,I99065089
A5007888005,I99065089
A5028959897,I201448701
A5041402907,I99065089
A5044204779,I99065089
A5060679436,I99065089
A5066796307,I201448701
A5066796307,I63966007
A5057896400,I99065089
A5114860163,I24943067
A5033231216,I24943067
A5004651932,I24943067
A5100341810,I24943067
A5100856129,I24943067
A5113399823,I24943067
A5108933637,I24943067
A5101326418,I24943067
A5111204925,I24943067
A5100551022,I24943067
A5113399822,I24943067
A5101479594,I24943067
A5101362690,I24943067
A5101481048,I24943067
A5086682667,I24943067
A5060044968,I24943067
A5101534682,I24943067
A5100623136,I83019370
A5101516021,I83019370
A5059195660,I241749
A5059195660,I76130692
A5074793684,I4210092870
A5100653283,I99065089
A5100367200,I99065089
A5100720831,I168719708
A5100720831,I889458895
A5090657617,I172675005
A5090657617,I82284825
A5116772078,I172675005
A5116772078,I82284825
A5057787978,I172675005
A5057787978,I82284825
A5086592862,I99065089
A5100369545,I99065089
A5032488410,I99065089
A5037613061,I4210126646
A5037613061,I99065089
A5020017509,I4210126646
A5020017509,I99065089
A5029871478,I20231570
A5051725193,I4210126646
A5051725193,I99065089
A5101386525,I99065089
A5091324639,I99065089
A5102440794,I137867983
A5063801719,I99065089
A5112188630,I99065089
A5100358867,I99065089
A5100542587,I99065089
A5088513476,I4210126646
A5088513476,I99065089
A5004474713,I20231570
A5100355855,I99065089
A5046438746,I4210122141
A5069055223,I4210122141
A5007756165,I4210122141
A5007756165,I96908189
A5101524043,I4210122141
A5101524043,I96908189
A5079087568,I4210122141
A5079087568,I96908189
A5069649143,I99065089
A5060945576,I19820366
A5060945576,I4210090176
A5102008731,I99065089
A5011008665,I99065089
A5023421234,I99065089
A5103132724,I99065089
A5053843140,I76130692
A5115595971,I76130692
A5100319225,I4210156488
A5100319225,I76130692
A5103017455,I4210156488
A5103017455,I76130692
A5100451984,I4210156488
A5100451984,I76130692
A5109000029,I4210156488
A5109000029,I76130692
A5010114060,I71443028
A5045079244,I173632517
A5100785185,I36788626
A5100785185,I79576946
A5115597425,I4210156165
A5112624834,I6507939
A5100587112,I66867065
A5100506810,I66867065
A5098359121,I24943067
A5103238778,I24943067
A5076462524,I181647926
A5041649804,I180825142
A5101471095,I4210125878
A5029916784,I24943067
A5004190332,I24943067
A5089831843,I188538660
A5068224304,I27837315
A5068224304,I4210111179
A5045464812,I24943067
A5045464812,I4210132426
A5004237040,I24943067
A5091087409,I24943067
A5004722925,I24943067
A5006419976,I183067930
A5030006654,I183067930
A5087349603,I76130692
A5066999889,I4210110013
A5066999889,I4210113495
A5045331325,I1336263701
A5045331325,I2801809904
A5045331325,I40120149
A5045331325,I76130692
A5100381737,I4210138543
A5100381737,I76130692
A5100413180,I76130692
A5100702750,I76130692
A5101593329,I173759888
A5083836256,I76130692
A5073342449,I76130692
A5015419107,I99065089
A5065391648,I76130692
A5115602504,I3131625388
A5115602504,I99065089
A5022672030,I4210136793
A5107808331,I99065089
A5100769587,I241749
A5100769587,I76130692
A5086968700,I4210092088
A5086968700,I76130692
A5115565883,I4210092870
A5115565883,I76130692
A5015270944,I76130692
A5100721587,I76130692
A5101094602,I76130692
A5100834457,I76130692
A5100711908,I76130692
A5114140244,I76130692
A5000492991,I165932596
A5000492991,I4210122302
A5000492991,I99065089
A5101790974,I99065089
A5100437598,I165932596
A5100435631,I99065089
A5091165662,I99065089
A5100562151,I99065089
A5101504866,I177725633
A5038672170,I99065089
A5101525624,I99065089
A5043769539,I99065089
A5070950193,I1290206253
A5030520880,I4210113369
A5027659574,I4210113369
A5043798385,I4210113369
A5101967802,I1290206253
A5070722259,I1290206253
A5086338440,I1290206253
A5073273454,I19820366
A5073273454,I4210108629
A5088646345,I4210113369
A5100331488,I4210113369
A5016621547,I24943067
A5111097611,I24943067
A5070073283,I24943067
A5100736471,I4210092101
A5100736471,I4210159329
A5047812459,I4210092101
A5047812459,I4210159329
A5100691702,I4210159329
A5100680617,I4210092101
A5100680617,I4210159329
A5100462489,I4210092101
A5100462489,I4210159329
A5101516021,I14243506
A5101516021,I76130692
A5100623136,I76130692
A5041426274,I186143895
A5100749145,I99065089
A5064916807,I99065089
A5111220718,I183067930
A5102749858,I183067930
A5048045743,I183067930
A5044586253,I183067930
A5102635259,I183067930
A5101046520,I183067930
A5109457448,I4210120929
A5083048575,I4210120929
A5100340223,I129774422
A5100340223,I145847075
A5114186113,I4210120929
A5114186113,I58200834
A5063138720,I183067930
A5063138720,I2802608112
A5063138720,I4210120929
A5063138720,I4210135742
A5005747969,I4210105182
A5019169384,I157773358
A5019169384,I4210093460
A5019169384,I4210103346
A5019169384,I58200834
A5019169384,I90610280
A5002800784,I157773358
A5002800784,I24943067
A5002800784,I4210127074
A5002800784,I4210128921
A5059814447,I4210088331
A5059814447,I4210123686
A5077020842,I108688024
A5077020842,I4210116869
A5001154153,I150229711
A5042508499,I889458895
A5040295345,I4210114178
A5040295345,I4210121067
A5040295345,I4210125878
A5040295345,I56590836
A5016316057,I197869895
A5021504410,I157773358
A5021504410,I4210146711
A5063845462,I4210120929
A5063845462,I58200834
A5100409987,I4210120929
A5100409987,I58200834
A5083484038,I177933477
A5083484038,I4210115928
A5061537451,I4210091343
A5061537451,I4210097066
A5050960828,I4210120929
A5050960828,I889458895
A5104089217,I99065089
A5112495273,I2250653659
A5100622932,I99065089
A5101999478,I99065089
A5004875850,I99065089
A5024102664,I2250653659
A5047380396,I78988378
A5103042903,I4210113369
A5091139467,I78988378
A5085145109,I78988378
A5008288952,I78988378
A5071200777,I99065089
A5039946576,I165932596
A5100320957,I78988378
A5012614577,I168879160
A5012614577,I55712492
A5097767667,I168879160
A5097767667,I55712492
A5114196866,I168879160
A5114196866,I55712492
A5111351890,I183067930
A5036387698,I168879160
A5036387698,I55712492
A5036387698,I76130692
A5100351954,I4210119853
A5024765927,I20231570
A5029645676,I172675005
A5023000066,I172675005
A5023785888,I172675005
A5102413036,I172675005
A5021861529,I76130692
A5021727271,I4210122302
A5021727271,I4391012619
A5100437924,I4210122302
A5100437924,I4391012619
A5024097240,I20231570
A5100406050,I172675005
A5005626854,I172675005
A5113153288,I887968799
A5094255521,I205274468
A5112624834,I4210159183
A5109055821,I1294671590
A5109055821,I899635006
A5100451576,I87445476
A5037985010,I139264467
A5008564713,I141568987
A5073220723,I9224756
A5104319796,I183067930
A5104319796,I4210104188
A5048653710,I183067930
A5048653710,I4210104188
A5100779836,I183067930
A5100779836,I4210104188
A5116403385,I183067930
A5116403385,I4210104188
A5102612370,I4210136431
A5062837523,I4210136431
A5057599058,I183067930
A5057599058,I4210104188
A5057599058,I6593398
A5014157286,I2250653659
A5083752471,I2250653659
A5113137573,I106165777
A5113137573,I2250653659
A5024873469,I2250653659
A5042006948,I2250653659
A5100334496,I2250653659
A5089884284,I165733156
A5089884284,I2250653659
A5012853051,I150468666
A5012853051,I177855293
A5001461627,I183067930
A5034476404,I2250653659
A5044918612,I50760025
A5044918612,I76130692
A5100609033,I139660479
A5051209127,I163151501
A5103187153,I50760025
A5062494507,I159948400
A5101920028,I52158045
A5011726578,I52158045
A5012766424,I52158045
A5011638218,I52158045
A5084672117,I24943067
A5100941385,I172675005
A5101710263,I40347166
A5029403361,I99065089
A5060904283,I99065089
A5104247690,I99065089
A5018510847,I111950717
A5113209531,I111950717
A5102323113,I111950717
A5100432746,I111950717
A5013173154,I111950717
A5100409520,I111950717
A5100435224,I4210127487
A5028467074,I111950717
A5064165774,I4210118689
A5015156425,I4210118689
A5075257590,I4210118689
A5031306671,I37696226
A5110424481,I4210136922
A5025303851,I4210136922
A5071525463,I4210136922
A5080531960,I2800804238
A5053896876,I4210128698
A5023072113,I4210128698
A5032718837,I47508984
A5026002355,I50357001
A5065474839,I4210145784
A5101013334,I4210130112
A5101239095,I4210130112
A5120207465,I4210130112
A5101536122,I4210130112
A5032061647,I4210130112
A5082261091,I179026463
A5004161811,I4210130112
A5132575198,I4210128491
A5132699819,I4210128491
A5100353513,I4210128491
A5132616603,I4210128491
A5102424686,I4210128491
A5028608513,I183067930
A5043925137,I183067930
A5090260063,I183067930
A5076187162,I183067930
A5121122680,I183067930
A5128939676,I200769079
A5075523390,I4210136922
A5038975831,I4210136922
A5013202845,I4210136922
A5007691919,I4210136922
A5056972182,I904013037
A5015588386,I2799730327
A5079999895,I4210114974
A5079999895,I99464096
A5027429525,I4210149102
A5101915554,I1118541
A5100721448,I4210149102
A5090799053,I4210149102
A5080580973,I4210149102
A5067460359,I4210149102
A5100384557,I17442442
A5024354286,I17442442
A5072789354,I4210126065
A5090116985,I4210103986
A5074969574,I91136226
A5100633152,I146655781
A5005031514,I45129253
A5092190335,I130828816
A5039202251,I146655781
A5089476688,I45129253
A5115677830,I1285933455
A5022107493,I1285933455
A5081245348,I1285933455
A5056206641,I202697423
A5056206641,I237525767
A5012816273,I5124864
A5085280346,I180437899
A5085280346,I4210151565
A5093976129,I202697423
A5093976129,I237525767
A5106561078,I100066346
A5089733978,I100066346
A5048485295,I889804353
A5081845390,I889804353
A5062152793,I100066346
A5127096957,I149594827
A5127096957,I4210124847
A5127001442,I149594827
A5127001442,I4210124847
A5127368556,I149594827
A5127368556,I4210124847
A5127366812,I149594827
A5127366812,I4210124847
A5127454885,I149594827
A5127454885,I4210124847
A5014548308,I142910587
A5043099262,I142910587
A5053059459,I142910587
A5090781158,I1321305853
A5090781158,I161318765
A5022833181,I1321305853
A5022833181,I161318765
A5109924987,I4210090956
A5109924987,I4210162136
A5059677757,I4210162136
A5100405320,I4210090956
A5100405320,I4210162136
A5100629534,I4210090956
A5100629534,I4210162136
A5036840006,I4210090956
A5036840006,I4210162136
A5088530567,I50760025
A5011502254,I50760025
A5089947502,I50760025
A5129974718,I50760025
A5129790319,I143868143
A5101622579,I183067930
A5100688646,I183067930
A5032482696,I183067930
A5103738271,I183067930
A5078863002,I183067930
A5041197752,I114027177
A5013984966,I201448701
A5066304043,I201448701
A5031179413,I201448701
A5100769351,I4210130112
A5039439562,I4210130112
A5148887254,I4210094894
A5148877551,I4210094894
A5135132184,I4210094894
A5148904802,I4210094894
A5148893533,I4210094894
A5148931289,I4210094894
A5042957005,I4210126577
A5123700714,I4210089783
A5100698926,I4210161402
A5022676277,I4210161402
A5123664655,I4210089783
A5054182643,I180726961
A5138495971,I180726961
A5102295528,I180726961
A5135394660,I180726961
A5100348751,I180726961
A5121558047,I4210099122
A5121558047,I4210103686
A5100670539,I76569877
A5084604918,I76569877
A5065818226,I4210134393
A5075823839,I4210161402
A5120824178,I4210161402
A5120824179,I4210134393
A5147116689,I169572211
A5102891205,I99065089
A5026297396,I99065089
A5036023084,I99065089
A5100358856,I99065089
A5100345005,I4210120389
A5108154190,I4210120389
A5002480180,I4210142126
A5059282639,I4210111970
A5101766547,I4210142126
A5102323113,I4210112475
A5136024098,I4210100200
A5136040346,I111950717
A5136012345,I111950717
A5075389421,I4210100200
A5064458874,I4210100200
A5136025105,I4210165287
A5136059258,I111950717
A5136059258,I4210100200
A5136059258,I4210112475
A5028467074,I4210100200
A5028467074,I4210112475
A5109474719,I116953780
A5101980619,I116953780
A5023330459,I116953780
A5046207937,I4210163630
A5014158612,I116953780
A5072641222,I116953780
A5101610859,I176432857
A5146429106,I4210093776
A5146429106,I4210126903
A5146432028,I4210093776
A5146432028,I4210126903
A5146333134,I176432857
A5122855791,I4210118099
A5026368750,I4210089783
A5123709896,I4210089783
A5123668725,I4210161402
A5146341053,I4210131247
A5146357114,I4210131247
A5144159466,I4210131247
A5146383787,I4210131247
A5146348766,I4210131247
A5136529882,I5343935
A5013370782,I146620803
A5136506415,I146620803
A5041551452,I178535277
A5015455840,I81007117
A5107047362,I2802212502
A5107047362,I87101506
A5026796510,I81007117
A5015025274,I51532219
A5017640973,I4210094894
A5130325494,I4210094894
A5044932784,I4210094894
A5073807747,I4210094894
A5130358483,I4210094894
A5040408754,I4210094894
A5133475273,I4210094894
A5130331490,I4210094894
A5133477653,I4210094894
A5133476424,I4210094894
A5113298803,I4210094894
A5086723201,I4210094894
A5102568213,I4210094894
A5079141728,I4210094894
A5109300521,I34949971
A5121659294,I83776822
A5140421379,I191208505
A5146624630,I4210094894
A5041992274,I4210094894
A5065859286,I4210094894
A5130358964,I4210094894
A5130342907,I4210094894
A5130329876,I4210094894
A5085485779,I4210094894
A5109433384,I4210094894
A5147009496,I143593769
A5147015650,I143593769
A5147031186,I4210136431
A5146958455,I143593769
A5100367928,I37574244
A5102575393,I17442442
A5102575393,I4210126065
A5102575393,I47720641
A5151659219,I17442442
A5151659219,I4210126065
A5151621352,I16609230
A5015257149,I17442442
A5015257149,I4210126065
A5059282639,I76130692
A5058859184,I15766328
A5132894978,I15766328
A5104225744,I4210164797
A5136208330,I59483232
A5136193890,I59028903
A5001573772,I59483232
A5023760828,I59028903
A5037115497,I4210129593
A5039806863,I73142707
A5029218916,I60053951
A5067835871,I60053951
A5120496915,I4210134591
A5031840384,I60053951
A5016316427,I60053951
A5136707914,I142617266
A5136707914,I8901234
A5135822264,I4210112262
A5092800611,I140744787
A5033684769,I140744787
A5044362542,I140744787
A5030267709,I140744787
A5093967576,I74872605
A5093967576,I867306930
A5098971306,I4210156404
A5127845414,I4210156404
A5114871413,I161104310
A5116423881,I184999862
A5093255829,I4210123620
A5139118413,I184999862
A5029218215,I184999862
A5135119996,I201459984
A5135119996,I4210149618
A5080085010,I201459984
A5080085010,I4210149618
A5135256238,I201459984
A5135256238,I4210149618
A5129435515,I4210150043
A5000327522,I4210105266
A5000327522,I4210118299
A5075111618,I177639307
A5075111618,I4210142469
A5075111618,I7882870
A5129633379,I4210132863
A5063166379,I4210150043
A5011659519,I177477856
A5001933830,I122346577
A5140200122,I177477856
A5140159102,I177477856
A5003985275,I19820366
A5003985275,I4210086028
A5065345562,I92446798
A5103968934,I92446798
A5029153793,I92446798
A5082217638,I4210133922
A5057127359,I87208437
A5088977884,I87208437
A5055803131,I4210119561
A5085176321,I142899784
A5111737889,I3122695212
A5038696269,I3122695212
A5088208210,I3122695212
A5024126941,I4210151633
A5068944627,I108754898
A5113804336,I39804081
A5113804336,I4210091279
A5066189034,I108754898
A5066189034,I39804081
A5066189034,I4210091279
