scholar_id,pub_id,position
A5043098453,W2184957013,first
A5100320723,W2184957013,middle
A5046448314,W2184957013,middle
A5100666307,W2184957013,middle
A5101867825,W2184957013,last
A5101584823,W2953356739,first
A5100668503,W2953356739,middle
A5100320723,W2953356739,middle
A5086603207,W2953356739,middle
A5046448314,W2953356739,middle
A5044120384,W3035017890,first
A5028589167,W3035017890,middle
A5079865276,W3035017890,middle
A5011813023,W3035017890,middle
A5042324027,W3035017890,last
A5101577090,W2499696929,first
A5100320723,W2499696929,middle
A5100405572,W2499696929,middle
A5091587552,W2499696929,middle
A5046448314,W2499696929,last
A5100389037,W3129482887,first
A5101942668,W3129482887,middle
A5089495929,W3129482887,middle
A5004833182,W3129482887,middle
A5101715620,W3129482887,middle
A5038668215,W3129482887,middle
A5089404640,W3129482887,last
A5100357128,W2912351665,first
A5101586840,W2912351665,middle
A5074355807,W2912351665,middle
A5100408983,W2912351665,middle
A5044651577,W2912351665,middle
A5039318240,W2912351665,last
A5022574607,W2807873315,first
A5038994448,W2807873315,middle
A5044042138,W2807873315,middle
A5068023300,W2807873315,middle
A5102861619,W2807873315,middle
A5100452974,W2807873315,last
A5013041264,W2983995706,first
A5100707822,W2983995706,middle
A5079185258,W2983995706,middle
A5009408707,W2983995706,last
A5101693600,W2741750617,first
A5101577090,W2741750617,middle
A5100320723,W2741750617,middle
A5046448314,W2741750617,last
A5101913012,W2514852614,first
A5044042138,W2514852614,middle
A5100452974,W2514852614,last
A5100668503,W2889583850,first
A5065882341,W2889583850,middle
A5101400717,W2889583850,middle
A5043098453,W2889583850,middle
A5100320723,W2889583850,middle
A5046448314,W2889583850,middle
A5003324011,W2889583850,last
A5041560675,W4312044727,first
A5065529268,W4312044727,middle
A5114594103,W4312044727,middle
A5110915979,W4312044727,middle
A5114594168,W4312044727,middle
A5068832926,W4312044727,middle
A5090455375,W4312044727,middle
A5053345000,W4312044727,last
A5088291592,W2963485453,first
A5100702488,W2963485453,last
A5101577090,W2526174222,first
A5100320723,W2526174222,middle
A5091587552,W2526174222,middle
A5046448314,W2526174222,last
A5101577090,W2572179331,first
A5100320723,W2572179331,middle
A5046448314,W2572179331,last
A5089259739,W2919278763,first
A5060484186,W2919278763,middle
A5030767284,W2919278763,middle
A5051526091,W2919278763,middle
A5100329931,W2919278763,middle
A5102018239,W2919278763,last
A5001696853,W4401754921,first
A5100354377,W4401754921,middle
A5100394814,W4401754921,middle
A5091748443,W4401754921,middle
A5003834274,W4401754921,middle
A5075535352,W4401754921,middle
A5060484186,W4401754921,middle
A5102018239,W4401754921,middle
A5089259739,W4401754921,last
A5051839900,W4381679608,first
A5037546695,W4381679608,middle
A5089259739,W4381679608,middle
A5100345062,W4381679608,middle
A5101552401,W4381679608,middle
A5074240680,W4381679608,middle
A5060364374,W4381679608,middle
A5102018239,W4381679608,last
A5100641664,W4229024390,first
A5089259739,W4229024390,middle
A5092346117,W4229024390,middle
A5100930897,W4229024390,middle
A5065907658,W4229024390,middle
A5028104073,W4229024390,middle
A5101488344,W4229024390,middle
A5101718341,W4229024390,middle
A5102018239,W4229024390,last
A5101524043,W2912664727,first
A5100402996,W2912664727,middle
A5101593662,W2912664727,middle
A5087823830,W2912664727,middle
A5100424699,W2912664727,middle
A5100668121,W2912664727,middle
A5100760812,W2912664727,middle
A5009408707,W2912664727,last
A5100397448,W3134371412,first
A5062623705,W3134371412,middle
A5037311972,W3134371412,middle
A5100704142,W3134371412,middle
A5086528941,W3134371412,middle
A5041011296,W3134371412,middle
A5090720315,W3134371412,middle
A5001571390,W3134371412,last
A5060484186,W2945302307,first
A5089259739,W2945302307,middle
A5058407280,W2945302307,middle
A5085691361,W2945302307,middle
A5066422711,W2945302307,middle
A5102018239,W2945302307,last
A5063307425,W4386275705,first
A5081789111,W4386275705,middle
A5042424428,W4386275705,middle
A5060498828,W4386275705,middle
A5038612499,W4386275705,middle
A5003324011,W4386275705,last
A5102006979,W3001896264,first
A5100361564,W3001896264,middle
A5100549057,W3001896264,middle
A5057508424,W3001896264,middle
A5118458994,W3001896264,last
A5037571401,W2970921796,first
A5013247988,W2970921796,middle
A5060498828,W2970921796,middle
A5011813023,W2970921796,middle
A5003324011,W2970921796,middle
A5089404640,W2970921796,last
A5010057779,W3211888892,first
A5023256521,W3211888892,middle
A5100378166,W3211888892,middle
A5047447972,W3211888892,last
A5058308999,W3114916066,first
A5061237050,W3114916066,middle
A5044665993,W3114916066,middle
A5101481141,W3114916066,middle
A5042415262,W3114916066,middle
A5088834359,W3114916066,middle
A5100459130,W3114916066,last
A5100448121,W2962869320,first
A5062125301,W2962869320,middle
A5115602506,W2962869320,middle
A5085691361,W2962869320,middle
A5050711042,W2962869320,middle
A5073592405,W2962869320,middle
A5102018239,W2962869320,last
A5028644784,W2571811098,first
A5003324011,W2571811098,last
A5100668503,W2788798739,first
A5100320723,W2788798739,middle
A5046448314,W2788798739,last
A5101499972,W2524949478,first
A5100373451,W2524949478,middle
A5026477069,W2524949478,middle
A5101472135,W2524949478,middle
A5101511862,W2524949478,last
A5074799043,W3003507729,first
A5100660086,W3003507729,middle
A5022672030,W3003507729,middle
A5046576694,W3003507729,middle
A5054067088,W3003507729,last
A5100419183,W4382239895,first
A5102528377,W4382239895,middle
A5100625645,W4382239895,middle
A5048486573,W4382239895,last
A5076880724,W2986176093,first
A5100734069,W2986176093,middle
A5112695519,W2986176093,last
A5100406106,W3014406063,first
A5018055568,W3014406063,middle
A5079101040,W3014406063,middle
A5037251172,W3014406063,middle
A5011789987,W3014406063,middle
A5104096489,W3014406063,last
A5005170146,W2172684358,first
A5101929507,W2172684358,middle
A5089599249,W2172684358,middle
A5084318285,W2172684358,last
A5102840184,W3156850293,first
A5037571401,W3156850293,middle
A5060498828,W3156850293,middle
A5003324011,W3156850293,middle
A5101756436,W3156850293,last
A5101715620,W3187454871,first
A5045238792,W3187454871,middle
A5100389037,W3187454871,middle
A5101438463,W3187454871,middle
A5058611515,W3187454871,last
A5102989996,W4224317449,first
A5072484211,W4224317449,last
A5100680672,W4285600519,first
A5047846625,W4285600519,middle
A5065846668,W4285600519,last
A5017431694,W4386076360,first
A5100330734,W4386076360,middle
A5066553616,W4386076360,last
A5101913012,W2336384382,first
A5044042138,W2336384382,middle
A5055848354,W2336384382,middle
A5100452974,W2336384382,last
A5107981872,W3035191547,first
A5100757101,W3035191547,middle
A5101784459,W3035191547,middle
A5100397616,W3035191547,middle
A5100420391,W3035191547,middle
A5100619237,W3035191547,last
A5025250287,W3034569646,first
A5070196864,W3034569646,middle
A5102363883,W3034569646,middle
A5100320723,W3034569646,last
A5100704142,W3035442578,first
A5100397486,W3035442578,middle
A5101765638,W3035442578,middle
A5062623705,W3035442578,middle
A5087283829,W3035442578,middle
A5001571390,W3035442578,last
A5106671208,W2963157366,first
A5102363883,W2963157366,middle
A5046448314,W2963157366,middle
A5100320723,W2963157366,last
A5035163745,W3080152140,first
A5060200431,W3080152140,middle
A5101552118,W3080152140,middle
A5074618552,W3080152140,middle
A5090720315,W3080152140,middle
A5001571390,W3080152140,middle
A5100459168,W3080152140,middle
A5000245150,W3080152140,last
A5078879815,W3029587262,first
A5101524540,W3029587262,middle
A5050281328,W3029587262,middle
A5032277491,W3029587262,middle
A5100423656,W3029587262,middle
A5058043497,W3029587262,middle
A5044651577,W3029587262,last
A5066791662,W4400612817,first
A5066205926,W4400612817,middle
A5061558275,W4400612817,middle
A5101081574,W4400612817,middle
A5037267035,W4400612817,last
A5100622261,W2558476738,first
A5044665993,W2558476738,middle
A5100636629,W2558476738,middle
A5088834359,W2558476738,last
A5101400717,W2890216969,first
A5060498828,W2890216969,middle
A5003324011,W2890216969,middle
A5100320723,W2890216969,last
A5023919188,W3164032516,first
A5100929165,W3164032516,middle
A5001810569,W3164032516,middle
A5112722669,W3164032516,middle
A5112478420,W3164032516,middle
A5075284964,W3164032516,middle
A5100630777,W3164032516,middle
A5100768674,W3164032516,middle
A5034483183,W3164032516,middle
A5074195858,W3164032516,middle
A5016367316,W3164032516,middle
A5038111698,W3164032516,middle
A5002372684,W3164032516,middle
A5034281922,W3164032516,last
A5069869295,W3035336738,first
A5103021848,W3035336738,middle
A5087768777,W3035336738,middle
A5100386104,W3035336738,middle
A5100741568,W3035336738,last
A5051839900,W3215452784,first
A5100381999,W3215452784,middle
A5113093546,W3215452784,middle
A5101552401,W3215452784,middle
A5060484186,W3215452784,middle
A5068955094,W3215452784,middle
A5054995764,W3215452784,middle
A5100345062,W3215452784,middle
A5060364374,W3215452784,middle
A5102018239,W3215452784,last
A5081912397,W2487925454,first
A5100341802,W2487925454,middle
A5100633263,W2487925454,middle
A5100327243,W2487925454,last
A5100325346,W2901934569,first
A5100701504,W2901934569,middle
A5010290885,W2901934569,middle
A5028641941,W2901934569,middle
A5101854992,W2901934569,middle
A5100697907,W2901934569,middle
A5101656979,W2901934569,last
A5100419741,W3036397942,first
A5069331173,W3036397942,middle
A5032749574,W3036397942,middle
A5100423436,W3036397942,middle
A5070719868,W3036397942,middle
A5100399276,W3036397942,middle
A5058043497,W3036397942,middle
A5079362043,W3036397942,last
A5020700222,W3104007871,first
A5091491018,W3104007871,middle
A5061624006,W3104007871,middle
A5014662947,W3104007871,middle
A5100452974,W3104007871,middle
A5044042138,W3104007871,last
A5101658368,W2482023025,first
A5033785339,W2482023025,middle
A5060299343,W2482023025,middle
A5047709762,W2482023025,middle
A5084430029,W2482023025,middle
A5037132097,W2482023025,last
A5074468971,W3174048174,first
A5102824683,W3174048174,middle
A5015574447,W3174048174,middle
A5026532752,W3174048174,middle
A5101409300,W3174048174,last
A5100422092,W4287252285,first
A5004361143,W4287252285,middle
A5100710457,W4287252285,middle
A5101626204,W4287252285,middle
A5022290876,W4287252285,last
A5060517125,W4290927794,first
A5085791658,W4290927794,middle
A5090720315,W4290927794,middle
A5051534896,W4290927794,middle
A5048486573,W4290927794,middle
A5034483183,W4290927794,last
A5104139165,W4285261975,first
A5043098453,W4285261975,middle
A5101818061,W4285261975,middle
A5060498828,W4285261975,middle
A5003324011,W4285261975,middle
A5100320723,W4285261975,middle
A5108129241,W4285261975,middle
A5100620306,W4285261975,last
A5064826982,W4321480047,first
A5072316323,W4321480047,middle
A5060417049,W4321480047,middle
A5100705849,W4321480047,middle
A5100353721,W4321480047,middle
A5020113235,W4321480047,middle
A5100320723,W4321480047,last
A5019206012,W2004858782,first
A5003324011,W2004858782,middle
A5028644784,W2004858782,middle
A5101705698,W2004858782,last
A5043098453,W2577076988,first
A5100320723,W2577076988,middle
A5046448314,W2577076988,last
A5101400717,W2971142670,first
A5012938939,W2971142670,middle
A5100668503,W2971142670,middle
A5060498828,W2971142670,middle
A5003324011,W2971142670,middle
A5100320723,W2971142670,last
A5042746887,W4221021831,first
A5089259739,W4221021831,middle
A5064386877,W4221021831,middle
A5060484186,W4221021831,middle
A5100334231,W4221021831,middle
A5090294171,W4221021831,middle
A5017124285,W4221021831,middle
A5102018239,W4221021831,last
A5100331436,W4402716098,first
A5100342243,W4402716098,middle
A5086506020,W4402716098,middle
A5009825420,W4402716098,middle
A5101886554,W4402716098,middle
A5010034064,W4402716098,middle
A5100719304,W4402716098,last
A5101577090,W2964262329,first
A5100320723,W2964262329,middle
A5102486495,W2964262329,middle
A5023086553,W2964262329,last
A5026844462,W3156351347,first
A5026716125,W3156351347,middle
A5045164115,W3156351347,middle
A5018828723,W3156351347,middle
A5001571390,W3156351347,middle
A5100778479,W3156351347,middle
A5100681023,W3156351347,last
A5051997286,W4403791927,first
A5100345062,W4403791927,middle
A5029128305,W4403791927,middle
A5102215967,W4403791927,middle
A5023045386,W4403791927,middle
A5102018239,W4403791927,last
A5100611033,W3106176046,first
A5062125301,W3106176046,middle
A5000814233,W3106176046,middle
A5073592405,W3106176046,middle
A5102018239,W3106176046,last
A5002254187,W3093200502,first
A5022927606,W3093200502,middle
A5100339293,W3093200502,last
A5109576748,W4206136286,first
A5100428572,W4206136286,middle
A5040328543,W4206136286,middle
A5101821806,W4206136286,last
A5085730907,W2776054229,first
A5051803761,W2776054229,middle
A5100366692,W2776054229,middle
A5039318240,W2776054229,last
A5114060810,W4414290389,first
A5039653330,W4414290389,middle
A5101922527,W4414290389,middle
A5068273646,W4414290389,middle
A5101589741,W4414290389,middle
A5091294648,W4414290389,middle
A5103199084,W4414290389,middle
A5101848725,W4414290389,middle
A5081938206,W4414290389,middle
A5100624617,W4414290389,middle
A5008663435,W4414290389,middle
A5028525523,W4414290389,last
A5089259739,W3012584427,first
A5060484186,W3012584427,middle
A5030767284,W3012584427,middle
A5085691361,W3012584427,middle
A5100441646,W3012584427,middle
A5102018239,W3012584427,last
A5085691361,W4379382656,first
A5042099863,W4379382656,middle
A5100345062,W4379382656,middle
A5066422711,W4379382656,middle
A5100461968,W4379382656,middle
A5100444409,W4379382656,middle
A5060350556,W4379382656,middle
A5102018239,W4379382656,last
A5100348795,W3035566692,first
A5100402926,W3035566692,middle
A5101524043,W3035566692,middle
A5100668121,W3035566692,middle
A5100760812,W3035566692,last
A5100441094,W4224309032,first
A5040266310,W4224309032,middle
A5100737672,W4224309032,middle
A5030612674,W4224309032,middle
A5025295947,W4224309032,middle
A5052284218,W4224309032,middle
A5044791875,W4224309032,last
A5100728007,W2966459188,first
A5110766031,W2966459188,middle
A5019650735,W2966459188,middle
A5087158377,W2966459188,middle
A5074745823,W2966459188,middle
A5085787425,W2966459188,last
A5100450652,W4207076851,first
A5100448121,W4207076851,middle
A5050374736,W4207076851,middle
A5100725719,W4207076851,middle
A5102018239,W4207076851,last
A5051741610,W4393260925,first
A5027981404,W4393260925,middle
A5072484211,W4393260925,last
A5064887293,W3101786725,first
A5100360194,W3101786725,middle
A5103097172,W3101786725,middle
A5111113722,W3101786725,last
A5026261925,W4391681328,first
A5100394814,W4391681328,middle
A5049402483,W4391681328,middle
A5090294171,W4391681328,middle
A5100416208,W4391681328,middle
A5102018239,W4391681328,middle
A5089259739,W4391681328,last
A5065134183,W2963276152,first
A5044042138,W2963276152,middle
A5102860009,W2963276152,middle
A5087905778,W2963276152,middle
A5111512416,W2963276152,middle
A5100452974,W2963276152,last
A5100450652,W4284687473,first
A5100448121,W4284687473,middle
A5074207407,W4284687473,middle
A5007883361,W4284687473,middle
A5050374736,W4284687473,middle
A5100691007,W4284687473,middle
A5102018239,W4284687473,last
A5101844109,W2579831760,first
A5044042138,W2579831760,middle
A5100397623,W2579831760,middle
A5100452974,W2579831760,last
A5058342791,W4221157571,first
A5089259739,W4221157571,middle
A5100930897,W4221157571,middle
A5100641664,W4221157571,middle
A5100691089,W4221157571,middle
A5090294171,W4221157571,middle
A5067676008,W4221157571,middle
A5102018239,W4221157571,last
A5101538534,W4225632115,first
A5040655519,W4225632115,middle
A5075507821,W4225632115,middle
A5090455375,W4225632115,last
A5022924513,W4226361124,first
A5100777438,W4226361124,middle
A5100333758,W4226361124,last
A5100422092,W4387789903,first
A5037482496,W4387789903,middle
A5004361143,W4387789903,middle
A5101594431,W4387789903,middle
A5054067088,W4387789903,middle
A5101984697,W4387789903,middle
A5022290876,W4387789903,last
A5089322101,W3154815051,first
A5070985028,W3154815051,middle
A5044064034,W3154815051,middle
A5029032976,W3154815051,middle
A5048638931,W3154815051,last
A5101400717,W3100187427,first
A5100668503,W3100187427,middle
A5060498828,W3100187427,middle
A5003324011,W3100187427,middle
A5100320723,W3100187427,middle
A5100444201,W3100187427,middle
A5067594005,W3100187427,middle
A5037925740,W3100187427,last
A5089259739,W3166051255,first
A5079516733,W3166051255,middle
A5060484186,W3166051255,middle
A5103125470,W3166051255,middle
A5058342791,W3166051255,middle
A5100691089,W3166051255,middle
A5083156453,W3166051255,middle
A5033164669,W3166051255,middle
A5100434550,W3166051255,middle
A5071141175,W3166051255,middle
A5102018239,W3166051255,last
A5042099863,W4385270408,first
A5085691361,W4385270408,middle
A5066422711,W4385270408,middle
A5100450652,W4385270408,middle
A5100557052,W4385270408,middle
A5100448121,W4385270408,middle
A5102018239,W4385270408,last
A5073449145,W1509849758,first
A5085818578,W1509849758,middle
A5015313855,W1509849758,last
A5005142250,W4386811014,first
A5113002579,W4386811014,middle
A5053056639,W4386811014,middle
A5100658879,W4386811014,middle
A5007566667,W4386811014,last
A5058342791,W4385574107,first
A5089259739,W4385574107,middle
A5114375874,W4385574107,middle
A5102018239,W4385574107,last
A5026261925,W4388776291,first
A5101863818,W4388776291,middle
A5100394814,W4388776291,middle
A5087796565,W4388776291,middle
A5090294171,W4388776291,middle
A5089259739,W4388776291,last
A5038246814,W3209080096,first
A5017254188,W3209080096,middle
A5104101892,W3209080096,middle
A5022919897,W3209080096,middle
A5058087669,W3209080096,middle
A5062750482,W3209080096,middle
A5050456727,W3209080096,middle
A5044171766,W3209080096,middle
A5065882341,W3209080096,middle
A5102840184,W3209080096,middle
A5046687207,W3209080096,middle
A5060498828,W3209080096,middle
A5043098453,W3209080096,middle
A5101617866,W3209080096,middle
A5055981994,W3209080096,middle
A5101639735,W3209080096,middle
A5003324011,W3209080096,middle
A5044791875,W3209080096,middle
A5046448314,W3209080096,last
A5004545610,W4328127395,first
A5052892856,W4328127395,middle
A5032187620,W4328127395,middle
A5100355277,W4328127395,last
A5034129532,W3211468413,first
A5073040621,W3211468413,middle
A5004545610,W3211468413,middle
A5044100655,W3211468413,middle
A5100355277,W3211468413,last
A5114073558,W4409379779,first
A5112977912,W4409379779,middle
A5101673341,W4409379779,middle
A5030286886,W4409379779,middle
A5048248814,W4409379779,middle
A5079888872,W4409379779,last
A5100345062,W3202473058,first
A5085691361,W3202473058,middle
A5042099863,W3202473058,middle
A5066422711,W3202473058,middle
A5050374736,W3202473058,middle
A5102018239,W3202473058,last
A5053654349,W4390146402,first
A5100357109,W4390146402,middle
A5034637109,W4390146402,middle
A5100330824,W4390146402,middle
A5100627090,W4390146402,middle
A5104129127,W4390146402,middle
A5090400879,W4390146402,middle
A5101457293,W4390146402,middle
A5082256814,W4390146402,middle
A5049944728,W4390146402,middle
A5100768896,W4390146402,last
A5047674498,W4367047490,first
A5006790291,W4367047490,middle
A5039166924,W4367047490,middle
A5072787288,W4367047490,middle
A5041083459,W4367047490,middle
A5029588473,W4367047490,middle
A5013911439,W4367047490,last
A5100352820,W2942231519,first
A5144259824,W2942231519,middle
A5144304348,W2942231519,middle
A5144243031,W2942231519,middle
A5100344628,W2942231519,middle
A5100394926,W2942231519,last
A5101920357,W4284672936,first
A5018184037,W4284672936,middle
A5100432093,W4284672936,middle
A5050328715,W4284672936,middle
A5006238145,W4284672936,last
A5100450652,W4285606599,first
A5118983686,W4285606599,middle
A5050374736,W4285606599,middle
A5100725719,W4285606599,middle
A5102018239,W4285606599,last
A5026663768,W4396982395,first
A5114594168,W4396982395,middle
A5107954053,W4396982395,middle
A5065529268,W4396982395,middle
A5074371475,W4396982395,middle
A5090455375,W4396982395,middle
A5011384237,W4396982395,last
A5009127587,W3197381498,first
A5016443523,W3197381498,middle
A5044042138,W3197381498,last
A5100388690,W3202082017,first
A5016081741,W3202082017,middle
A5018343158,W3202082017,middle
A5058069028,W3202082017,middle
A5017862559,W3202082017,last
A5039226267,W4224131719,first
A5058519912,W4224131719,middle
A5078520300,W4224131719,middle
A5037546695,W4224131719,middle
A5076265623,W4224131719,last
A5063552937,W4319795207,first
A5015427218,W4319795207,middle
A5085887838,W4319795207,middle
A5100432093,W4319795207,middle
A5006238145,W4319795207,last
A5100665611,W4322736931,first
A5101555948,W4322736931,middle
A5100346529,W4322736931,middle
A5100441256,W4322736931,middle
A5078072524,W4322736931,middle
A5100416978,W4322736931,middle
A5049397022,W4322736931,middle
A5050456727,W4322736931,middle
A5100458629,W4322736931,middle
A5044791875,W4322736931,last
A5101731922,W4402671243,first
A5100449226,W4402671243,middle
A5035562693,W4402671243,middle
A5103169944,W4402671243,middle
A5102019719,W4402671243,middle
A5101539090,W4402671243,middle
A5060524512,W4402671243,middle
A5042874172,W4402671243,middle
A5048489384,W4402671243,middle
A5074059447,W4402671243,middle
A5101537931,W4402671243,last
A5046139808,W4393154896,first
A5100708608,W4393154896,middle
A5100345062,W4393154896,middle
A5018408488,W4393154896,middle
A5055937409,W4393154896,middle
A5100686044,W4393154896,middle
A5100723431,W4393154896,middle
A5079260216,W4393154896,middle
A5081297475,W4393154896,middle
A5101779299,W4393154896,middle
A5118983686,W4393154896,last
A5041756873,W4383890187,first
A5100727266,W4383890187,middle
A5100716195,W4383890187,middle
A5100728474,W4383890187,middle
A5072210083,W4383890187,middle
A5013595762,W4383890187,middle
A5027731066,W4383890187,middle
A5052409500,W4383890187,middle
A5101437247,W4383890187,middle
A5100657058,W4383890187,middle
A5046419834,W4383890187,middle
A5101470756,W4383890187,middle
A5053169627,W4383890187,last
A5100412889,W4379108576,first
A5101485989,W4379108576,middle
A5005679017,W4379108576,middle
A5101701726,W4379108576,middle
A5101687931,W4379108576,middle
A5081485810,W4379108576,middle
A5005421447,W4379108576,middle
A5100336360,W4379108576,last
A5100444201,W4385482714,first
A5100450665,W4385482714,middle
A5118983686,W4385482714,last
A5018467344,W4380344018,first
A5001846517,W4380344018,middle
A5101679484,W4380344018,middle
A5100379732,W4380344018,middle
A5112613657,W4380344018,last
A5062415787,W4390532736,first
A5102975654,W4390532736,middle
A5100757927,W4390532736,last
A5107951048,W4407165300,first
A5100453158,W4407165300,middle
A5109793170,W4407165300,middle
A5100441592,W4407165300,middle
A5016577232,W4407165300,middle
A5023811312,W4407165300,middle
A5101407209,W4407165300,middle
A5083736034,W4407165300,middle
A5043001970,W4407165300,last
A5100762359,W4404562698,first
A5068929700,W4404562698,middle
A5028001200,W4404562698,last
A5075535352,W4366331080,first
A5027273132,W4366331080,middle
A5089259739,W4366331080,middle
A5037216720,W4366331080,middle
A5060484186,W4366331080,middle
A5102018239,W4366331080,last
A5101904389,W4403680948,first
A5059978816,W4403680948,middle
A5012599026,W4403680948,middle
A5108816085,W4403680948,last
A5077755385,W4400525003,first
A5085791658,W4400525003,middle
A5081560197,W4400525003,middle
A5060517125,W4400525003,middle
A5001925012,W4400525003,middle
A5048486573,W4400525003,middle
A5023919188,W4400525003,last
A5101953579,W4408507944,first
A5067031572,W4408507944,middle
A5029754897,W4408507944,middle
A5109781218,W4408507944,middle
A5100746224,W4408507944,middle
A5005820786,W4408507944,last
A5116592748,W4409209969,first
A5101751750,W4409209969,middle
A5009790777,W4409209969,middle
A5053550707,W4409209969,last
A5110722405,W4410683950,first
A5005340074,W4410683950,middle
A5013420106,W4410683950,middle
A5100841446,W4410683950,middle
A5049836780,W4410683950,middle
A5100433433,W4410683950,middle
A5101612957,W4410683950,middle
A5059721426,W4410683950,last
A5100721735,W4416612650,first
A5100329487,W4416612650,middle
A5069145492,W4416612650,last
A5042099863,W4405740227,first
A5085691361,W4405740227,middle
A5113063735,W4405740227,middle
A5100345062,W4405740227,middle
A5023045386,W4405740227,middle
A5010693174,W4400486570,last
A5100396049,W4412956629,first
A5014407416,W4412956629,middle
A5102016049,W4412956629,middle
A5100397486,W4412956629,middle
A5100397486,W4412956629,middle
A5102887069,W4412956629,middle
A5110006885,W4412956629,middle
A5100639658,W4412956629,last
A5100647391,W4416961238,first
A5103221383,W4416961238,middle
A5100457574,W4416961238,middle
A5061219446,W4416961238,middle
A5075722123,W4416961238,middle
A5079461118,W4416961238,middle
A5058611515,W4416961238,middle
A5101727888,W4416961238,last
A5066517485,W4401863536,first
A5100367178,W4401863536,middle
A5103057256,W4401863536,middle
A5108037163,W4401863536,last
A5086384374,W4412944954,first
A5113686760,W4412944954,middle
A5107859097,W4412944954,middle
A5043363677,W4412944954,middle
A5100731664,W4412944954,middle
A5085094109,W4412944954,middle
A5103141832,W4412944954,last
A5003898691,W7133964346,first
A5128185866,W7133964346,middle
A5128203881,W7133964346,middle
A5086754171,W7133964346,middle
A5121871329,W7133964346,middle
A5128201340,W7133964346,last
A5085578723,W2965653989,first
A5091687257,W2965653989,middle
A5077201324,W2965653989,middle
A5091132390,W2965653989,middle
A5113489059,W2965653989,middle
A5046576694,W2965653989,middle
A5000596496,W2965653989,last
A5028644784,W2294078178,first
A5003324011,W2294078178,middle
A5019206012,W2294078178,middle
A5057490272,W2294078178,middle
A5100443403,W2294078178,middle
A5100342577,W2294078178,middle
A5033120372,W2294078178,middle
A5101666117,W2294078178,middle
A5101949155,W2294078178,middle
A5044791875,W2294078178,last
A5055175414,W2941274872,first
A5032965844,W2941274872,middle
A5069869295,W2941274872,middle
A5076168347,W2941274872,middle
A5101472135,W2941274872,middle
A5101511862,W2941274872,last
A5037311972,W2994717084,first
A5101588984,W2994717084,middle
A5090720315,W2994717084,middle
A5018977183,W2994717084,middle
A5077231313,W2994717084,last
A5101781628,W2808652502,first
A5112695519,W2808652502,middle
A5100673743,W2808652502,middle
A5037942269,W2808652502,middle
A5102013345,W2808652502,last
A5101613727,W2604791493,first
A5100343712,W2604791493,middle
A5111618601,W2604791493,middle
A5037713427,W2604791493,middle
A5100422092,W2604791493,middle
A5100383221,W2604791493,middle
A5009750935,W2604791493,last
A5028860597,W2131753116,first
A5011542448,W2131753116,middle
A5100576386,W2131753116,middle
A5075033889,W2131753116,middle
A5090151187,W2131753116,last
A5012401537,W2039281672,first
A5100434028,W2039281672,middle
A5111789821,W2039281672,middle
A5028491176,W2039281672,last
A5112695519,W2970485665,first
A5100461265,W2970485665,middle
A5101458727,W2970485665,middle
A5087823830,W2970485665,middle
A5009408707,W2970485665,last
A5043904334,W2566820872,first
A5039621382,W2566820872,middle
A5085818578,W2566820872,last
A5100735881,W2767692092,first
A5100451576,W2767692092,middle
A5049519805,W2767692092,middle
A5100951661,W2767692092,last
A5062499743,W3210317057,first
A5009228005,W3210317057,middle
A5008647105,W3210317057,middle
A5100346697,W3210317057,middle
A5100781212,W3210317057,middle
A5019180907,W3210317057,middle
A5100339293,W3210317057,last
A5005170146,W2522332826,first
A5101929509,W2522332826,middle
A5084318285,W2522332826,middle
A5004580149,W2522332826,last
A5100629869,W2596775847,first
A5068673597,W2596775847,last
A5102834811,W2934677901,first
A5037571401,W2934677901,middle
A5066905801,W2934677901,middle
A5060498828,W2934677901,middle
A5003324011,W2934677901,middle
A5100364010,W2934677901,last
A5012767739,W3166938950,first
A5084564357,W3166938950,middle
A5100611243,W3166938950,middle
A5100669255,W3166938950,middle
A5060116992,W3166938950,last
A5103960214,W2985576648,first
A5011504177,W2985576648,middle
A5078367709,W2985576648,middle
A5023921104,W2985576648,last
A5100640212,W2251182116,first
A5100740415,W2251182116,middle
A5100391517,W2251182116,middle
A5100346448,W2251182116,last
A5035985651,W2908826119,first
A5101681014,W2908826119,middle
A5034954011,W2908826119,middle
A5101546902,W2908826119,middle
A5113950414,W2908826119,middle
A5041539823,W2908826119,middle
A5082599714,W2908826119,middle
A5044791875,W2908826119,last
A5007320841,W2996678664,first
A5080659687,W2996678664,last
A5047108321,W3022382967,first
A5100708486,W3022382967,middle
A5101882533,W3022382967,last
A5041581408,W3217374296,first
A5100373451,W3217374296,middle
A5050830339,W3217374296,middle
A5101851065,W3217374296,middle
A5089187298,W3217374296,middle
A5101434435,W3217374296,middle
A5108705811,W3217374296,last
A5020086523,W4210914368,first
A5055921455,W4210914368,last
A5101659958,W4230454915,first
A5100395316,W4230454915,middle
A5007500583,W4230454915,middle
A5017984840,W4230454915,last
A5100373451,W1608376207,first
A5101472134,W1608376207,middle
A5101434435,W1608376207,middle
A5022325814,W1608376207,last
A5075507821,W2604197414,first
A5090455375,W2604197414,middle
A5100388333,W2604197414,middle
A5109215309,W2604197414,middle
A5063351917,W2604197414,last
A5049240605,W2889870114,first
A5114061948,W2889870114,last
A5102711199,W3010644598,first
A5105068548,W3010644598,middle
A5100669304,W3010644598,middle
A5102074422,W3010644598,middle
A5012766723,W3010644598,last
A5012767739,W3173937547,first
A5084564357,W3173937547,middle
A5100611243,W3173937547,middle
A5062247330,W3173937547,middle
A5100669255,W3173937547,middle
A5060116992,W3173937547,last
A5053909989,W3189907793,first
A5100613117,W3189907793,middle
A5085691361,W3189907793,middle
A5100329931,W3189907793,middle
A5018964518,W3189907793,middle
A5089259739,W3189907793,middle
A5051649145,W3189907793,last
A5070709298,W2985165384,first
A5068832926,W2985165384,middle
A5102922412,W2985165384,middle
A5042091430,W2985165384,middle
A5057864403,W2985165384,middle
A5090455375,W2985165384,middle
A5082599714,W2985165384,last
A5101488072,W3180352486,first
A5032965844,W3180352486,middle
A5101472134,W3180352486,middle
A5101511862,W3180352486,middle
A5041572550,W3180352486,middle
A5089404640,W3180352486,last
A5042099863,W3188599330,first
A5085691361,W3188599330,middle
A5047927086,W3188599330,middle
A5050374736,W3188599330,middle
A5100756634,W3188599330,middle
A5102018239,W3188599330,last
A5100353780,W3012409376,first
A5006760273,W3012409376,middle
A5100440533,W3012409376,middle
A5102979496,W3012409376,middle
A5058043497,W3012409376,last
A5101689420,W4304142382,first
A5100335705,W4304142382,middle
A5100668826,W4304142382,middle
A5044695231,W4304142382,middle
A5068527488,W4304142382,middle
A5100754504,W4304142382,middle
A5100748135,W4304142382,last
A5027050251,W4367047402,first
A5074199725,W4367047402,middle
A5100405697,W4367047402,last
A5100634312,W2890711249,first
A5100361891,W2890711249,middle
A5028388778,W2890711249,middle
A5038355295,W2890711249,middle
A5014243317,W2890711249,middle
A5070094915,W2890711249,middle
A5041083459,W2890711249,last
A5016724158,W3115091907,first
A5101481141,W3115091907,middle
A5044665993,W3115091907,middle
A5100459130,W3115091907,last
A5100355692,W3125333348,first
A5100697907,W3125333348,middle
A5101854992,W3125333348,middle
A5077658936,W3125333348,middle
A5028641941,W3125333348,middle
A5100669206,W3125333348,last
A5101599383,W4372259959,first
A5082613662,W4372259959,middle
A5100386895,W4372259959,middle
A5100631506,W4372259959,middle
A5045139591,W4372259959,middle
A5038273708,W4372259959,last
A5066874145,W4379206827,first
A5110849478,W4379206827,middle
A5040501126,W4379206827,middle
A5078003862,W4379206827,middle
A5086052373,W4379206827,last
A5100337987,W4385573097,first
A5065887901,W4385573097,middle
A5101851065,W4385573097,middle
A5048603584,W4385573097,middle
A5100332096,W4385573097,middle
A5100331094,W4385573097,middle
A5088526794,W4385573097,last
A5035067940,W3168743030,first
A5027802426,W3168743030,middle
A5020511969,W3168743030,middle
A5087168870,W3168743030,middle
A5100728666,W3168743030,middle
A5057735128,W3168743030,middle
A5100627090,W3168743030,middle
A5066380580,W3168743030,middle
A5100768896,W3168743030,last
A5114549734,W3174738170,first
A5104107945,W3174738170,middle
A5006918187,W3174738170,middle
A5100425839,W3174738170,middle
A5009957887,W3174738170,middle
A5024078415,W3174738170,middle
A5100718934,W3174738170,middle
A5016933602,W3174738170,middle
A5009408707,W3174738170,last
A5062621570,W3193273225,first
A5017124285,W3193273225,middle
A5043749799,W3193273225,middle
A5061181730,W3193273225,middle
A5100358079,W3193273225,middle
A5100318285,W3193273225,middle
A5101865461,W3193273225,middle
A5071787279,W3193273225,middle
A5100297784,W3193273225,middle
A5003943585,W3193273225,middle
A5100611571,W3193273225,middle
A5101639735,W3193273225,last
A5013258788,W3197754599,first
A5100406781,W3197754599,middle
A5054962782,W3197754599,middle
A5100360407,W3197754599,last
A5102018239,W3160260982,first
A5044196870,W3160260982,middle
A5102803694,W3160260982,middle
A5039059501,W3160260982,middle
A5026261925,W3160260982,middle
A5100428213,W3160260982,middle
A5070300415,W3160260982,last
A5100433137,W3213525309,first
A5056644602,W3213525309,middle
A5060837414,W3213525309,middle
A5049944728,W3213525309,middle
A5101815945,W3213525309,last
A5100345062,W4320507215,first
A5046139808,W4320507215,middle
A5085691361,W4320507215,middle
A5042099863,W4320507215,middle
A5051839900,W4320507215,middle
A5066422711,W4320507215,middle
A5089259739,W4320507215,middle
A5023045386,W4320507215,last
A5032965844,W2960538829,first
A5101488072,W2960538829,middle
A5100963457,W2960538829,middle
A5038668215,W2960538829,middle
A5101472134,W2960538829,middle
A5101511862,W2960538829,last
A5102006979,W3209967235,first
A5100361565,W3209967235,middle
A5118458994,W3209967235,middle
A5057508424,W3209967235,last
A5100620306,W3152893301,first
A5102542015,W3152893301,middle
A5010557815,W3152893301,middle
A5101584823,W3152893301,middle
A5060417049,W3152893301,middle
A5100320723,W3152893301,middle
A5100399603,W3152893301,middle
A5070644871,W3152893301,middle
A5046448314,W3152893301,last
A5101990774,W2664267452,first
A5089804645,W2664267452,middle
A5073314811,W2664267452,middle
A5089047237,W2664267452,middle
A5100348649,W2664267452,middle
A5039990441,W2664267452,middle
A5108749325,W2664267452,middle
A5066750132,W2664267452,middle
A5102900838,W2664267452,middle
A5100424222,W2664267452,middle
A5100424222,W2664267452,last
A5011193488,W4321232185,first
A5100742006,W4321232185,middle
A5045598417,W4321232185,middle
A5103215306,W4321232185,middle
A5100614065,W4321232185,middle
A5100393506,W4321232185,middle
A5029371371,W4321232185,last
A5068755794,W2774644650,first
A5051687191,W2774644650,middle
A5031863731,W2774644650,middle
A5100341893,W2774644650,middle
A5100606995,W2774644650,middle
A5004579631,W2774644650,middle
A5100368377,W2774644650,last
A5100758169,W2799058067,first
A5054033403,W2799058067,middle
A5101584040,W2799058067,middle
A5101705530,W2799058067,middle
A5004579631,W2799058067,last
A5103121138,W2887280559,first
A5055546056,W2887280559,middle
A5065667064,W2887280559,middle
A5101792979,W2887280559,middle
A5041105948,W2887280559,middle
A5101510063,W2887280559,last
A5100452089,W2962851801,first
A5101717458,W2962851801,middle
A5066530136,W2962851801,middle
A5013240918,W2962851801,middle
A5049135681,W2962851801,middle
A5065063835,W2962851801,last
A5080414420,W2560722161,first
A5100627109,W2560722161,middle
A5065368881,W2560722161,last
A5082717970,W3003821665,first
A5040105498,W3003821665,middle
A5008633924,W3003821665,middle
A5006887059,W3003821665,middle
A5074218661,W3003821665,middle
A5100669249,W3003821665,middle
A5062662868,W3003821665,middle
A5100746962,W3003821665,last
A5083491323,W2964233199,first
A5090881698,W2964233199,middle
A5059372830,W2964233199,last
A5013240918,W2331143823,first
A5100772262,W2331143823,middle
A5025611496,W2331143823,middle
A5070586406,W2331143823,middle
A5006380227,W2331143823,last
A5020672335,W2962721361,first
A5100438001,W2962721361,middle
A5103125510,W2962721361,middle
A5100412576,W2962721361,middle
A5087818121,W2962721361,middle
A5010087030,W2962721361,last
A5100442619,W3011667710,first
A5009228005,W3011667710,middle
A5100339293,W3011667710,last
A5071538550,W2967515867,first
A5064513874,W2967515867,middle
A5088826157,W2967515867,middle
A5101685414,W2967515867,middle
A5002942261,W2967515867,last
A5062239185,W2572939427,first
A5100661022,W2572939427,middle
A5114911316,W2572939427,last
A5071654034,W2410591237,first
A5100405762,W2410591237,middle
A5071461704,W2410591237,middle
A5015791511,W2410591237,last
A5026741717,W2962778872,first
A5058136382,W2962778872,middle
A5015831706,W2962778872,middle
A5084959430,W2962778872,middle
A5100431792,W2962778872,middle
A5047962986,W2962778872,last
A5049414501,W1910776219,first
A5100732450,W1910776219,middle
A5100444820,W1910776219,middle
A5019708391,W1910776219,last
A5026184280,W2887695188,first
A5101979633,W2887695188,middle
A5101835756,W2887695188,middle
A5100389186,W2887695188,middle
A5079361172,W2887695188,middle
A5009239895,W2887695188,last
A5057033978,W2903282641,first
A5100756297,W2903282641,middle
A5025286392,W2903282641,last
A5021434848,W1934184906,first
A5004579631,W1934184906,last
A5021662942,W2808168148,first
A5011488839,W2808168148,middle
A5069837273,W2808168148,middle
A5084959430,W2808168148,middle
A5005421447,W2808168148,last
A5100668503,W3198659451,first
A5101584823,W3198659451,middle
A5100660086,W3198659451,middle
A5012938939,W3198659451,middle
A5100441094,W3198659451,middle
A5031223720,W3198659451,middle
A5083333630,W3198659451,middle
A5036266768,W3198659451,middle
A5111280340,W3198659451,middle
A5002925500,W3198659451,middle
A5101986620,W3198659451,middle
A5044042138,W3198659451,middle
A5009985839,W3198659451,middle
A5101616866,W3198659451,middle
A5100355692,W3198659451,middle
A5100320723,W3198659451,middle
A5103244144,W3198659451,middle
A5044665993,W3198659451,middle
A5101505571,W3198659451,middle
A5044791875,W3198659451,middle
A5025631695,W3198659451,middle
A5036378701,W3198659451,middle
A5037145565,W3198659451,middle
A5100606995,W3198659451,last
A5101827340,W4386076222,first
A5026944066,W4386076222,middle
A5100457637,W4386076222,middle
A5082831514,W4386076222,middle
A5100675974,W4386076222,middle
A5112877229,W4386076222,middle
A5027851405,W4386076222,middle
A5061696740,W4386076222,middle
A5000474748,W4386076222,middle
A5100732450,W4386076222,middle
A5100444820,W4386076222,middle
A5100748135,W4386076222,last
A5100657057,W3006005697,first
A5083295615,W3006005697,middle
A5083295615,W3006005697,middle
A5100686054,W3006005697,middle
A5042165620,W3006005697,middle
A5100689117,W3006005697,middle
A5071854504,W3006005697,last
A5101431030,W2981873476,first
A5078711649,W2981873476,middle
A5070360200,W2981873476,middle
A5101495751,W2981873476,middle
A5030837133,W2981873476,middle
A5101609697,W2981873476,last
A5101677993,W3034303554,first
A5048152070,W3034303554,middle
A5100385429,W3034303554,middle
A5101977412,W3034303554,middle
A5100709340,W3034303554,middle
A5063901724,W3034303554,middle
A5101959185,W3034303554,last
A5101471083,W2804032941,first
A5103206590,W2804032941,middle
A5008448494,W2804032941,middle
A5061339425,W2804032941,middle
A5000435983,W2804032941,middle
A5044149951,W2804032941,middle
A5036308058,W2804032941,middle
A5070031492,W2804032941,middle
A5101586926,W2804032941,middle
A5081914923,W2804032941,middle
A5090739892,W2804032941,middle
A5101497042,W2804032941,last
A5046165841,W4391092744,first
A5061563214,W4391092744,middle
A5083531923,W4391092744,last
A5100669249,W3044192339,first
A5008633924,W3044192339,middle
A5006887059,W3044192339,middle
A5082717970,W3044192339,middle
A5054894631,W3044192339,middle
A5023225287,W3044192339,middle
A5077896259,W3044192339,middle
A5100746962,W3044192339,middle
A5040105498,W3044192339,last
A5060417049,W2242161203,first
A5100320723,W2242161203,middle
A5101911374,W2242161203,middle
A5046448314,W2242161203,middle
A5013545831,W2242161203,last
A5101858368,W2963158438,first
A5065694554,W2963158438,middle
A5054198217,W2963158438,middle
A5029947227,W2963158438,middle
A5051958442,W2963158438,last
A5101485989,W2964052347,first
A5100427161,W2964052347,middle
A5038668215,W2964052347,middle
A5042324027,W2964052347,middle
A5004882141,W2964052347,middle
A5089404640,W2964052347,last
A5013240918,W2963993763,first
A5101944526,W2963993763,middle
A5109065097,W2963993763,middle
A5006380227,W2963993763,last
A5045300183,W2964304299,first
A5100407758,W2964304299,middle
A5008666077,W2964304299,middle
A5075880303,W2964304299,last
A5101580521,W2783538964,first
A5100334974,W2783538964,middle
A5100693197,W2783538964,middle
A5100375792,W2783538964,last
A5103120004,W2123229215,first
A5074834854,W2123229215,middle
A5009684691,W2123229215,middle
A5062252650,W2123229215,middle
A5046305086,W2123229215,middle
A5105096532,W2123229215,last
A5082404485,W2344786740,first
A5022735755,W2344786740,middle
A5008751186,W2344786740,middle
A5082017037,W2344786740,middle
A5080722708,W2344786740,last
A5045569962,W3204647170,first
A5013240918,W3204647170,middle
A5101868179,W3204647170,middle
A5015605020,W3204647170,middle
A5100682142,W3204647170,middle
A5100418037,W3204647170,last
A5045624501,W2964449965,first
A5076804411,W2964449965,middle
A5077900121,W2964449965,middle
A5101487157,W2964449965,middle
A5100731042,W2964449965,middle
A5100784734,W2964449965,last
A5021155429,W4312270234,first
A5018805700,W4312270234,middle
A5082694832,W4312270234,middle
A5058066577,W4312270234,middle
A5100620306,W4312270234,middle
A5100460385,W4312270234,last
A5050237799,W2695874637,first
A5001971942,W2695874637,middle
A5045705475,W2695874637,middle
A5031896665,W2695874637,last
A5010800424,W2964280870,first
A5019241553,W2964280870,middle
A5100373517,W2964280870,middle
A5036357902,W2964280870,last
A5100757845,W2533696134,first
A5014610561,W2533696134,middle
A5100437976,W2533696134,middle
A5101704070,W2533696134,middle
A5088960145,W2533696134,last
A5100756528,W3009650506,first
A5064564558,W2567079332,first
A5010392645,W2567079332,middle
A5054666507,W2567079332,middle
A5010409710,W2567079332,middle
A5037212091,W2567079332,middle
A5100391054,W2567079332,middle
A5000937401,W2567079332,last
A5100947652,W2975495759,first
A5112249167,W2975495759,middle
A5069959549,W2975495759,middle
A5058044263,W2975495759,middle
A5037132097,W2975495759,middle
A5100606995,W2975495759,last
A5038754344,W3036363354,first
A5016494112,W3036363354,middle
A5100450362,W3036363354,middle
A5067844160,W3036363354,middle
A5101785846,W3036363354,middle
A5001568054,W3036363354,middle
A5057936254,W3036363354,last
A5101650943,W2595984151,first
A5053690968,W2595984151,middle
A5074793684,W2595984151,last
A5019241553,W2889945482,first
A5028650738,W2889945482,middle
A5010800424,W2889945482,middle
A5100373517,W2889945482,middle
A5049812527,W2889945482,last
A5103275673,W2405933695,first
A5101870054,W2405933695,middle
A5062581073,W2405933695,middle
A5048237545,W2405933695,middle
A5101884287,W2405933695,last
A5041162679,W2754361766,first
A5100405762,W2754361766,middle
A5071461704,W2754361766,middle
A5015791511,W2754361766,last
A5105297718,W2997532515,first
A5091687257,W2997532515,middle
A5043524348,W2997532515,middle
A5100372152,W2997532515,last
A5061225111,W2892077605,first
A5047545398,W2892077605,middle
A5018970859,W2892077605,middle
A5100606995,W2892077605,middle
A5100385336,W2892077605,middle
A5018476895,W2892077605,last
A5037311972,W2548570154,first
A5087929301,W2548570154,middle
A5102807475,W2548570154,middle
A5090720315,W2548570154,middle
A5001571390,W2548570154,middle
A5101647485,W2548570154,middle
A5100384767,W2548570154,last
A5100308060,W3123899295,first
A5067726465,W3123899295,last
A5072932051,W2160306971,first
A5100438769,W2160306971,middle
A5035435409,W2160306971,middle
A5034476404,W2160306971,last
A5076968944,W2751538714,first
A5103049106,W2751538714,middle
A5100622225,W2751538714,middle
A5106724391,W2751538714,middle
A5100684093,W2751538714,middle
A5100375136,W2751538714,middle
A5064168853,W2751538714,last
A5089823903,W4297243391,first
A5074094490,W4297243391,middle
A5100321391,W4297243391,middle
A5102867157,W4297243391,middle
A5110628758,W4297243391,middle
A5068865316,W4297243391,middle
A5100716955,W4297243391,middle
A5100695406,W4297243391,last
A5066292587,W2789367970,first
A5100415226,W2789367970,middle
A5114985946,W2789367970,middle
A5086208797,W2789367970,middle
A5035334249,W2789367970,middle
A5101583301,W2789367970,middle
A5114985949,W2789367970,middle
A5067355537,W2789367970,last
A5064564558,W2789713147,first
A5010392645,W2789713147,middle
A5054666507,W2789713147,middle
A5100336197,W2789713147,middle
A5010409710,W2789713147,middle
A5037212091,W2789713147,middle
A5100391054,W2789713147,middle
A5000937401,W2789713147,last
A5100713555,W3138340468,first
A5002224926,W3138340468,middle
A5055260255,W3138340468,middle
A5072972153,W3138340468,middle
A5100373517,W3138340468,middle
A5036357902,W3138340468,middle
A5019241553,W3138340468,last
A5110779029,W2896827527,first
A5036831868,W2896827527,middle
A5014842979,W2896827527,middle
A5065252700,W2896827527,middle
A5100405114,W2896827527,middle
A5100626780,W2896827527,last
A5073087748,W3176327543,first
A5103147232,W3176327543,middle
A5019024625,W3176327543,middle
A5100417694,W3176327543,middle
A5084787269,W3176327543,middle
A5059021869,W3176327543,middle
A5101814482,W3176327543,last
A5066530136,W2963813458,first
A5100452089,W2963813458,middle
A5100368377,W2963813458,middle
A5047962986,W2963813458,middle
A5100652865,W2963813458,middle
A5003418019,W2963813458,last
A5100734913,W2963889719,first
A5024436944,W2963889719,middle
A5101837435,W2963889719,middle
A5050402661,W2963889719,middle
A5100678341,W2963889719,middle
A5013079905,W2963889719,last
A5102799918,W3164440025,first
A5034501136,W3164440025,middle
A5017862417,W3164440025,middle
A5101829589,W3164440025,middle
A5071210086,W3164440025,middle
A5101756789,W3164440025,middle
A5020261885,W3164440025,middle
A5067414540,W3164440025,middle
A5027325688,W3164440025,middle
A5070870604,W3164440025,middle
A5072117671,W3164440025,middle
A5006980036,W3164440025,middle
A5101766080,W3164440025,middle
A5031424723,W3164440025,middle
A5100885234,W3164440025,middle
A5000937401,W3164440025,middle
A5019708391,W3164440025,middle
A5081459350,W3164440025,middle
A5009598072,W3164440025,middle
A5007251193,W3164440025,last
A5100334801,W2962903125,first
A5100406620,W2962903125,middle
A5100462825,W2962903125,middle
A5101653272,W2962903125,middle
A5023845728,W2962903125,middle
A5100412937,W2962903125,last
A5103170520,W2756050327,first
A5056540212,W2756050327,middle
A5088062069,W2756050327,middle
A5003418019,W2756050327,middle
A5101959185,W2756050327,last
A5058072839,W2963169753,first
A5100404643,W2963169753,middle
A5115602093,W2963169753,middle
A5074355807,W2963169753,middle
A5090720315,W2963169753,middle
A5101586840,W2963169753,middle
A5044651577,W2963169753,middle
A5039318240,W2963169753,last
A5114911316,W2498017881,first
A5076992681,W2498017881,middle
A5113600509,W2498017881,last
A5060102585,W4290876361,first
A5100441094,W4290876361,middle
A5035985651,W4290876361,middle
A5052284218,W4290876361,middle
A5082599714,W4290876361,middle
A5100668507,W4290876361,middle
A5044791875,W4290876361,last
A5100713555,W2768975186,first
A5019241553,W2768975186,middle
A5100373517,W2768975186,middle
A5072972153,W2768975186,middle
A5036357902,W2768975186,last
A5020027500,W3034185248,first
A5100682348,W3034185248,middle
A5100340509,W3034185248,middle
A5017743551,W3034185248,last
A5003203521,W2998376881,first
A5006514077,W2998376881,middle
A5007818509,W2998376881,middle
A5038117386,W2998376881,middle
A5029808393,W2998376881,last
A5100355025,W2962897020,first
A5044665993,W2962897020,middle
A5088834359,W2962897020,last
A5020313082,W1956333070,first
A5100460385,W1956333070,middle
A5100367353,W1956333070,middle
A5043000577,W1956333070,middle
A5100620306,W1956333070,last
A5006016056,W3035693354,first
A5100360655,W3035693354,middle
A5029021362,W3035693354,middle
A5100409052,W3035693354,middle
A5102707885,W3035693354,middle
A5101710319,W3035693354,middle
A5101540189,W3035693354,middle
A5112601777,W3035693354,last
A5100665053,W4226042837,first
A5101154635,W4226042837,middle
A5100552914,W4226042837,middle
A5032042444,W4226042837,middle
A5062252650,W4226042837,middle
A5100433899,W4226042837,last
A5007290301,W2798149494,first
A5101600108,W2798149494,middle
A5102758365,W2798149494,middle
A5082173488,W2798149494,last
A5085241696,W2984618279,first
A5052602086,W2984618279,middle
A5100362465,W2984618279,middle
A5101581221,W2984618279,middle
A5088751649,W2984618279,middle
A5077687075,W2984618279,middle
A5100785015,W2984618279,last
A5090727900,W4353056919,first
A5069067033,W4353056919,middle
A5041300309,W4353056919,middle
A5101779116,W4353056919,middle
A5088611151,W4353056919,middle
A5045384727,W4353056919,middle
A5083695605,W4353056919,last
A5100407758,W2147347517,first
A5045300183,W2147347517,middle
A5102380578,W2147347517,middle
A5100418319,W2147347517,middle
A5004882141,W2147347517,middle
A5008666077,W2147347517,middle
A5061469520,W2147347517,middle
A5075880303,W2147347517,last
A5026844462,W2950817888,first
A5018828723,W2950817888,middle
A5100435251,W2950817888,middle
A5001571390,W2950817888,middle
A5100681023,W2950817888,middle
A5100778479,W2950817888,last
A5033118514,W2974140502,first
A5100734635,W2974140502,middle
A5101783051,W2974140502,middle
A5089445344,W2974140502,middle
A5100342968,W2974140502,last
A5067219074,W2295537950,first
A5034454494,W2295537950,middle
A5009598072,W2295537950,last
A5101840676,W2766042539,first
A5074924505,W2766042539,middle
A5022877637,W2766042539,middle
A5100742036,W2766042539,middle
A5102899381,W2766042539,middle
A5024965898,W2766042539,last
A5083333630,W2809583854,first
A5077231313,W2809583854,middle
A5100452334,W2809583854,middle
A5052284218,W2809583854,middle
A5041659067,W2809583854,middle
A5044791875,W2809583854,last
A5029041038,W2085862958,first
A5077651830,W2085862958,middle
A5040580297,W2085862958,middle
A5071359258,W2085862958,last
A5078711649,W3021182036,first
A5102960841,W3021182036,middle
A5053647594,W3021182036,middle
A5101431030,W3021182036,middle
A5057905491,W3021182036,middle
A5101609697,W3021182036,middle
A5050527785,W3021182036,last
A5047511618,W3158304688,first
A5100668035,W3158304688,middle
A5003434396,W3158304688,middle
A5018357954,W3158304688,middle
A5045825296,W3158304688,middle
A5101439558,W3158304688,middle
A5044100655,W3158304688,middle
A5100355277,W3158304688,last
A5081796777,W2955084925,first
A5101433884,W2955084925,middle
A5100704678,W2955084925,middle
A5023184215,W2955084925,middle
A5082634513,W2955084925,middle
A5038550641,W2955084925,last
A5057315354,W3185377372,first
A5077083047,W3185377372,middle
A5110452113,W3185377372,last
A5031854562,W2900237898,first
A5045954034,W2900237898,middle
A5025580977,W2900237898,middle
A5090870414,W2900237898,middle
A5062683178,W2900237898,middle
A5026015949,W2900237898,middle
A5100721789,W2900237898,middle
A5044043737,W2900237898,middle
A5084618257,W2900237898,last
A5005905514,W4226456028,first
A5046600276,W4226456028,middle
A5027079185,W4226456028,middle
A5071461704,W4226456028,middle
A5100614962,W4226456028,middle
A5002110023,W4226456028,middle
A5089564180,W4226456028,middle
A5102956549,W4226456028,middle
A5055032051,W4226456028,middle
A5100728476,W4226456028,middle
A5083406305,W4226456028,middle
A5084538309,W4226456028,middle
A5100416961,W4226456028,middle
A5112365916,W4226456028,last
A5019734741,W2800388963,first
A5100359488,W2800388963,middle
A5102837714,W2800388963,middle
A5064605829,W2800388963,middle
A5027874662,W2800388963,middle
A5002694599,W2800388963,last
A5053263933,W2559785631,first
A5100614820,W2559785631,middle
A5051392768,W2559785631,middle
A5082979981,W2559785631,middle
A5111982126,W2559785631,last
A5107904995,W2343061342,first
A5011813023,W2343061342,middle
A5100332661,W2343061342,middle
A5028230846,W2343061342,middle
A5100606995,W2343061342,middle
A5048806635,W3006334803,first
A5018409592,W3006334803,middle
A5049051036,W3006334803,middle
A5068739772,W3006334803,middle
A5091779273,W3006334803,middle
A5101678402,W3006334803,last
A5100620225,W2796942168,first
A5100398395,W2796942168,last
A5058537401,W3093394156,first
A5102011770,W3093394156,middle
A5101417955,W3093394156,middle
A5101456488,W3093394156,middle
A5056289980,W3093394156,middle
A5051649145,W3093394156,middle
A5010990212,W3093394156,middle
A5073918042,W3093394156,middle
A5101619735,W3093394156,middle
A5017262410,W3093394156,middle
A5032708386,W3093394156,middle
A5065374358,W3093394156,middle
A5086292677,W3093394156,middle
A5030592784,W3093394156,middle
A5056608507,W3093394156,middle
A5014870613,W3093394156,middle
A5027395143,W3093394156,middle
A5068813606,W3093394156,middle
A5100418433,W3093394156,middle
A5059823739,W3093394156,middle
A5006461848,W3093394156,middle
A5056235786,W3093394156,middle
A5011662977,W3093394156,middle
A5045347918,W3093394156,middle
A5080786473,W3093394156,middle
A5070013751,W3093394156,middle
A5101485471,W3093394156,middle
A5049558861,W3093394156,middle
A5084926128,W3093394156,middle
A5002368368,W3093394156,middle
A5060301654,W3093394156,middle
A5028752528,W3093394156,middle
A5008103968,W3093394156,middle
A5009527958,W3093394156,middle
A5090022998,W3093394156,middle
A5088137293,W3093394156,middle
A5062785784,W3093394156,middle
A5100423182,W3093394156,middle
A5028217553,W3093394156,middle
A5030861174,W3093394156,middle
A5077843387,W3093394156,middle
A5050968498,W3093394156,middle
A5085599943,W3093394156,middle
A5023771081,W3093394156,last
A5100668306,W2559324447,first
A5100405762,W2559324447,middle
A5071461704,W2559324447,middle
A5015791511,W2559324447,last
A5054311881,W3006871679,first
A5047117183,W3006871679,middle
A5103030388,W3006871679,middle
A5100602494,W3006871679,last
A5033435747,W2983902176,first
A5102274310,W2983902176,middle
A5083572093,W2983902176,middle
A5100627859,W2983902176,middle
A5100606500,W2983902176,middle
A5112483271,W2983902176,middle
A5114048384,W2983902176,last
A5006736234,W2755012395,first
A5101712306,W2755012395,middle
A5072774939,W2755012395,middle
A5100632220,W2755012395,last
A5031098811,W3091940685,first
A5101974614,W3091940685,middle
A5009017779,W3091940685,middle
A5079061314,W3091940685,middle
A5056167963,W3091940685,middle
A5100327354,W3091940685,middle
A5047545398,W3091940685,middle
A5027041701,W3091940685,middle
A5100620306,W3091940685,middle
A5101651545,W3091940685,middle
A5103239823,W3091940685,last
A5004328980,W2533328922,first
A5100620216,W2533328922,last
A5044818286,W2964121960,first
A5013079905,W2964121960,middle
A5024436944,W2964121960,middle
A5050402661,W2964121960,middle
A5039289964,W2964121960,middle
A5109280540,W2964121960,last
A5100712470,W4295808856,first
A5081254155,W4295808856,middle
A5100770663,W4295808856,middle
A5102530689,W4295808856,middle
A5100750868,W4295808856,middle
A5100396339,W4295808856,middle
A5021438219,W4295808856,middle
A5021332177,W4295808856,last
A5074032555,W2964186374,first
A5084959430,W2964186374,middle
A5014436524,W2964186374,middle
A5100755181,W2964186374,middle
A5108624087,W2964186374,middle
A5100741279,W2964186374,middle
A5047962986,W2964186374,middle
A5003418019,W2964186374,last
A5007290301,W2903917280,first
A5100664416,W2903917280,middle
A5102758365,W2903917280,middle
A5082173488,W2903917280,last
A5026167547,W2161565164,first
A5100686112,W2161565164,middle
A5047962986,W2161565164,middle
A5100427158,W2161565164,middle
A5003418019,W2161565164,last
A5064149604,W4366352735,first
A5049469328,W4366352735,middle
A5087450445,W4366352735,middle
A5100460385,W4366352735,middle
A5028209738,W4366352735,last
A5108393212,W2339172597,first
A5016399094,W2339172597,middle
A5028597017,W2339172597,last
A5101926293,W2798644314,first
A5100752649,W2798644314,middle
A5100460385,W2798644314,middle
A5101907160,W2798644314,middle
A5100620306,W2798644314,last
A5052453289,W2313513770,first
A5101839087,W2313513770,middle
A5109879581,W2313513770,last
A5100658181,W2963030525,first
A5100704678,W2963030525,middle
A5068027800,W2963030525,middle
A5100740564,W2963030525,middle
A5100418319,W2963030525,last
A5101707696,W3015357052,first
A5011506864,W3015357052,middle
A5100648787,W3015357052,middle
A5090763809,W3015357052,middle
A5025910593,W3015357052,last
A5079066710,W3159301005,first
A5058194829,W3159301005,middle
A5056335002,W3159301005,middle
A5040440605,W3159301005,last
A5065953780,W4229447215,first
A5010224302,W4229447215,middle
A5101465265,W4229447215,middle
A5024401909,W4229447215,middle
A5067743298,W4229447215,middle
A5081639692,W4229447215,middle
A5004289873,W4229447215,middle
A5100350625,W4229447215,last
A5068141067,W2908497602,first
A5100680695,W2908497602,middle
A5065063835,W2908497602,last
A5112496743,W2963843052,first
A5062979221,W2963843052,middle
A5005421447,W2963843052,middle
A5004882141,W2963843052,middle
A5008666077,W2963843052,last
A5025349049,W4386736788,first
A5082717970,W4386736788,middle
A5008633924,W4386736788,middle
A5092208818,W4386736788,middle
A5110053681,W4386736788,middle
A5074218661,W4386736788,middle
A5067760016,W4386736788,middle
A5101687728,W4386736788,middle
A5100326762,W4386736788,middle
A5103138440,W4386736788,middle
A5059230683,W4386736788,middle
A5044857350,W4386736788,middle
A5006887059,W4386736788,middle
A5100746962,W4386736788,middle
A5100445061,W4386736788,middle
A5040105498,W4386736788,last
A5090964459,W3081006013,first
A5086878236,W3081006013,middle
A5005508763,W3081006013,middle
A5001048312,W3081006013,middle
A5102879451,W3081006013,middle
A5036900554,W3081006013,middle
A5108272513,W3081006013,middle
A5090771026,W3081006013,middle
A5101878679,W3081006013,middle
A5100624798,W3081006013,middle
A5101966201,W3081006013,middle
A5112787835,W3081006013,middle
A5038628158,W3081006013,middle
A5026109615,W3081006013,middle
A5028046917,W3081006013,middle
A5100779930,W3081006013,middle
A5049642190,W3081006013,middle
A5100602341,W3081006013,middle
A5100434637,W3081006013,middle
A5100462147,W3081006013,middle
A5100648787,W3081006013,middle
A5070905937,W3081006013,middle
A5102023068,W3081006013,middle
A5027594257,W3081006013,last
A5101230845,W2962741379,first
A5100339927,W2962741379,middle
A5007723627,W2962741379,middle
A5036357902,W2962741379,last
A5068755794,W2972986629,first
A5100341893,W2972986629,middle
A5068027800,W2972986629,middle
A5100634431,W2972986629,middle
A5100431792,W2972986629,middle
A5100378792,W2972986629,middle
A5100606995,W2972986629,last
A5017846156,W2806031239,first
A5113950414,W2806031239,middle
A5079044416,W2806031239,middle
A5100351175,W2806031239,last
A5032710276,W2989293933,first
A5061760255,W2989293933,middle
A5023828194,W2989293933,middle
A5044853564,W2989293933,middle
A5047412687,W2989293933,middle
A5115602803,W2989293933,middle
A5100452292,W2989293933,middle
A5011972125,W2989293933,middle
A5091609101,W2989293933,middle
A5071120446,W2989293933,middle
A5034189303,W2989293933,middle
A5040744605,W2989293933,middle
A5111985787,W2989293933,middle
A5012003018,W2989293933,last
A5101555948,W2888557792,first
A5079260216,W2888557792,middle
A5054067088,W2888557792,middle
A5051512158,W2888557792,middle
A5007571956,W2888557792,middle
A5071068569,W2888557792,middle
A5036357902,W2888557792,last
A5079985761,W2791282053,middle
A5045441566,W2791282053,middle
A5030433279,W2791282053,middle
A5100455016,W2791282053,last
A5101816319,W2898716605,first
A5020006712,W2898716605,middle
A5060505685,W2898716605,middle
A5100379832,W2898716605,middle
A5016415049,W2898716605,middle
A5100379826,W2898716605,last
A5047962986,W1777628566,first
A5026167547,W1777628566,middle
A5100335043,W1777628566,middle
A5003418019,W1777628566,middle
A5037340457,W1777628566,last
A5101488529,W2886944874,first
A5078109015,W2886944874,middle
A5103125510,W2886944874,middle
A5102011846,W2886944874,middle
A5052856441,W2886944874,last
A5072267482,W2989693433,first
A5101918099,W2989693433,middle
A5058252399,W2989693433,middle
A5039356090,W2989693433,middle
A5031078304,W2989693433,middle
A5064307000,W2989693433,middle
A5101948485,W2989693433,middle
A5100733924,W2989693433,middle
A5076557284,W2989693433,middle
A5034913846,W2989693433,last
A5100621605,W1938425378,first
A5100411376,W1938425378,middle
A5087351521,W1938425378,middle
A5100692616,W1938425378,last
A5082404485,W2417420127,first
A5082017037,W2417420127,middle
A5008751186,W2417420127,middle
A5022735755,W2417420127,middle
A5080722708,W2417420127,last
A5110109385,W2908671501,first
A5079232252,W2908671501,middle
A5029551946,W2908671501,last
A5077143737,W2758216428,first
A5035602823,W2758216428,middle
A5103166069,W2758216428,middle
A5076957223,W2758216428,middle
A5065063835,W2758216428,last
A5108030232,W2461086877,first
A5100460385,W2461086877,middle
A5072890368,W2461086877,middle
A5100620306,W2461086877,last
A5040170630,W2894410771,first
A5100404816,W2894410771,middle
A5011509629,W2894410771,middle
A5022881493,W2964266063,first
A5014362734,W2964266063,middle
A5100410095,W2964266063,middle
A5104320303,W2964266063,middle
A5100447806,W2964266063,middle
A5100393506,W2964266063,last
A5025474414,W3001319253,first
A5078397516,W3001319253,middle
A5069526242,W3001319253,middle
A5075561442,W3001319253,last
A5100450115,W2909516836,first
A5100702153,W2909516836,middle
A5104004071,W2909516836,middle
A5101423496,W2909516836,middle
A5100451640,W2909516836,last
A5050817770,W2497173630,first
A5019708391,W2497173630,middle
A5101652488,W2497173630,middle
A5074103823,W2497173630,last
A5100445660,W2050418754,first
A5045088468,W2050418754,middle
A5035882295,W2050418754,middle
A5062439923,W2050418754,middle
A5087371112,W2050418754,middle
A5087298985,W2050418754,last
A5100379832,W2589747988,first
A5102222869,W2589747988,middle
A5060505685,W2589747988,middle
A5101816319,W2589747988,middle
A5109059171,W2589747988,last
A5100406718,W3083791730,first
A5083092802,W3083791730,middle
A5040705509,W3083791730,middle
A5100364709,W3083791730,middle
A5085346031,W3083791730,middle
A5100344439,W3083791730,last
A5100391502,W2788997482,first
A5100778479,W2788997482,middle
A5100694032,W2788997482,middle
A5100402538,W2788997482,middle
A5100681023,W2788997482,last
A5048045064,W4388639388,first
A5015950149,W4388639388,middle
A5061618234,W4388639388,middle
A5055163989,W4388639388,middle
A5004422633,W4388639388,middle
A5102725638,W4388639388,middle
A5100722187,W4388639388,middle
A5112571738,W4388639388,middle
A5112571738,W4388639388,middle
A5113541640,W4388639388,middle
A5100647065,W4388639388,last
A5100395440,W3096805028,first
A5101593662,W3096805028,middle
A5102798361,W3096805028,middle
A5100350165,W3096805028,middle
A5100459168,W3096805028,middle
A5019241553,W3096805028,middle
A5101976576,W3096805028,last
A5065001783,W2752037867,first
A5082694832,W2752037867,middle
A5100460385,W2752037867,middle
A5100620306,W2752037867,last
A5027286013,W2945027804,first
A5031557839,W2945027804,middle
A5021219842,W2945027804,middle
A5101576483,W2945027804,middle
A5071401771,W2945027804,middle
A5076504705,W2945027804,middle
A5029470846,W2945027804,middle
A5046596147,W2945027804,middle
A5010636074,W2945027804,middle
A5100383612,W2945027804,middle
A5044468051,W2945027804,middle
A5025357844,W2945027804,middle
A5038322204,W2945027804,middle
A5028396638,W2945027804,middle
A5021122269,W2945027804,last
A5109409333,W1655956671,first
A5081036622,W1655956671,middle
A5006669765,W1655956671,middle
A5100356803,W1655956671,middle
A5085708669,W1655956671,last
A5100323037,W3042916480,first
A5101631497,W3042916480,middle
A5100438001,W3042916480,middle
A5100450024,W3042916480,middle
A5044294557,W3042916480,middle
A5013630392,W3042916480,middle
A5101542024,W3042916480,middle
A5063781430,W3042916480,last
A5100341993,W2515753980,first
A5036369578,W2515753980,middle
A5101667381,W2515753980,middle
A5043098653,W2515753980,last
A5056335002,W2004104731,first
A5101324132,W2004104731,middle
A5056881797,W2004104731,middle
A5040440605,W2004104731,last
A5100390092,W2794081072,first
A5100819880,W2794081072,middle
A5101748265,W2794081072,last
A5068141067,W2746301562,first
A5100699095,W2746301562,middle
A5065063835,W2746301562,last
A5101410989,W4388834713,first
A5075005282,W4388834713,middle
A5075245264,W4388834713,middle
A5083405314,W4388834713,middle
A5078508839,W4388834713,middle
A5007414392,W4388834713,middle
A5052588272,W4388834713,middle
A5073844760,W4388834713,middle
A5100742769,W4388834713,middle
A5064400428,W4388834713,middle
A5091436776,W4388834713,middle
A5072435024,W4388834713,middle
A5014951606,W4388834713,middle
A5107306837,W4388834713,middle
A5100410148,W4388834713,middle
A5062168471,W4388834713,middle
A5009043671,W4388834713,middle
A5024193967,W4388834713,middle
A5076719276,W4388834713,middle
A5101898849,W4388834713,middle
A5102745049,W4388834713,middle
A5066365496,W4388834713,middle
A5112227828,W4388834713,middle
A5100755237,W4388834713,middle
A5045641777,W4388834713,middle
A5100451812,W4388834713,middle
A5025298001,W4388834713,middle
A5041383246,W4388834713,middle
A5086706224,W4388834713,middle
A5045227579,W4388834713,middle
A5002125792,W4388834713,middle
A5100328458,W4388834713,middle
A5101429850,W4388834713,middle
A5115590360,W4388834713,middle
A5038765418,W4388834713,middle
A5047591121,W4388834713,last
A5040877128,W1900913856,first
A5100742122,W1900913856,middle
A5005421447,W1900913856,middle
A5081911954,W1900913856,middle
A5103099928,W1900913856,last
A5015001757,W2889165715,first
A5043025337,W2889165715,middle
A5040636728,W2889165715,middle
A5102724834,W2889165715,last
A5074707604,W2734369741,first
A5100423182,W2734369741,middle
A5026449840,W2734369741,middle
A5049706279,W2734369741,middle
A5100694034,W2734369741,last
A5071429662,W2964027659,first
A5100627570,W2964027659,middle
A5100627570,W2964027659,middle
A5109578935,W2964027659,middle
A5031390008,W2964027659,middle
A5031390008,W2964027659,middle
A5014321482,W2964027659,last
A5100614065,W2479109623,first
A5002494284,W2479109623,middle
A5046805800,W2479109623,middle
A5059372830,W2479109623,middle
A5100393506,W2479109623,last
A5045624501,W3034371424,first
A5076804411,W3034371424,middle
A5101487157,W3034371424,middle
A5070617771,W3034371424,middle
A5100784734,W3034371424,last
A5076872319,W3198062544,first
A5101763630,W3198062544,middle
A5065496543,W3198062544,middle
A5106403416,W3198062544,middle
A5101702810,W3198062544,last
A5051826701,W2549858646,first
A5023035795,W2549858646,middle
A5100460139,W2549858646,last
A5100411532,W2734024016,first
A5083813855,W2734024016,middle
A5114911316,W2734024016,middle
A5033750817,W2734024016,middle
A5062424202,W2734024016,middle
A5113600509,W2734024016,last
A5004379956,W2960155470,first
A5032844333,W2960155470,middle
A5101650854,W2960155470,last
A5100391361,W2908954810,first
A5060197545,W4389827562,first
A5100444188,W4389827562,middle
A5101205273,W4389827562,middle
A5109374719,W4389827562,middle
A5075102795,W4389827562,middle
A5044751571,W4389827562,middle
A5002164849,W4389827562,last
A5020100372,W2963016543,first
A5041246275,W2963016543,middle
A5064029351,W2963016543,middle
A5074655314,W2963016543,middle
A5100362465,W2963016543,middle
A5000699866,W2963016543,middle
A5003400275,W2963016543,middle
A5101425421,W2963016543,last
A5035985651,W3080642298,first
A5100326965,W3080642298,middle
A5102972973,W3080642298,middle
A5102025315,W3080642298,middle
A5082599714,W3080642298,middle
A5044791875,W3080642298,last
A5102025157,W3137613462,first
A5076476133,W3137613462,middle
A5100754504,W3137613462,middle
A5039727796,W3137613462,last
A5102841171,W1034159276,first
A5000141628,W1034159276,last
A5100462338,W2986519585,first
A5042268476,W2986519585,middle
A5082940158,W2986519585,middle
A5074010026,W2986519585,middle
A5049316918,W2986519585,middle
A5107772128,W2986519585,middle
A5040338788,W2986519585,middle
A5100707660,W2986519585,last
A5084784341,W2963771536,first
A5079657274,W2963771536,middle
A5068837264,W2963771536,middle
A5076117344,W2963771536,last
A5007263180,W2997353220,first
A5070288761,W2997353220,middle
A5017180879,W2997353220,last
A5045648457,W2729145866,first
A5100748135,W2729145866,middle
A5064564558,W2729145866,middle
A5101435334,W2729145866,middle
A5006302877,W2729145866,middle
A5100391054,W2729145866,middle
A5000937401,W2729145866,last
A5101887641,W3014146531,first
A5100405185,W3014146531,middle
A5100395316,W3014146531,middle
A5077446544,W3014146531,last
A5069080329,W1985242443,first
A5014958566,W1985242443,last
A5089555942,W2132791018,first
A5100341750,W2132791018,middle
A5059956497,W2132791018,last
A5019542310,W1997201895,first
A5016399094,W1997201895,middle
A5100381753,W1997201895,middle
A5011253128,W1997201895,middle
A5001571390,W1997201895,middle
A5062841020,W1997201895,last
A5100337209,W2159128662,first
A5080122431,W2159128662,middle
A5101877971,W2159128662,last
A5008647105,W2393319904,first
A5009228005,W2393319904,middle
A5100339293,W2393319904,last
A5101593662,W2982220924,first
A5103009752,W2982220924,middle
A5025114648,W2982220924,middle
A5090973869,W2982220924,middle
A5101976576,W2982220924,last
A5067994505,W2055873761,first
A5100329735,W2055873761,middle
A5111530453,W2055873761,middle
A5110042075,W2055873761,last
A5101819284,W2892880750,first
A5084753767,W2892880750,middle
A5101566829,W2892880750,middle
A5016080094,W2892880750,middle
A5100602494,W2892880750,last
A5028459386,W2950361482,first
A5101491459,W2950361482,middle
A5010833451,W2950361482,middle
A5100346454,W2950361482,middle
A5101618534,W2950361482,middle
A5046419834,W2950361482,last
A5008668773,W1964641132,first
A5021385278,W1964641132,middle
A5100900087,W1964641132,last
A5070328223,W2047670868,first
A5043630267,W2047670868,middle
A5101959185,W2047670868,middle
A5037419606,W2047670868,last
A5100764495,W2786918196,first
A5043873168,W2786918196,middle
A5083607419,W2786918196,middle
A5100447205,W2786918196,last
A5100621138,W2119191234,first
A5060673071,W2119191234,last
A5100320372,W2342603028,first
A5009228005,W2962975498,first
A5100411469,W2962975498,middle
A5062247330,W2962975498,middle
A5100339293,W2962975498,last
A5080121059,W2147953360,first
A5024364300,W2147953360,last
A5101740194,W2114309015,first
A5055500444,W2114309015,last
A5103123809,W4284885053,first
A5102789626,W4284885053,middle
A5069052553,W4284885053,middle
A5101894451,W4284885053,middle
A5079209153,W4284885053,middle
A5100992718,W4284885053,middle
A5103010017,W4284885053,middle
A5100429658,W4284885053,middle
A5101911268,W4284885053,middle
A5060833227,W4284885053,middle
A5100415965,W4284885053,middle
A5035942249,W4284885053,last
A5112985153,W4312804044,first
A5100459168,W4312804044,middle
A5101593662,W4312804044,middle
A5102798361,W4312804044,middle
A5074566006,W4312804044,middle
A5012287052,W4312804044,middle
A5101456786,W4312804044,middle
A5101976576,W4312804044,last
A5033418193,W2963507231,first
A5100448620,W2963507231,middle
A5032263010,W2963507231,middle
A5100389286,W2963507231,middle
A5024892041,W2963507231,middle
A5046184004,W2963507231,last
A5065090299,W4393936599,first
A5031269444,W4393936599,middle
A5066240587,W4393936599,middle
A5115591364,W4393936599,middle
A5029317075,W4393936599,middle
A5100611600,W4393936599,middle
A5112111434,W4393936599,middle
A5082807643,W4393936599,middle
A5106746626,W4393936599,middle
A5054335730,W4393936599,middle
A5112127369,W4393936599,middle
A5027286013,W4393936599,middle
A5103149594,W4393936599,middle
A5028525523,W4393936599,middle
A5083809384,W4393936599,last
A5008847016,W2195506630,first
A5019045358,W2195506630,middle
A5100438469,W2195506630,middle
A5049073273,W2195506630,middle
A5033417964,W2195506630,last
A5100705849,W2963919031,first
A5100413882,W2963919031,middle
A5100462815,W2963919031,middle
A5025213473,W2963919031,middle
A5036357902,W2963919031,last
A5061963412,W861925310,first
A5057666375,W861925310,last
A5037942269,W2128873747,first
A5016054994,W2128873747,middle
A5102013345,W2128873747,last
A5051324698,W2117486996,first
A5091494022,W2117486996,middle
A5088095437,W2117486996,middle
A5017236112,W2117486996,middle
A5003257949,W2117486996,middle
A5081885843,W2117486996,middle
A5009087038,W2117486996,middle
A5103564288,W2117486996,middle
A5067214173,W2117486996,middle
A5005013902,W2117486996,middle
A5004812994,W2117486996,middle
A5061281385,W2117486996,middle
A5029768722,W2117486996,middle
A5044075177,W2117486996,middle
A5045117723,W2117486996,middle
A5000882827,W2117486996,middle
A5053410790,W2117486996,middle
A5100401128,W2117486996,middle
A5044354277,W2117486996,middle
A5015356302,W2117486996,middle
A5064008781,W2117486996,middle
A5110295182,W2117486996,middle
A5030987435,W2117486996,middle
A5063152758,W2117486996,middle
A5064498279,W2117486996,middle
A5078956440,W2117486996,middle
A5087098726,W2117486996,middle
A5063296381,W2117486996,middle
A5068654082,W2117486996,middle
A5076801999,W2117486996,middle
A5039299193,W2117486996,middle
A5020270902,W2117486996,middle
A5031301033,W2117486996,middle
A5041136744,W2117486996,middle
A5052043994,W2117486996,middle
A5062293219,W2117486996,middle
A5076793372,W2117486996,middle
A5083076717,W2117486996,middle
A5069797911,W2117486996,middle
A5023680746,W2117486996,middle
A5066040388,W2117486996,middle
A5090395493,W2117486996,middle
A5000459620,W2117486996,middle
A5005567984,W2117486996,middle
A5030607460,W2117486996,middle
A5004159021,W2117486996,middle
A5002198133,W2117486996,middle
A5048703355,W2117486996,middle
A5037592641,W2117486996,middle
A5100736379,W2117486996,middle
A5060340943,W2117486996,middle
A5075084280,W2117486996,middle
A5016525277,W2117486996,middle
A5070946958,W2117486996,middle
A5051257421,W2117486996,middle
A5066717562,W2117486996,middle
A5020154626,W2117486996,middle
A5010467904,W2117486996,middle
A5085630486,W2117486996,middle
A5013985684,W2117486996,middle
A5055134806,W2117486996,middle
A5001740824,W2117486996,middle
A5090706824,W2117486996,middle
A5041667597,W2117486996,middle
A5049143500,W2117486996,middle
A5105839982,W2117486996,middle
A5091599935,W2117486996,middle
A5043310715,W2117486996,middle
A5022216163,W2117486996,middle
A5102778617,W2117486996,middle
A5054810742,W2117486996,middle
A5023619547,W2117486996,middle
A5062768683,W2117486996,middle
A5025364437,W2117486996,middle
A5016424155,W2117486996,middle
A5077223857,W2117486996,middle
A5064609702,W2117486996,middle
A5072943068,W2117486996,middle
A5073342435,W2117486996,middle
A5015936316,W2117486996,middle
A5015139042,W2117486996,middle
A5110411491,W2117486996,middle
A5088701980,W2117486996,middle
A5000053269,W2117486996,middle
A5076347170,W2117486996,middle
A5032127010,W2117486996,middle
A5042600667,W2117486996,middle
A5021297661,W2117486996,middle
A5077821068,W2117486996,middle
A5071924678,W2117486996,middle
A5069308334,W2117486996,middle
A5082498217,W2117486996,middle
A5043824291,W2117486996,middle
A5059847153,W2117486996,middle
A5069843378,W2117486996,middle
A5085924022,W2117486996,middle
A5020002876,W2117486996,middle
A5046334676,W2117486996,middle
A5081250379,W2117486996,middle
A5064905883,W2117486996,middle
A5091092106,W2419559816,first
A5036179952,W2419559816,middle
A5003103553,W2419559816,middle
A5014545352,W2419559816,middle
A5005253316,W2419559816,middle
A5102984921,W2419559816,last
A5043098453,W2515462165,first
A5101919635,W2515462165,middle
A5100320723,W2515462165,middle
A5091587552,W2515462165,middle
A5046448314,W2515462165,last
A5101988542,W2164104048,first
A5100687864,W2164104048,middle
A5101863243,W2164104048,middle
A5008204088,W2164104048,last
A5071842436,W3010537688,first
A5049789262,W3010537688,middle
A5014545352,W3010537688,middle
A5090705501,W3010537688,middle
A5044093768,W3010537688,middle
A5061759963,W3010537688,middle
A5036179952,W3010537688,last
A5054648434,W1979432452,first
A5060301743,W2300061772,first
A5108771873,W2300061772,middle
A5102976555,W2300061772,middle
A5103006859,W2300061772,middle
A5065161029,W2300061772,middle
A5058346558,W2300061772,middle
A5032947544,W2300061772,middle
A5109277250,W2300061772,last
A5100786007,W4312312588,first
A5100396813,W4312312588,middle
A5115076783,W4312312588,middle
A5115076622,W4312312588,middle
A5021357065,W4312312588,middle
A5100433824,W4312312588,last
A5083055362,W935072310,first
A5020370754,W935072310,last
A5100452891,W2926010705,first
A5107972187,W2926010705,middle
A5048591018,W2926010705,last
A5100746908,W182707955,first
A5114931512,W182707955,middle
A5089931216,W182707955,middle
A5101511862,W182707955,last
A5000624568,W3134482219,first
A5100616624,W3134482219,middle
A5023450438,W3134482219,middle
A5064631487,W3134482219,middle
A5018376106,W3134482219,middle
A5085011918,W3134482219,middle
A5025790314,W3134482219,middle
A5102784755,W3134482219,middle
A5103075873,W3134482219,middle
A5022735755,W3134482219,middle
A5002000126,W3134482219,middle
A5005679393,W3134482219,middle
A5061996201,W3134482219,middle
A5038587862,W3134482219,last
A5100407681,W2334483166,first
A5011434518,W2334483166,middle
A5037785133,W2334483166,middle
A5101489737,W2334483166,middle
A5061654403,W2334483166,middle
A5035944985,W2334483166,middle
A5042084472,W2334483166,middle
A5028525523,W2334483166,last
A5050394116,W2103706175,first
A5026507016,W2103706175,middle
A5089374942,W2103706175,middle
A5090070303,W2103706175,middle
A5088460001,W2103706175,middle
A5022214509,W2103706175,middle
A5066720063,W2103706175,middle
A5030828682,W2103706175,middle
A5051570075,W2103706175,middle
A5048557014,W2103706175,middle
A5038423276,W2103706175,middle
A5017717870,W2103706175,middle
A5105166471,W2103706175,middle
A5078646809,W2103706175,middle
A5100426911,W2103706175,middle
A5046673670,W2103706175,middle
A5005621524,W2103706175,middle
A5008781594,W2103706175,middle
A5003328943,W2103706175,middle
A5059936184,W2103706175,middle
A5081185233,W2103706175,middle
A5041759383,W2103706175,middle
A5033807512,W2103706175,middle
A5108035719,W2103706175,middle
A5068316606,W2103706175,middle
A5065193513,W2103706175,middle
A5054940135,W2103706175,middle
A5054036375,W2103706175,middle
A5091052284,W2103706175,middle
A5030289437,W2103706175,middle
A5011723282,W2103706175,middle
A5051564773,W2103706175,middle
A5003562216,W2103706175,middle
A5023548565,W2103706175,last
A5100681023,W1971402834,first
A5026553094,W1971402834,middle
A5007626411,W1971402834,last
A5040139742,W2753953057,first
A5040801189,W2753953057,middle
A5068072367,W2753953057,middle
A5102270738,W2753953057,middle
A5100612100,W2753953057,middle
A5016375802,W2753953057,middle
A5061177999,W2753953057,middle
A5101686164,W2753953057,middle
A5009826239,W2753953057,last
A5041312244,W2021560851,first
A5007166385,W2021560851,middle
A5101637130,W2021560851,middle
A5100742819,W2021560851,middle
A5048655816,W2021560851,middle
A5018882292,W2021560851,middle
A5109700398,W2021560851,middle
A5102982187,W2021560851,middle
A5100703998,W2021560851,middle
A5100454012,W2021560851,middle
A5100459811,W2021560851,middle
A5107972187,W2021560851,middle
A5043949763,W2021560851,middle
A5079305919,W2021560851,middle
A5039203018,W2021560851,middle
A5102084645,W2021560851,middle
A5100402892,W2021560851,middle
A5068886380,W2021560851,middle
A5033262856,W2021560851,middle
A5100686048,W2021560851,middle
A5067893440,W2021560851,middle
A5056394743,W2021560851,middle
A5025068569,W2021560851,middle
A5026010147,W2021560851,middle
A5057332758,W2021560851,middle
A5050029701,W2021560851,middle
A5100685403,W2021560851,middle
A5051215826,W2021560851,middle
A5073935605,W2021560851,middle
A5064995841,W2021560851,middle
A5054811851,W2021560851,middle
A5047846741,W2021560851,middle
A5023243308,W2021560851,middle
A5110507775,W2021560851,middle
A5103228349,W2021560851,middle
A5103179938,W2021560851,middle
A5045102506,W2021560851,middle
A5143126910,W2021560851,middle
A5024782080,W2021560851,middle
A5111899582,W2021560851,middle
A5101847187,W2021560851,middle
A5086234334,W2021560851,middle
A5049431953,W2021560851,middle
A5090010896,W2021560851,middle
A5046671932,W2021560851,middle
A5110037362,W2021560851,middle
A5111713789,W2021560851,middle
A5076838888,W2021560851,middle
A5112611138,W2021560851,middle
A5036673955,W2021560851,middle
A5100764596,W2021560851,middle
A5100425448,W2021560851,middle
A5021113979,W2021560851,middle
A5027806317,W2021560851,middle
A5000879635,W2021560851,middle
A5101936145,W2021560851,middle
A5061265036,W2021560851,middle
A5061831442,W2021560851,middle
A5046328006,W2021560851,middle
A5084357587,W2021560851,middle
A5036400318,W2021560851,middle
A5076450281,W2021560851,middle
A5034242407,W2021560851,middle
A5111859630,W2021560851,middle
A5006229200,W2021560851,middle
A5014385139,W2021560851,middle
A5075682354,W2021560851,middle
A5044867776,W2021560851,middle
A5072609433,W2021560851,middle
A5090829168,W2021560851,middle
A5005492417,W2021560851,middle
A5015603009,W2021560851,middle
A5044721646,W2021560851,middle
A5001646142,W2021560851,middle
A5089994078,W2021560851,middle
A5001315712,W2021560851,middle
A5030096887,W2021560851,middle
A5022550153,W2021560851,middle
A5113673988,W2021560851,middle
A5074230084,W2021560851,middle
A5103552975,W2021560851,middle
A5100342753,W2021560851,middle
A5077552075,W2021560851,middle
A5100746977,W2021560851,middle
A5109201579,W2021560851,middle
A5003934063,W2021560851,middle
A5057450854,W2021560851,middle
A5053656440,W2021560851,middle
A5044191947,W2021560851,middle
A5018385122,W2021560851,middle
A5019466501,W2021560851,middle
A5001681126,W2021560851,middle
A5069518751,W2021560851,middle
A5101550498,W2021560851,middle
A5109387546,W2021560851,middle
A5078722669,W2021560851,middle
A5057025096,W2021560851,middle
A5042435594,W2021560851,middle
A5041938256,W2021560851,middle
A5055975259,W2021560851,middle
A5112232087,W2160979370,first
A5101577441,W2160979370,last
A5109131793,W1982675899,first
A5103007159,W2145039203,first
A5100460071,W2145039203,middle
A5101919018,W2145039203,last
A5075352865,W2556013418,first
A5101626172,W2556013418,middle
A5101580521,W2556013418,middle
A5010130426,W2556013418,middle
A5101912623,W2556013418,middle
A5100375792,W2556013418,last
A5077845043,W2052982604,first
A5086434607,W2052982604,middle
A5100733895,W2052982604,last
A5100455958,W1969198379,first
A5065063835,W1969198379,last
A5082458788,W3200733355,first
A5100385993,W3200733355,middle
A5100410890,W3200733355,middle
A5031785449,W3200733355,middle
A5054496976,W3200733355,middle
A5071272571,W3200733355,middle
A5083917550,W3200733355,middle
A5025474158,W3200733355,middle
A5060158251,W3200733355,middle
A5063492117,W3200733355,middle
A5091573094,W3200733355,middle
A5047033055,W3200733355,middle
A5024868681,W3200733355,middle
A5012286535,W3200733355,middle
A5066834799,W3200733355,middle
A5080246113,W3200733355,last
A5083868707,W4220842087,first
A5040423326,W4220842087,middle
A5100416390,W4220842087,middle
A5070357433,W4220842087,middle
A5001756165,W4220842087,last
A5057732142,W1976258951,first
A5035519525,W1976258951,middle
A5028464154,W1976258951,last
A5018164370,W2951837249,first
A5057578539,W2951837249,middle
A5036071031,W2951837249,middle
A5107892123,W2951837249,middle
A5041939201,W2951837249,middle
A5101987223,W2951837249,middle
A5055572946,W2951837249,last
A5102862727,W2095483845,first
A5002997318,W2095483845,middle
A5009116003,W2095483845,middle
A5060262250,W2095483845,middle
A5072670483,W2095483845,middle
A5015993565,W2095483845,middle
A5100371774,W2259538443,first
A5054311881,W2259538443,middle
A5037657152,W2259538443,middle
A5100437220,W2259538443,middle
A5103354467,W2259538443,middle
A5101847664,W2259538443,middle
A5046305086,W2259538443,last
A5027448460,W2965838158,first
A5100414241,W2965838158,middle
A5054623682,W2965838158,middle
A5072210083,W2965838158,middle
A5046419834,W2965838158,middle
A5027755253,W2965838158,middle
A5101732741,W2965838158,middle
A5101944948,W2965838158,middle
A5006709668,W2965838158,middle
A5034890698,W2965838158,middle
A5066405059,W2965838158,last
A5109845737,W2113273124,first
A5028846979,W2113273124,middle
A5100636286,W2113273124,middle
A5110883071,W2113273124,middle
A5016928764,W2113273124,middle
A5001571390,W2113273124,middle
A5088372348,W2113273124,last
A5052900302,W3116202926,first
A5100611600,W3116202926,middle
A5008663435,W3116202926,middle
A5002763479,W3116202926,middle
A5064163623,W3116202926,middle
A5100407681,W3116202926,middle
A5066323913,W3116202926,middle
A5083809384,W3116202926,middle
A5101674460,W3116202926,middle
A5028525523,W3116202926,last
A5067994505,W2108898839,first
A5100329735,W2108898839,middle
A5101794519,W2108898839,middle
A5001517167,W2108898839,middle
A5013287421,W2108898839,last
A5082943987,W1979061792,first
A5082825861,W1979061792,middle
A5064020477,W1979061792,middle
A5000223388,W1979061792,last
A5075628720,W4312473433,first
A5035683291,W4312473433,middle
A5101793600,W4312473433,middle
A5110647238,W4312473433,middle
A5100362465,W4312473433,middle
A5101959185,W4312473433,last
A5050010563,W2132949918,first
A5111926322,W2132949918,middle
A5022860483,W2132949918,middle
A5075614374,W2132949918,last
A5111643862,W2203543769,first
A5101402002,W2203543769,last
A5100348803,W2788376297,first
A5100402996,W2788376297,middle
A5100668121,W2788376297,middle
A5100760812,W2788376297,last
A5100455868,W3016208458,first
A5020234559,W3016208458,middle
A5100665356,W3016208458,middle
A5021855763,W3016208458,middle
A5086360066,W3016208458,middle
A5076712745,W3016208458,last
A5021640070,W2592774827,first
A5069902566,W2592774827,middle
A5075988337,W2592774827,middle
A5023276519,W2592774827,middle
A5081459350,W2592774827,middle
A5088559151,W2592774827,middle
A5078193310,W2592774827,middle
A5112321281,W2592774827,middle
A5100451924,W2592774827,last
A5114255235,W7682646,first
A5100704678,W7682646,middle
A5100418319,W7682646,last
A5100781025,W2127414816,first
A5005072193,W2127414816,middle
A5100623819,W2127414816,middle
A5100347994,W2127414816,middle
A5100413319,W2127414816,last
A5100668503,W2963777632,first
A5043239430,W2963777632,middle
A5102017383,W2963777632,middle
A5100744707,W2963777632,middle
A5101868311,W2963777632,middle
A5100320723,W2963777632,middle
A5046448314,W2963777632,last
A5040673285,W2062112832,first
A5003222421,W2062112832,middle
A5065063835,W2062112832,last
A5101448143,W1963489908,first
A5110110458,W1963489908,middle
A5046396291,W1963489908,middle
A5044796317,W1963489908,middle
A5035296514,W1963489908,middle
A5023287725,W1963489908,last
A5014326389,W1546111015,first
A5101608751,W1546111015,middle
A5101906756,W1546111015,last
A5100408358,W1986849266,first
A5049316851,W1986849266,middle
A5109376464,W1986849266,middle
A5100386756,W1986849266,middle
A5029129951,W1986849266,middle
A5100364769,W1986849266,middle
A5100343306,W1986849266,last
A5064788948,W2626972740,first
A5089681312,W2626972740,middle
A5043385269,W2626972740,middle
A5043385269,W2626972740,middle
A5084869905,W2626972740,middle
A5075836096,W2626972740,middle
A5079598171,W2626972740,middle
A5079598171,W2626972740,middle
A5030724120,W2626972740,middle
A5101430618,W2626972740,middle
A5009255272,W2626972740,middle
A5000043923,W2626972740,middle
A5101695858,W2626972740,last
A5038668215,W2802187397,first
A5061585298,W2802187397,middle
A5036987388,W2802187397,middle
A5101715620,W2802187397,middle
A5047962986,W2802187397,middle
A5089404640,W2802187397,last
A5043098453,W1426956448,first
A5100320723,W1426956448,middle
A5091587552,W1426956448,middle
A5046448314,W1426956448,middle
A5110622785,W1426956448,middle
A5100339586,W1426956448,last
A5057267422,W2401246392,first
A5054292278,W2401246392,middle
A5035508615,W2401246392,middle
A5002427493,W2401246392,middle
A5034466750,W2401246392,middle
A5020370754,W2401246392,last
A5102998108,W2532521045,first
A5101448143,W2532521045,middle
A5081086453,W2532521045,middle
A5074022699,W2532521045,last
A5033085089,W2808904300,first
A5101416488,W2808904300,middle
A5073961162,W2808904300,last
A5114374395,W1655403841,first
A5100626955,W1655403841,middle
A5087539183,W1655403841,middle
A5079445353,W1655403841,middle
A5074018705,W1655403841,middle
A5100395267,W1655403841,middle
A5100673818,W1655403841,last
A5038996322,W2063149790,first
A5100437308,W2063149790,middle
A5077623520,W2063149790,last
A5077882811,W1922199343,first
A5057732142,W1922199343,middle
A5100804855,W1922199343,middle
A5100373517,W1922199343,last
A5100630868,W2061922307,last
A5057508424,W2140321362,first
A5111664929,W2140321362,middle
A5101860993,W2140321362,middle
A5101615349,W2140321362,last
A5063181504,W2778363563,first
A5043286765,W2778363563,middle
A5050651525,W2778363563,middle
A5035157184,W2778363563,middle
A5066710499,W2778363563,middle
A5009814221,W2778363563,middle
A5100773343,W2778363563,last
A5032626016,W3168112135,first
A5001285878,W3168112135,middle
A5079553918,W3168112135,middle
A5068792201,W3168112135,middle
A5003257736,W3168112135,middle
A5056294284,W3168112135,last
A5030768561,W2072055974,first
A5100379572,W2072055974,middle
A5101708632,W2072055974,last
A5101868311,W2952179106,first
A5046085212,W2952179106,middle
A5108129241,W2952179106,middle
A5100668503,W2952179106,middle
A5043098453,W2952179106,middle
A5106671208,W2952179106,middle
A5100320723,W2952179106,middle
A5081141964,W2952179106,middle
A5100770464,W2952179106,middle
A5046448314,W2952179106,last
A5100437308,W1989944970,first
A5038996322,W1989944970,last
A5049451858,W2008602421,first
A5055914117,W2008602421,middle
A5029379745,W2008602421,middle
A5052648220,W2008602421,middle
A5101840129,W2008602421,middle
A5010998239,W2008602421,last
A5039611523,W2020089616,first
A5100325058,W2020089616,last
A5100384767,W2963213486,first
A5100431792,W2963213486,middle
A5018301052,W2963213486,middle
A5037340457,W2963213486,last
A5018828723,W2808535700,first
A5026716125,W2808535700,middle
A5100778479,W2808535700,middle
A5013889855,W2808535700,middle
A5100681023,W2808535700,last
A5011662977,W2291593693,first
A5074761737,W2291593693,last
A5101850961,W2056748234,first
A5034086130,W2056748234,middle
A5102019638,W2056748234,middle
A5100951661,W2056748234,last
A5035158496,W4391307079,first
A5024531860,W4391307079,middle
A5102529527,W4391307079,middle
A5051607982,W4391307079,middle
A5043914348,W4391307079,middle
A5001531117,W4391307079,last
A5052842454,W3034584726,first
A5113907549,W3034584726,middle
A5083638473,W3034584726,middle
A5071940538,W3034584726,middle
A5052481491,W3034584726,last
A5008666077,W2129291408,first
A5100728762,W2129291408,middle
A5101457342,W2129291408,middle
A5010114060,W2129291408,last
A5100976259,W2039791408,first
A5049695253,W2039791408,last
A5037899479,W2896784509,first
A5006190887,W2896784509,middle
A5082173488,W2896784509,last
A5100349006,W2513378248,first
A5031753985,W2513378248,middle
A5085818578,W2513378248,middle
A5100320723,W2513378248,last
A5067617335,W2142720090,first
A5100507018,W2142720090,middle
A5053122805,W2142720090,middle
A5043942510,W2142720090,last
A5016284649,W2948069880,first
A5019241553,W2948069880,middle
A5010800424,W2948069880,middle
A5100373517,W2948069880,middle
A5049812527,W2948069880,last
A5033222141,W3204875639,first
A5100722237,W3204875639,middle
A5104009095,W3204875639,last
A5101440100,W2313931749,first
A5100442748,W2313931749,middle
A5100665802,W2313931749,middle
A5100608923,W2313931749,middle
A5009588850,W2313931749,middle
A5061736056,W2313931749,middle
A5039469534,W2313931749,middle
A5073916751,W2313931749,middle
A5100324209,W2313931749,middle
A5071000917,W2313931749,middle
A5020150778,W2313931749,middle
A5065237213,W2313931749,last
A5103196150,W2997365797,first
A5101788327,W2997365797,middle
A5084214981,W2997365797,middle
A5103091593,W2997365797,middle
A5069226247,W2997365797,middle
A5102152660,W2997365797,last
A5028464154,W2086958058,first
A5057732142,W2086958058,middle
A5035519525,W2086958058,last
A5100681023,W1982397092,first
A5102841107,W1982397092,middle
A5100937323,W1982397092,middle
A5044651577,W1982397092,middle
A5103733614,W1982397092,last
A5100681023,W2022749020,first
A5101672477,W2022749020,middle
A5066838116,W2022749020,middle
A5044651577,W2022749020,middle
A5103733614,W2022749020,last
A5100458657,W3040685212,first
A5079739109,W3040685212,middle
A5030309917,W3040685212,middle
A5078494006,W3040685212,middle
A5007566576,W3040685212,middle
A5046673670,W3040685212,last
A5080738591,W2026562765,first
A5100438525,W2026562765,middle
A5100764176,W2026562765,last
A5100406718,W2024820182,first
A5067004420,W2024820182,middle
A5007958593,W2024820182,last
A5108362264,W2149956719,first
A5041454124,W2149956719,middle
A5103643649,W2149956719,middle
A5100686648,W2149956719,last
A5067994505,W1969150846,first
A5100329735,W1969150846,middle
A5111530453,W1969150846,middle
A5109927178,W1969150846,middle
A5110042075,W1969150846,last
A5100744865,W2977072935,first
A5032337347,W2977072935,middle
A5040005245,W2977072935,middle
A5064093237,W2977072935,middle
A5072044890,W2977072935,middle
A5014407399,W2977072935,last
A5059763207,W3149255455,first
A5100412598,W3149255455,middle
A5081036622,W3149255455,last
A5029182057,W2227395312,first
A5088095437,W2227395312,middle
A5091494022,W2227395312,middle
A5001337593,W2227395312,middle
A5089475669,W2227395312,middle
A5057595671,W2227395312,middle
A5103564288,W2227395312,middle
A5010719226,W2227395312,middle
A5067214173,W2227395312,middle
A5005013902,W2227395312,middle
A5085027718,W2227395312,middle
A5008619338,W2227395312,middle
A5055576104,W2227395312,middle
A5052713652,W2227395312,middle
A5055203249,W2227395312,middle
A5065093590,W2227395312,middle
A5030390726,W2227395312,middle
A5044479288,W2227395312,middle
A5068295490,W2227395312,middle
A5053410790,W2227395312,middle
A5085487073,W2227395312,middle
A5020922302,W2227395312,middle
A5044354277,W2227395312,middle
A5084558956,W2227395312,middle
A5062768683,W2227395312,middle
A5050068380,W2227395312,middle
A5003981652,W2227395312,middle
A5058939594,W2227395312,middle
A5000080545,W2227395312,middle
A5086256360,W2227395312,middle
A5105839982,W2227395312,middle
A5019929457,W2227395312,middle
A5015356302,W2227395312,middle
A5018880619,W2227395312,middle
A5076884487,W2227395312,middle
A5064008781,W2227395312,middle
A5030987435,W2227395312,middle
A5110295182,W2227395312,middle
A5064498279,W2227395312,middle
A5023298209,W2227395312,middle
A5119558606,W2227395312,middle
A5063296381,W2227395312,middle
A5078956440,W2227395312,middle
A5009253078,W2227395312,middle
A5068654082,W2227395312,middle
A5081197590,W2227395312,middle
A5046550109,W2227395312,middle
A5068424092,W2227395312,middle
A5062293219,W2227395312,middle
A5045008246,W2227395312,middle
A5080111333,W2227395312,middle
A5053008766,W2227395312,middle
A5017743629,W2227395312,middle
A5011711071,W2227395312,middle
A5077945810,W2227395312,middle
A5006221161,W2227395312,middle
A5057948391,W2227395312,middle
A5007344080,W2227395312,middle
A5004635493,W2227395312,middle
A5029782864,W2227395312,middle
A5048821155,W2227395312,middle
A5083831949,W2227395312,middle
A5084767082,W2227395312,middle
A5100334873,W2227395312,middle
A5086156399,W2227395312,middle
A5032606749,W2227395312,middle
A5018411129,W2227395312,middle
A5051471593,W2227395312,middle
A5113968067,W2227395312,middle
A5115591570,W2227395312,middle
A5029559361,W2227395312,middle
A5036351252,W2227395312,middle
A5005567984,W2227395312,middle
A5014141585,W2227395312,middle
A5000459620,W2227395312,middle
A5054520414,W2227395312,middle
A5090395493,W2227395312,middle
A5030607460,W2227395312,middle
A5021003479,W2227395312,middle
A5000040112,W2227395312,middle
A5012991069,W2227395312,middle
A5072245508,W2227395312,middle
A5052162892,W2227395312,middle
A5108748492,W2227395312,middle
A5004159021,W2227395312,middle
A5114259817,W2227395312,middle
A5051229050,W2227395312,middle
A5003394700,W2227395312,middle
A5064295564,W2227395312,middle
A5025364437,W2227395312,middle
A5088701980,W2227395312,middle
A5037656730,W2227395312,middle
A5110411491,W2227395312,middle
A5101735746,W2227395312,middle
A5032127010,W2227395312,middle
A5042600667,W2227395312,middle
A5021297661,W2227395312,middle
A5071924678,W2227395312,middle
A5029176853,W2227395312,middle
A5087447838,W2227395312,middle
A5100437308,W2017846705,first
A5027887810,W2017846705,middle
A5035293475,W2017846705,last
A5100626442,W2804395012,first
A5112658854,W2804395012,middle
A5067719787,W2804395012,middle
A5101550784,W2804395012,middle
A5044218586,W2804395012,middle
A5044427961,W2804395012,middle
A5014350442,W2804395012,middle
A5108718378,W2804395012,last
A5003572809,W3092879151,first
A5066475359,W3092879151,middle
A5100373492,W3092879151,middle
A5078711649,W3092879151,middle
A5047962986,W3092879151,last
A5001398914,W2588941434,first
A5037737513,W2588941434,middle
A5100446347,W2588941434,middle
A5101493107,W2588941434,middle
A5108555426,W2588941434,middle
A5100777102,W2588941434,middle
A5074022699,W2588941434,last
A5076024045,W2038681300,first
A5113500576,W2038681300,last
A5000567846,W2163150789,first
A5101570773,W2163150789,middle
A5114911316,W2163150789,middle
A5100653787,W2163150789,last
A5101814491,W2585226541,first
A5100451576,W2585226541,middle
A5109885554,W2585226541,middle
A5102980268,W2585226541,middle
A5005847882,W2585226541,last
A5048432969,W3178835722,first
A5078622343,W3178835722,middle
A5100681020,W3178835722,middle
A5063163595,W3178835722,middle
A5101904758,W3178835722,middle
A5083873109,W3178835722,middle
A5044100655,W3178835722,middle
A5100750237,W3178835722,last
A5109374705,W3176187859,first
A5101827340,W3176187859,middle
A5004579631,W3176187859,middle
A5100361625,W3176187859,middle
A5035112538,W3176187859,middle
A5100726984,W3176187859,last
A5100435599,W2517850251,first
A5078793726,W2517850251,middle
A5008574161,W2517850251,middle
A5055197093,W2517850251,middle
A5005228053,W2517850251,middle
A5025387109,W2517850251,middle
A5087894632,W2517850251,last
A5100460385,W2145773134,first
A5085431435,W2145773134,middle
A5101924784,W2145773134,middle
A5100620306,W2145773134,last
A5029129567,W2056227828,first
A5060427874,W2056227828,last
A5089670294,W4399430129,first
A5051121252,W4399430129,middle
A5071161045,W4399430129,middle
A5013658387,W4399430129,middle
A5073942332,W4399430129,middle
A5032916939,W4399430129,middle
A5080598507,W4399430129,middle
A5100370111,W4399430129,middle
A5100384106,W4399430129,middle
A5100416932,W4399430129,middle
A5100566110,W4399430129,middle
A5057510328,W4399430129,middle
A5100743473,W4399430129,middle
A5077004789,W4399430129,middle
A5111847562,W4399430129,middle
A5024508467,W4399430129,middle
A5011405193,W4399430129,middle
A5066418930,W4399430129,middle
A5046268649,W4399430129,middle
A5020277918,W4399430129,middle
A5091828774,W4399430129,middle
A5011315516,W4399430129,middle
A5057641257,W4399430129,middle
A5109294259,W4399430129,middle
A5063337505,W4399430129,middle
A5042219806,W4399430129,middle
A5048552375,W4399430129,middle
A5068483766,W4399430129,middle
A5041492055,W4399430129,middle
A5070762365,W4399430129,middle
A5100381911,W4399430129,middle
A5068105642,W4399430129,middle
A5047213890,W4399430129,middle
A5029424400,W4399430129,last
A5065667064,W2962917547,first
A5055546056,W2962917547,middle
A5025017745,W2962917547,middle
A5041101317,W2962917547,middle
A5102014973,W2962917547,middle
A5100652865,W2962917547,last
A5003324011,W2114538147,first
A5101733791,W2114538147,middle
A5100421812,W2114538147,middle
A5034823616,W2114538147,last
A5033005387,W3210458411,first
A5081759167,W3210458411,middle
A5012944437,W3210458411,last
A5085460431,W3176694003,first
A5047846625,W3176694003,middle
A5051393532,W3176694003,last
A5100743369,W2059900053,first
A5100392089,W2059900053,middle
A5062247330,W2059900053,middle
A5114348335,W2059900053,middle
A5100830074,W2059900053,middle
A5110164824,W2059900053,last
A5013878129,W2762294195,first
A5023722608,W2762294195,middle
A5103170991,W2762294195,middle
A5027639981,W2762294195,middle
A5101593293,W2762294195,middle
A5059094652,W2762294195,middle
A5100445293,W2762294195,last
A5075619170,W2947877009,first
A5056492561,W2947877009,middle
A5090864358,W2947877009,middle
A5091163780,W2947877009,middle
A5054240555,W2947877009,middle
A5113923730,W2947877009,middle
A5009825116,W2947877009,middle
A5103056585,W2947877009,middle
A5078395814,W2947877009,middle
A5072422661,W2947877009,middle
A5056109480,W2947877009,middle
A5015434839,W2947877009,last
A5024483449,W421662763,first
A5100639866,W421662763,middle
A5041300353,W421662763,last
A5100506974,W2102999520,first
A5023925931,W2102999520,middle
A5019539533,W2102999520,middle
A5100392156,W2102999520,last
A5100605168,W3170937175,first
A5101491459,W3170937175,middle
A5067077438,W3170937175,middle
A5028459386,W3170937175,middle
A5063798691,W3170937175,middle
A5001239748,W3170937175,middle
A5046419834,W3170937175,last
A5113689151,W2061798849,first
A5100754504,W2061798849,middle
A5080121059,W2061798849,middle
A5029626046,W2061798849,last
A5090412627,W1860884375,first
A5064691262,W1860884375,middle
A5031753985,W1860884375,middle
A5055298323,W1860884375,last
A5078091030,W4382655263,first
A5075485324,W4382655263,middle
A5047288520,W4382655263,middle
A5066366509,W4382655263,last
A5005421447,W2019863495,first
A5003222421,W2019863495,middle
A5082181536,W2019863495,middle
A5055469774,W2019863495,middle
A5008666077,W2019863495,middle
A5012707925,W2019863495,last
A5100411469,W3108202858,first
A5028066599,W3108202858,middle
A5100705849,W3108202858,middle
A5028965727,W3108202858,middle
A5027601906,W3108202858,middle
A5036357902,W3108202858,last
A5041312244,W2000264668,first
A5064995841,W2000264668,middle
A5109175587,W2000264668,middle
A5102982187,W2000264668,middle
A5048655816,W2000264668,middle
A5076838888,W2000264668,middle
A5079261300,W2000264668,middle
A5077446386,W2000264668,middle
A5015216573,W2000264668,middle
A5103228349,W2000264668,middle
A5103179938,W2000264668,middle
A5083301167,W2000264668,middle
A5086234334,W2000264668,middle
A5001633495,W2000264668,middle
A5078370697,W2000264668,middle
A5031909133,W2000264668,middle
A5111899582,W2000264668,middle
A5003849228,W2000264668,middle
A5060364374,W2000264668,middle
A5056523134,W2000264668,middle
A5018882292,W2000264668,middle
A5032273680,W2000264668,middle
A5101535588,W2000264668,middle
A5075794110,W2000264668,middle
A5100742819,W2000264668,middle
A5043590676,W2000264668,middle
A5078441453,W2000264668,middle
A5112127033,W2000264668,middle
A5102710279,W2000264668,middle
A5006406931,W2000264668,middle
A5110143690,W2000264668,middle
A5067972591,W2000264668,middle
A5009054100,W2000264668,middle
A5110507775,W2000264668,middle
A5067123720,W2000264668,middle
A5029076691,W2000264668,middle
A5079305919,W2000264668,middle
A5091238252,W2000264668,middle
A5100778961,W2000264668,middle
A5112611138,W2000264668,middle
A5062332192,W2000264668,middle
A5103524503,W2000264668,middle
A5101473970,W2000264668,middle
A5010087179,W2000264668,middle
A5100425262,W2000264668,middle
A5100388566,W2000264668,middle
A5047976044,W2000264668,middle
A5111713789,W2000264668,middle
A5068886380,W2000264668,last
A5038996322,W2060093109,first
A5100437308,W2060093109,middle
A5077623520,W2060093109,last
A5101524540,W2587299461,middle
A5107941559,W2587299461,middle
A5100606995,W2587299461,last
A5048806635,W3008497156,first
A5018409592,W3008497156,middle
A5049051036,W3008497156,middle
A5091779273,W3008497156,middle
A5101678402,W3008497156,last
A5101599156,W2903799441,first
A5101854992,W2903799441,middle
A5048118068,W2903799441,middle
A5100429004,W2903799441,middle
A5014258731,W2903799441,middle
A5102970144,W2903799441,middle
A5061272871,W2903799441,last
A5013097435,W2227178360,first
A5088947252,W2227178360,middle
A5074446712,W2227178360,middle
A5040894049,W2227178360,middle
A5000091844,W2227178360,middle
A5045820772,W2227178360,middle
A5050577808,W2227178360,last
A5100689470,W2952522777,first
A5076008539,W2952522777,middle
A5017898444,W2952522777,middle
A5101911266,W2952522777,middle
A5009826239,W2952522777,last
A5016095713,W2051549110,first
A5037942269,W2051549110,last
A5101505982,W2798355657,first
A5014362734,W2798355657,middle
A5107885738,W2798355657,middle
A5102311417,W2798355657,middle
A5018343158,W2798355657,last
A5044541383,W1971014006,first
A5064168853,W1971014006,middle
A5100403129,W1971014006,middle
A5100343894,W1971014006,last
A5006863331,W2905471643,first
A5100668503,W2905471643,middle
A5100320723,W2905471643,middle
A5046448314,W2905471643,last
A5054822682,W2068430427,first
A5100412598,W2068430427,middle
A5100695695,W2068430427,middle
A5034057959,W2068430427,last
A5082331221,W3125675327,first
A5100451576,W3125675327,last
A5100451576,W2096076988,first
A5024892041,W2096076988,middle
A5100951661,W2096076988,middle
A5100630868,W2096076988,middle
A5109309781,W2096076988,last
A5059763207,W2116737258,first
A5100412598,W2116737258,middle
A5081036622,W2116737258,last
A5047030842,W3120227884,first
A5100685019,W3120227884,middle
A5100634361,W3120227884,middle
A5100665814,W3120227884,middle
A5060514022,W3120227884,last
A5040661461,W2802925146,first
A5100423292,W2802925146,last
A5060766494,W2337881469,first
A5049329567,W2337881469,middle
A5108056583,W2337881469,last
A5042107634,W2915004230,first
A5101783387,W2915004230,middle
A5006793709,W2915004230,middle
A5019972279,W2915004230,middle
A5077933989,W2915004230,middle
A5068526974,W2915004230,middle
A5091117089,W2915004230,last
A5100387512,W2148145769,first
A5006030510,W2148145769,middle
A5086316879,W2148145769,middle
A5014529529,W2148145769,middle
A5017862559,W2148145769,last
A5101873531,W3096068180,first
A5100645728,W3096068180,middle
A5009328745,W3096068180,middle
A5100741279,W3096068180,middle
A5028731909,W3096068180,middle
A5029021362,W3096068180,middle
A5023834700,W3096068180,middle
A5101540189,W3096068180,middle
A5112601777,W3096068180,middle
A5084959430,W3096068180,last
A5100403440,W2906305053,first
A5055597439,W2906305053,middle
A5100599679,W2906305053,middle
A5102426335,W2906305053,last
A5101691100,W2950722229,first
A5000426279,W2950722229,middle
A5102871273,W2950722229,middle
A5102267094,W2950722229,middle
A5100342828,W2950722229,middle
A5083935406,W2950722229,middle
A5040085389,W2950722229,middle
A5100714052,W2950722229,last
A5032439086,W3194836374,first
A5089259739,W3194836374,middle
A5042746887,W3194836374,middle
A5060484186,W3194836374,middle
A5075535352,W3194836374,middle
A5065907658,W3194836374,middle
A5101488344,W3194836374,middle
A5101718341,W3194836374,middle
A5102018239,W3194836374,last
A5075649212,W4312183515,first
A5100693929,W4312183515,middle
A5061517548,W4312183515,middle
A5101577487,W4312183515,last
A5100374384,W2614935527,first
A5101518929,W2614935527,middle
A5044909162,W2614935527,middle
A5033600988,W2614935527,middle
A5110613625,W2614935527,middle
A5052672374,W2614935527,middle
A5027345342,W2614935527,middle
A5100347686,W2614935527,middle
A5100755257,W2614935527,last
A5112378161,W2541577353,first
A5016293783,W2541577353,middle
A5004114267,W2541577353,last
A5100738980,W4390490761,first
A5101511644,W4390490761,middle
A5101790532,W4390490761,middle
A5007489034,W4390490761,middle
A5075858724,W4390490761,middle
A5062665223,W4390490761,middle
A5050255638,W4390490761,middle
A5103029035,W4390490761,middle
A5072191151,W4390490761,last
A5036875405,W4406800520,first
A5100687441,W4406800520,middle
A5101809968,W4406800520,middle
A5070006732,W4406800520,middle
A5108961327,W4406800520,middle
A5109730221,W4406800520,middle
A5100447280,W4406800520,middle
A5114723683,W4406800520,middle
A5108893565,W4406800520,middle
A5087033501,W4406800520,middle
A5041006174,W4406800520,middle
A5101588749,W4406800520,middle
A5100411426,W4406800520,middle
A5060618975,W4406800520,middle
A5043656661,W4406800520,middle
A5101432591,W4406800520,middle
A5101729628,W4406800520,middle
A5013258788,W4406800520,middle
A5100341808,W4406800520,middle
A5083955516,W4406800520,middle
A5083173421,W4406800520,middle
A5081667345,W4406800520,middle
A5102945489,W4406800520,middle
A5067758524,W4406800520,middle
A5044665993,W4406800520,middle
A5088834359,W4406800520,middle
A5100360436,W4406800520,middle
A5058353652,W4406800520,last
A5070461768,W4401386967,first
A5041031140,W4401386967,middle
A5100665356,W4401386967,middle
A5058406424,W4401386967,middle
A5109582975,W4401386967,middle
A5103196797,W4401386967,middle
A5078109015,W4401386967,last
A5012003354,W4389518671,first
A5041448669,W4389518671,middle
A5019259019,W4389518671,middle
A5036050911,W4389518671,middle
A5042018181,W4389518671,last
A5014777126,W4389520455,first
A5100651417,W4389520455,middle
A5100758099,W4389520455,middle
A5004882141,W4389520455,middle
A5073264981,W4389520455,middle
A5101591101,W4389520455,middle
A5031220156,W4389520455,last
A5043082246,W4388922836,first
A5101675440,W4388922836,middle
A5032933669,W4388922836,middle
A5067663922,W4388922836,middle
A5031766048,W4388922836,middle
A5082460884,W4388922836,middle
A5029283104,W4388922836,middle
A5025647523,W4388922836,middle
A5054184199,W4388922836,middle
A5006822597,W4388922836,middle
A5015914756,W4388922836,middle
A5100324969,W4388922836,middle
A5017279723,W4388922836,middle
A5032625133,W4388922836,middle
A5024030578,W4388922836,middle
A5082967971,W4388922836,middle
A5066434934,W4388922836,middle
A5046574977,W4388922836,middle
A5083564913,W4388922836,middle
A5100363454,W4388922836,middle
A5084913828,W4388922836,middle
A5021782904,W4388922836,middle
A5016857233,W4388922836,middle
A5085096438,W4388922836,middle
A5072258594,W4388922836,last
A5078622343,W4402901320,first
A5045832099,W4402901320,middle
A5100400585,W4402901320,middle
A5100334743,W4402901320,middle
A5052892856,W4402901320,middle
A5110294523,W4402901320,middle
A5062365263,W4402901320,middle
A5100355277,W4402901320,last
A5100436099,W4385570088,first
A5059782572,W4385570088,middle
A5063409665,W4385570088,middle
A5101417955,W4385570088,middle
A5090588589,W4385570088,middle
A5089793938,W4385570088,middle
A5039617569,W4385570088,last
A5034614141,W4404782209,first
A5100669278,W4404782209,middle
A5023250445,W4404782209,middle
A5100365484,W4404782209,middle
A5100322712,W4404782209,middle
A5101696592,W4404782209,middle
A5020953714,W4404782209,middle
A5087920747,W4404782209,middle
A5110579339,W4404782209,last
A5111125513,W4391590983,middle
A5093875978,W4391590983,middle
A5103258769,W4391590983,middle
A5009164482,W4391590983,middle
A5101686970,W4391590983,last
A5050708741,W4409695426,first
A5053402317,W4409695426,middle
A5016937929,W4409695426,middle
A5091980022,W4409695426,middle
A5041913433,W4409695426,middle
A5044191947,W4409695426,middle
A5033176798,W4409695426,last
A5030177160,W4388708748,first
A5100685997,W4388708748,middle
A5053778747,W4388708748,middle
A5101490744,W4388708748,middle
A5100409741,W4388708748,last
A5103066136,W4386110374,first
A5075448224,W4386110374,middle
A5092683731,W4386110374,middle
A5069499692,W4386110374,middle
A5051108261,W4386110374,middle
A5112986368,W4386110374,middle
A5032242330,W4386110374,middle
A5009380042,W4386110374,middle
A5076605908,W4386110374,middle
A5032933669,W4386110374,middle
A5017063138,W4386110374,middle
A5085096438,W4386110374,last
A5036057873,W4400606525,first
A5012370987,W4400606525,middle
A5013513956,W4400606525,middle
A5101500385,W4400606525,middle
A5100427434,W4400606525,middle
A5067846625,W4400606525,middle
A5072988055,W4400606525,middle
A5001967239,W4400606525,middle
A5100341816,W4400606525,middle
A5008281909,W4400606525,middle
A5019541869,W4400606525,middle
A5001571390,W4400606525,middle
A5054330014,W4400606525,middle
A5090720315,W4400606525,last
A5100632772,W4389267014,first
A5055850985,W4389267014,middle
A5100352418,W4389267014,middle
A5101695004,W4389267014,middle
A5076320750,W4389267014,middle
A5100424709,W4389267014,middle
A5053733933,W4389267014,middle
A5040149528,W4389267014,middle
A5051649145,W4389267014,middle
A5111863979,W4389267014,middle
A5100397381,W4389267014,middle
A5055138562,W4389267014,middle
A5040302008,W4389267014,last
A5114402756,W4403753254,first
A5114402757,W4403753254,middle
A5114402758,W4403753254,middle
A5114402759,W4403753254,middle
A5114402760,W4403753254,middle
A5114402761,W4403753254,middle
A5114402762,W4403753254,last
A5060885589,W4394745858,first
A5100697907,W4394745858,middle
A5039575081,W4394745858,middle
A5087522507,W4394745858,middle
A5060758777,W4394745858,middle
A5026843654,W4394745858,middle
A5008124792,W4394745858,middle
A5083750020,W4394745858,middle
A5101854992,W4394745858,middle
A5024354460,W4394745858,last
A5100366146,W4389524500,first
A5100622912,W4389524500,middle
A5100327490,W4389524500,middle
A5107006256,W4389524500,middle
A5077595559,W4389524500,middle
A5102514765,W4389524500,middle
A5044665993,W4389524500,last
A5103100933,W4389520468,first
A5041448669,W4389520468,middle
A5101180037,W4389520468,middle
A5044042138,W4389520468,middle
A5042018181,W4389520468,middle
A5051745436,W4389520468,last
A5100321270,W4407881031,middle
A5029554732,W4407881031,middle
A5055589153,W4407881031,middle
A5016472874,W4407881031,middle
A5100726041,W4407881031,last
A5029082837,W4406241919,first
A5103207823,W4406241919,middle
A5101972658,W4406241919,middle
A5028349844,W4406241919,middle
A5101752106,W4406241919,middle
A5081165986,W4406241919,middle
A5100400777,W4406241919,middle
A5019108029,W4406241919,middle
A5036357902,W4406241919,last
A5051629595,W4394862732,first
A5100353701,W4394862732,middle
A5056126166,W4394862732,middle
A5002832266,W4394862732,middle
A5062614549,W4394862732,middle
A5058342038,W4394862732,middle
A5100748135,W4394862732,last
A5078410186,W4392362609,first
A5103120458,W4392362609,middle
A5111071295,W4392362609,middle
A5109653981,W4392362609,middle
A5001906215,W4392362609,middle
A5083493705,W4392362609,last
A5100959340,W4389523710,first
A5062469562,W4389523710,middle
A5017982536,W4389523710,middle
A5101901747,W4389523710,middle
A5033608663,W4389523710,middle
A5100758089,W4389523710,middle
A5028836340,W4389523710,last
A5100777553,W4402582321,first
A5060612867,W4402582321,middle
A5040769857,W4402582321,middle
A5100647156,W4402582321,middle
A5100391054,W4402582321,middle
A5000937401,W4402582321,last
A5101649969,W4401042993,first
A5116644737,W4401042993,middle
A5113750837,W4401042993,middle
A5100735418,W4401042993,middle
A5102865824,W4401042993,middle
A5101497114,W4401042993,middle
A5100427076,W4401042993,middle
A5100440407,W4401042993,last
A5017606722,W4402670791,first
A5003931816,W4402670791,middle
A5070962435,W4402670791,middle
A5101651746,W4402670791,middle
A5103004488,W4402670791,middle
A5010481801,W4402670791,middle
A5064858748,W4402670791,middle
A5042321575,W4402670791,last
A5013513956,W4403220611,first
A5101500385,W4403220611,middle
A5036057873,W4403220611,middle
A5103872008,W4403220611,middle
A5102878488,W4403220611,middle
A5048669373,W4403220611,middle
A5100427434,W4403220611,middle
A5054330014,W4403220611,middle
A5090720315,W4403220611,middle
A5001571390,W4403220611,last
A5081084638,W4404401018,first
A5051857167,W4404401018,middle
A5102595992,W4404401018,middle
A5100406215,W4404401018,last
A5026831784,W4393578753,first
A5058051415,W4393578753,middle
A5015946486,W4393578753,middle
A5020244808,W4393578753,middle
A5083724554,W4393578753,middle
A5023007010,W4393578753,middle
A5074195618,W4393578753,middle
A5000640882,W4393578753,middle
A5005872704,W4393578753,middle
A5101728676,W4393578753,middle
A5043844741,W4393578753,middle
A5053894346,W4393578753,middle
A5003892449,W4393578753,middle
A5002311002,W4393578753,middle
A5031548623,W4393578753,middle
A5086217226,W4393578753,middle
A5100445061,W4393578753,last
A5101706991,W4366341968,first
A5103244882,W4366341968,middle
A5101721549,W4366341968,middle
A5003939279,W4366341968,middle
A5100374175,W4366341968,middle
A5100346602,W4366341968,middle
A5102880548,W4366341968,middle
A5039318240,W4366341968,middle
A5023684582,W4366341968,last
A5025897218,W4399442007,first
A5104323110,W4399442007,middle
A5026479709,W4399442007,middle
A5018727768,W4399442007,middle
A5102580148,W4399442007,middle
A5042139747,W4399442007,middle
A5041726005,W4399442007,middle
A5050781010,W4399442007,middle
A5111064139,W4399442007,middle
A5022159272,W4399442007,middle
A5101482250,W4399442007,middle
A5010683013,W4399442007,middle
A5046574920,W4399442007,middle
A5073414026,W4399442007,middle
A5010856973,W4399442007,middle
A5101880338,W4399442007,middle
A5018206556,W4399442007,middle
A5075749706,W4399442007,last
A5031172849,W4385571189,first
A5009408707,W4385571189,middle
A5061781904,W4385571189,last
A5100330010,W4408411093,first
A5060429045,W4408411093,middle
A5006449329,W4408411093,middle
A5106481242,W4408411093,middle
A5100382439,W4408411093,middle
A5051337300,W4408411093,middle
A5100445849,W4408411093,middle
A5101954336,W4408411093,middle
A5059040724,W4408411093,middle
A5101454968,W4408411093,middle
A5013010213,W4408411093,middle
A5035622610,W4408411093,middle
A5100456986,W4408411093,middle
A5048514009,W4402467765,first
A5003484932,W4402467765,middle
A5108878628,W4402467765,middle
A5031538881,W4402467765,middle
A5031592704,W4402467765,middle
A5042218238,W4402467765,last
A5100728766,W4401857637,first
A5064810450,W4401857637,middle
A5080866991,W4401857637,middle
A5031648019,W4401857637,middle
A5078544994,W4401857637,middle
A5064101065,W4401857637,middle
A5070837391,W4401857637,last
A5056912386,W4391032878,first
A5053352268,W4391032878,middle
A5100451576,W4391032878,last
A5019343947,W4391225179,first
A5109695029,W4391225179,middle
A5028815058,W4391225179,middle
A5001029365,W4391225179,middle
A5031207765,W4391225179,middle
A5015655352,W4391225179,middle
A5100363454,W4391225179,middle
A5100875166,W4391225179,middle
A5050516829,W4391225179,middle
A5101616866,W4391225179,middle
A5016857233,W4391225179,middle
A5109520123,W4391225179,middle
A5085096438,W4391225179,middle
A5072258594,W4391225179,middle
A5046132723,W4391225179,last
A5075229879,W4403778769,first
A5006555821,W4403778769,middle
A5101521590,W4403778769,middle
A5101537282,W4403778769,middle
A5114177727,W4403778769,middle
A5010087030,W4403778769,last
A5037546695,W4406828533,first
A5032086683,W4406828533,middle
A5081178619,W4406828533,middle
A5111338018,W4406828533,middle
A5100546116,W4406828533,middle
A5104236159,W4406828533,middle
A5101552401,W4406828533,middle
A5047455876,W4406828533,middle
A5084788142,W4406828533,middle
A5074629340,W4406828533,middle
A5102967507,W4406828533,middle
A5066729745,W4406828533,middle
A5023754227,W4406828533,middle
A5008473103,W4406828533,middle
A5060364374,W4406828533,middle
A5001967373,W4406828533,middle
A5102018239,W4406828533,last
A5108839435,W4389519982,first
A5011007223,W4389519982,middle
A5103103242,W4389519982,middle
A5012055259,W4389519982,middle
A5066305082,W4389519982,middle
A5100702488,W4389519982,last
A5060201245,W4387848774,first
A5086820941,W4387848774,middle
A5030760316,W4387848774,middle
A5088110992,W4387848774,middle
A5101589508,W4387848774,middle
A5062188134,W4387848774,middle
A5110850309,W4387848774,last
A5078622343,W4388744821,first
A5045832099,W4388744821,middle
A5100305162,W4388744821,middle
A5051273331,W4388744821,middle
A5055592366,W4388744821,middle
A5114100372,W4388744821,middle
A5044100655,W4388744821,middle
A5100355277,W4388744821,last
A5100757087,W4416296080,first
A5111028407,W4416296080,middle
A5101289283,W4416296080,middle
A5101285238,W4416296080,middle
A5101591101,W4416296080,middle
A5091299759,W4416296080,middle
A5004882141,W4416296080,last
A5056430531,W4404641323,first
A5102661658,W4404641323,middle
A5100735736,W4404641323,middle
A5100642689,W4404641323,middle
A5100393436,W4404641323,middle
A5100721565,W4404641323,middle
A5076061804,W4404641323,middle
A5060311326,W4404641323,middle
A5028381556,W4404641323,middle
A5060799967,W4404641323,middle
A5087779837,W4404641323,middle
A5079048867,W4404641323,middle
A5037546695,W4404641323,middle
A5031948547,W4404641323,last
A5002066189,W4396877721,first
A5103072224,W4396877721,middle
A5100462845,W4396877721,middle
A5020672096,W4396877721,middle
A5114911316,W4396877721,last
A5100669278,W4392616472,first
A5101509556,W4392616472,middle
A5023250445,W4392616472,middle
A5070962435,W4392616472,middle
A5020953714,W4392616472,middle
A5100431149,W4392616472,middle
A5110579339,W4392616472,middle
A5087920747,W4392616472,middle
A5100609321,W4392616472,last
A5100660086,W4322766882,first
A5102894085,W4322766882,middle
A5059211235,W4322766882,middle
A5049088062,W4322766882,middle
A5042856545,W4322766882,middle
A5101474800,W4322766882,middle
A5010557815,W4322766882,middle
A5100398894,W4322766882,middle
A5044330945,W4322766882,middle
A5025388406,W4322766882,middle
A5017575883,W4322766882,middle
A5091743314,W4322766882,middle
A5100775958,W4322766882,middle
A5100320723,W4322766882,middle
A5022672030,W4322766882,middle
A5100641283,W4322766882,middle
A5100355692,W4322766882,middle
A5044791875,W4322766882,middle
A5003324011,W4322766882,middle
A5046448314,W4322766882,last
A5015552951,W4395112660,first
A5073183750,W4395112660,middle
A5072348433,W4395112660,middle
A5040267796,W4395112660,middle
A5006081199,W4395112660,middle
A5076465867,W4395112660,middle
A5101882411,W4395112660,middle
A5007886144,W4395112660,middle
A5103135377,W4395112660,middle
A5054091574,W4395112660,middle
A5010483833,W4395112660,middle
A5018889907,W4395112660,middle
A5027897868,W4395112660,middle
A5082159350,W4395112660,middle
A5062437461,W4395112660,last
A5041224976,W4401065398,first
A5043363677,W4401065398,middle
A5100354377,W4401065398,middle
A5003236313,W4401065398,last
A5009598072,W4390577395,first
A5003418365,W4390577395,middle
A5090244480,W4390577395,middle
A5064235063,W4390577395,middle
A5051572835,W4390577395,middle
A5100454275,W4390577395,middle
A5020261885,W4390577395,middle
A5012709162,W4390577395,middle
A5060561623,W4390577395,middle
A5016857233,W4390577395,middle
A5021782904,W4390577395,middle
A5074359287,W4390577395,middle
A5033852093,W4390577395,middle
A5061312708,W4390577395,middle
A5100328799,W4390577395,middle
A5086077960,W4390577395,middle
A5017862417,W4390577395,middle
A5085096438,W4390577395,middle
A5072258594,W4390577395,middle
A5007251193,W4390577395,last
A5066422711,W4385848430,first
A5058717031,W4385848430,middle
A5082776564,W4385848430,middle
A5059897786,W4385848430,middle
A5085691361,W4385848430,middle
A5070728314,W4385848430,middle
A5034642813,W4385848430,middle
A5077914007,W4385848430,middle
A5084898176,W4385848430,middle
A5003389081,W4385848430,middle
A5085818578,W4385848430,middle
A5085664755,W4385848430,middle
A5079126034,W4385848430,middle
A5069303169,W4385848430,middle
A5056690478,W4385848430,last
A5111114902,W4402671897,first
A5101421201,W4402671897,middle
A5008056255,W4402671897,middle
A5030290474,W4402671897,middle
A5044665993,W4402671897,last
A5033233243,W4407953078,first
A5035660751,W4407953078,middle
A5069498678,W4407953078,middle
A5069557211,W4407953078,middle
A5002273131,W4407953078,middle
A5035708362,W4407953078,middle
A5115780993,W4407953078,middle
A5036357902,W4407953078,last
A5102395586,W4403056940,first
A5101849515,W4403056940,middle
A5037837738,W4403056940,last
A5078324582,W4392543779,first
A5090253720,W4392543779,middle
A5011902043,W4392543779,middle
A5101462397,W4392543779,middle
A5086771045,W4392543779,middle
A5040046000,W4392543779,middle
A5068791753,W4392543779,middle
A5085698673,W4392543779,middle
A5100366084,W4392543779,last
A5102797436,W4402727124,first
A5102210006,W4402727124,middle
A5045569962,W4402727124,middle
A5101086461,W4402727124,middle
A5101868177,W4402727124,middle
A5013240918,W4402727124,last
A5102845658,W4402169037,first
A5101279848,W4402169037,middle
A5073276043,W4402169037,middle
A5086265590,W4402169037,middle
A5043651092,W4402169037,middle
A5100672722,W4402169037,middle
A5030845033,W4402169037,middle
A5042251906,W4402169037,middle
A5101862104,W4402169037,middle
A5036357902,W4402169037,last
A5051341496,W4403221502,first
A5101567069,W4403221502,middle
A5100774978,W4403221502,middle
A5100685716,W4403221502,middle
A5100737741,W4403221502,middle
A5044069461,W4403221502,middle
A5103069683,W4403221502,middle
A5008558592,W4403221502,last
A5102245113,W4402671302,first
A5113392235,W4402671302,middle
A5088135049,W4402671302,middle
A5111684213,W4402671302,middle
A5101434153,W4402671302,middle
A5033824727,W4402671302,middle
A5115596171,W4402671302,middle
A5081763489,W4402671302,middle
A5070009671,W4402671302,middle
A5044042138,W4402671302,last
A5083955516,W4385571050,first
A5102007400,W4385571050,middle
A5030290474,W4385571050,middle
A5072558594,W4385571050,middle
A5044665993,W4385571050,middle
A5088834359,W4385571050,last
A5028791879,W4405367158,first
A5101074920,W4405367158,middle
A5070734581,W4405367158,middle
A5052577882,W4405367158,middle
A5045140292,W4405367158,middle
A5074603286,W4405367158,middle
A5069353502,W4405367158,last
A5008694159,W4393949386,first
A5100445508,W4393949386,middle
A5039033697,W4393949386,middle
A5032824854,W4393949386,middle
A5029785504,W4393949386,middle
A5059293268,W4393949386,middle
A5050643298,W4393949386,middle
A5037210004,W4393949386,last
A5102717493,W4388975763,first
A5100646575,W4388975763,middle
A5043580952,W4388975763,middle
A5100381751,W4388975763,middle
A5100759504,W4388975763,middle
A5101585779,W4388975763,middle
A5071536603,W4388975763,middle
A5100611115,W4388975763,middle
A5100423264,W4388975763,middle
A5015084537,W4388975763,middle
A5100631920,W4388975763,last
A5021825994,W4366447635,first
A5063138720,W4366447635,middle
A5100403693,W4366447635,last
A5101680899,W4388212670,first
A5087040200,W4388212670,middle
A5078844764,W4388212670,middle
A5100421407,W4388212670,middle
A5109622633,W4388212670,last
A5035507554,W4392405493,first
A5100619290,W4392405493,middle
A5032190168,W4392405493,middle
A5116337660,W4392405493,middle
A5066496299,W4392405493,middle
A5065040154,W4392405493,middle
A5109616081,W4392405493,last
A5110753609,W4403582420,first
A5109649372,W4403582420,middle
A5020704767,W4403582420,middle
A5074448454,W4403582420,middle
A5100669498,W4403582420,middle
A5055024089,W4403582420,middle
A5101478122,W4403582420,middle
A5048346353,W4403582420,last
A5044326908,W4389518895,first
A5101953295,W4389518895,middle
A5046448314,W4389518895,middle
A5100355692,W4389518895,last
A5021993585,W4401515033,first
A5112411994,W4401515033,middle
A5053731575,W4401515033,middle
A5100648527,W4401515033,middle
A5056141409,W4401515033,last
A5089655391,W4385638369,first
A5101588982,W4385638369,middle
A5000839824,W4385638369,middle
A5029392006,W4385638369,middle
A5100362815,W4385638369,middle
A5050947285,W4385638369,middle
A5037495777,W4385638369,middle
A5052760299,W4385638369,middle
A5010558184,W4385638369,middle
A5051925942,W4385638369,middle
A5109302882,W4385638369,middle
A5088621320,W4385638369,middle
A5038668215,W4385638369,middle
A5101616866,W4385638369,middle
A5100734069,W4385638369,middle
A5100668121,W4385638369,middle
A5044695231,W4385638369,middle
A5101524043,W4385638369,middle
A5100643097,W4385638369,middle
A5100384130,W4385638369,middle
A5046700486,W4385638369,middle
A5100404770,W4385638369,middle
A5033849258,W4385638369,middle
A5025631695,W4385638369,middle
A5112896233,W4385638369,middle
A5100393241,W4385638369,middle
A5011446678,W4385638369,middle
A5054482111,W4385638369,middle
A5100364188,W4385638369,middle
A5100403562,W4385638369,middle
A5090720315,W4385638369,middle
A5100671580,W4385638369,middle
A5021268896,W4385638369,last
A5007867221,W4402684113,first
A5064978939,W4402684113,middle
A5102894085,W4402684113,middle
A5100546036,W4402684113,middle
A5043098453,W4402684113,middle
A5102604331,W4402684113,middle
A5111334408,W4402684113,middle
A5107544881,W4402684113,middle
A5107420633,W4402684113,middle
A5100320723,W4402684113,middle
A5046448314,W4402684113,last
A5010693174,W4400209938,first
A5113273326,W4400209938,middle
A5014930690,W4400209938,middle
A5003105240,W4400209938,last
A5091465907,W4389519972,first
A5019498452,W4389519972,middle
A5078053186,W4389519972,middle
A5005965903,W4389519972,middle
A5000844861,W4389519972,middle
A5100656763,W4389519972,middle
A5100734069,W4389519972,middle
A5102413215,W4389519972,middle
A5111800002,W4389519972,middle
A5100329282,W4389519972,middle
A5009985839,W4389519972,middle
A5100317860,W4389519972,middle
A5103203299,W4389519972,middle
A5100620486,W4389519972,last
A5100754217,W4409091111,first
A5102665051,W4409091111,middle
A5059205682,W4409091111,middle
A5015914756,W4409091111,middle
A5027501723,W4409091111,last
A5028483464,W4411735779,first
A5069358025,W4411735779,middle
A5074366979,W4411735779,middle
A5048488478,W4411735779,middle
A5102845658,W4411735779,middle
A5100670362,W4411735779,middle
A5041563693,W4411735779,middle
A5043651092,W4411735779,middle
A5036357902,W4411735779,middle
A5100414277,W4411735779,last
A5062254598,W4402702988,first
A5101292450,W4402702988,middle
A5007608248,W4402702988,middle
A5100750527,W4402702988,middle
A5117233230,W4402702988,middle
A5100669593,W4402702988,last
A5100433725,W4411900553,first
A5117823111,W4411900553,middle
A5100396688,W4411900553,middle
A5053507809,W4411900553,middle
A5101488121,W4411900553,middle
A5073063939,W4411900553,middle
A5102487833,W4411900553,middle
A5024874825,W4411900553,middle
A5062439322,W4411900553,middle
A5019708391,W4411900553,middle
A5085787425,W4411900553,middle
A5100704962,W4411900553,last
A5051224603,W4409156407,first
A5101456545,W4409156407,middle
A5100913069,W4409156407,middle
A5115596208,W4409156407,middle
A5031475851,W4409156407,last
A5033286111,W4403007658,first
A5101059608,W4403007658,middle
A5100412598,W4403007658,middle
A5016446062,W4403007658,middle
A5107117869,W4403007658,middle
A5107115318,W4403007658,middle
A5008636957,W4403007658,last
A5100390708,W4392449489,first
A5111145020,W4392449489,middle
A5072485378,W4392449489,middle
A5100422345,W4392449489,middle
A5100725148,W4392449489,middle
A5100659367,W4392449489,middle
A5043524348,W4392449489,middle
A5105297718,W4392449489,last
A5089094818,W4414008559,first
A5023676698,W4414008559,middle
A5032554701,W4414008559,middle
A5083484070,W4414008559,middle
A5100656819,W4414008559,middle
A5007131492,W4414008559,last
A5109693003,W4392931626,first
A5039664887,W4392931626,middle
A5007755497,W4392931626,middle
A5109692700,W4392931626,middle
A5101667381,W4392931626,middle
A5100318020,W4392931626,middle
A5100366029,W4392931626,middle
A5101108160,W4392931626,middle
A5100460206,W4392931626,last
A5078681943,W4406829669,first
A5103203558,W4406829669,middle
A5044497830,W4406829669,middle
A5050086640,W4406829669,middle
A5100368110,W4406829669,middle
A5100342828,W4406829669,middle
A5100645703,W4406829669,middle
A5053549250,W4406829669,last
A5021584440,W4404608635,first
A5076675337,W4404608635,middle
A5101857588,W4404608635,middle
A5100380072,W4404608635,middle
A5030965866,W4404608635,middle
A5080122431,W4404608635,last
A5100386690,W4401042394,first
A5114339862,W4401042394,middle
A5049211958,W4401042394,middle
A5104205155,W4401042394,middle
A5023648764,W4401042394,middle
A5100354997,W4401042394,middle
A5081787254,W4401042394,middle
A5064858748,W4401042394,last
A5022985852,W4400909566,first
A5003519043,W4400909566,middle
A5059000467,W4400909566,middle
A5101602976,W4400909566,middle
A5102638294,W4400909566,middle
A5000202631,W4400909566,middle
A5087411191,W4400909566,middle
A5077800960,W4400909566,middle
A5100629264,W4400909566,middle
A5069680984,W4400909566,last
A5062365263,W4415070954,first
A5108943714,W4415070954,middle
A5100345753,W4415070954,middle
A5079740424,W4415070954,middle
A5029008539,W4415070954,middle
A5100736338,W4415070954,middle
A5045832099,W4415070954,middle
A5064476095,W4415070954,middle
A5101384210,W4415070954,middle
A5088412858,W4415070954,middle
A5102628672,W4415070954,middle
A5100554202,W4415070954,middle
A5101574402,W4415070954,middle
A5100686543,W4415070954,middle
A5102836746,W4415070954,middle
A5100355347,W4415070954,last
A5104280823,W4400942383,first
A5033618286,W4400942383,middle
A5020502914,W4400942383,middle
A5100410939,W4400942383,last
A5100449447,W4403929549,first
A5017436949,W4403929549,middle
A5024330044,W4403929549,middle
A5100354100,W4403929549,middle
A5074315017,W4403929549,middle
A5090740656,W4403929549,last
A5061684974,W4404113537,first
A5100657670,W4404113537,middle
A5022927606,W4404113537,middle
A5004031004,W4404113537,middle
A5100722062,W4404113537,last
A5010758235,W4410964376,first
A5063552937,W4410964376,middle
A5101282883,W4410964376,middle
A5101481141,W4410964376,middle
A5009730624,W4410964376,middle
A5108999586,W4410964376,middle
A5102019907,W4410964376,middle
A5117804341,W4410964376,middle
A5075535352,W4410964376,middle
A5043651092,W4410964376,middle
A5101384215,W4410964376,middle
A5035629029,W4410964376,middle
A5100685716,W4410964376,middle
A5035082722,W4410964376,middle
A5100700956,W4410964376,middle
A5044651577,W4410964376,middle
A5045897021,W4410964376,middle
A5100333729,W4410964376,last
A5100739546,W4402043038,first
A5030726587,W4402043038,middle
A5078175663,W4402043038,middle
A5104254031,W4402043038,middle
A5101718220,W4402043038,middle
A5049926126,W4402043038,middle
A5107953531,W4402043038,middle
A5037742794,W4402043038,middle
A5008721449,W4402043038,middle
A5101824160,W4402043038,last
A5053132840,W4402667014,first
A5101952574,W4402667014,middle
A5052284218,W4402667014,middle
A5101733791,W4402667014,last
A5036057873,W4396758737,first
A5030006503,W4396758737,middle
A5008281909,W4396758737,middle
A5074618552,W4396758737,middle
A5100427434,W4396758737,middle
A5052977037,W4396758737,middle
A5054330014,W4396758737,middle
A5001571390,W4396758737,middle
A5090720315,W4396758737,last
A5050522863,W4407194361,first
A5108988109,W4407194361,middle
A5102000307,W4407194361,middle
A5102747119,W4407194361,middle
A5101650654,W4407194361,middle
A5057816960,W4407194361,middle
A5090294171,W4407194361,middle
A5100390297,W4407194361,last
A5019662637,W4402671152,first
A5084811163,W4402671152,middle
A5089655391,W4402671152,middle
A5002597610,W4402671152,middle
A5100668121,W4402671152,last
A5056912386,W4401352024,first
A5100451576,W4401352024,middle
A5053352268,W4401352024,middle
A5100320723,W4401352024,middle
A5025388406,W4401352024,middle
A5108047851,W4401352024,middle
A5077653363,W4401352024,middle
A5054307218,W4401352024,middle
A5087934040,W4401352024,last
A5037267035,W4406015426,first
A5100586328,W4406015426,middle
A5066394555,W4406015426,middle
A5101320369,W4406015426,middle
A5101926667,W4406015426,last
A5061699251,W4406324010,first
A5047688641,W4406324010,middle
A5082429541,W4406324010,middle
A5006669765,W4406324010,middle
A5049100391,W4406324010,last
A5074956841,W4402727134,first
A5054714748,W4402727134,middle
A5089146499,W4402727134,middle
A5010419481,W4402727134,middle
A5100361891,W4402727134,last
A5100681020,W4414065237,first
A5062365263,W4414065237,middle
A5032748650,W4414065237,middle
A5021463856,W4414065237,middle
A5103326255,W4414065237,middle
A5100341195,W4414065237,middle
A5100355277,W4414065237,last
A5103286483,W4400493343,first
A5003226543,W4400493343,middle
A5100498608,W4400493343,middle
A5113283976,W4400493343,middle
A5101880727,W4400493343,middle
A5102727729,W4400493343,middle
A5046890926,W4400493343,middle
A5087225784,W4400493343,middle
A5071068569,W4400493343,middle
A5023258354,W4400493343,last
A5015396622,W4393147046,first
A5048946763,W4393147046,middle
A5004643540,W4393147046,middle
A5008169830,W4393147046,middle
A5102869280,W4393147046,middle
A5101785327,W4393147046,middle
A5062105912,W4393147046,middle
A5100614741,W4393147046,middle
A5038895203,W4393147046,last
A5043548141,W4389573032,first
A5077007622,W4389573032,middle
A5036448016,W4389573032,middle
A5075711252,W4389573032,middle
A5041641749,W4389573032,middle
A5076075666,W4389573032,middle
A5100649922,W4389573032,middle
A5005779176,W4389573032,middle
A5057364990,W4389573032,middle
A5072258594,W4389573032,middle
A5103036496,W4389573032,middle
A5088509061,W4389573032,last
A5101770273,W4401043375,first
A5100718165,W4401043375,middle
A5080606906,W4401043375,middle
A5101128711,W4401043375,middle
A5032708386,W4401043375,middle
A5018582154,W4401043375,last
A5103015399,W4403878024,first
A5054623682,W4403878024,middle
A5055994909,W4403878024,middle
A5090588589,W4403878024,middle
A5114321221,W4403878024,middle
A5051958442,W4403878024,last
A5100400585,W4402671229,first
A5078622343,W4402671229,middle
A5114230304,W4402671229,middle
A5107429681,W4402671229,middle
A5009239895,W4402671229,last
A5016537530,W4401856679,first
A5100441094,W4401856679,middle
A5095094764,W4401856679,middle
A5101100713,W4401856679,middle
A5048441865,W4401856679,middle
A5101576507,W4401856679,middle
A5066085792,W4401856679,middle
A5052284218,W4401856679,middle
A5044791875,W4401856679,last
A5016924921,W4385572601,first
A5084758279,W4385572601,middle
A5101153906,W4385572601,middle
A5100459130,W4385572601,middle
A5044042138,W4385572601,last
A5060171040,W4404708476,first
A5082537643,W4404708476,middle
A5015752254,W4404708476,middle
A5085421548,W4404708476,middle
A5019862582,W4404708476,middle
A5040143925,W4404708476,middle
A5047496977,W4404708476,last
A5101470389,W4403600564,first
A5090535232,W4403600564,middle
A5101778224,W4403600564,middle
A5057311321,W4403600564,middle
A5023138112,W4403600564,middle
A5055850985,W4403600564,last
A5113052534,W4417147545,first
A5100402508,W4417147545,middle
A5113222156,W4417147545,middle
A5021084391,W4417147545,middle
A5069245621,W4417147545,middle
A5057352675,W4417147545,middle
A5075598739,W4417147545,middle
A5028731909,W4417147545,middle
A5023834700,W4417147545,middle
A5080281882,W4417147545,middle
A5084218062,W4417147545,last
A5103326686,W4400528558,first
A5101524043,W4400528558,middle
A5054609020,W4400528558,middle
A5089655391,W4400528558,middle
A5100668121,W4400528558,middle
A5100402996,W4400528558,last
A5040545892,W4392903596,first
A5041918034,W4392903596,middle
A5043524348,W4392903596,last
A5058308999,W4385573069,first
A5083285849,W4385573069,middle
A5101586921,W4385573069,middle
A5102710198,W4385573069,middle
A5088834359,W4385573069,middle
A5044665993,W4385573069,last
A5101774928,W4402897562,first
A5052123856,W4402897562,middle
A5050248676,W4402897562,last
A5110357310,W4409365576,first
A5100671757,W4409365576,middle
A5079359230,W4409365576,middle
A5060665856,W4409365576,middle
A5043876209,W4409365576,middle
A5100665181,W4409365576,last
A5083173421,W4402671841,first
A5087033501,W4402671841,middle
A5100351068,W4402671841,middle
A5050969774,W4402671841,middle
A5062049138,W4402671841,middle
A5060618975,W4402671841,middle
A5022304469,W4402671841,middle
A5100438586,W4402671841,middle
A5036875405,W4402671841,middle
A5101588749,W4402671841,middle
A5085955762,W4402671841,middle
A5100707563,W4402671841,middle
A5041006174,W4402671841,middle
A5058353652,W4402671841,middle
A5019866365,W4402671841,middle
A5111113722,W4402671841,last
A5102334293,W4405022259,middle
A5080142175,W4405022259,middle
A5091090025,W4405022259,last
A5100449447,W4391596770,first
A5023290252,W4391596770,middle
A5101709265,W4391596770,middle
A5101836736,W4391596770,middle
A5031038629,W4391596770,middle
A5114911316,W4391596770,last
A5042692605,W4406087634,first
A5100403456,W4406087634,middle
A5100355277,W4406087634,middle
A5100398342,W4406087634,middle
A5036007312,W4406087634,middle
A5067122850,W4406087634,middle
A5050927955,W4406087634,middle
A5039394884,W4406087634,middle
A5100389430,W4406087634,middle
A5101938899,W4406087634,middle
A5062581654,W4406087634,middle
A5100345691,W4406087634,last
A5107589197,W4414563742,middle
A5056327997,W4414563742,middle
A5108993015,W4414563742,middle
A5111339908,W4414563742,middle
A5101500691,W4414563742,middle
A5107640963,W4414563742,middle
A5107589199,W4414563742,middle
A5100622704,W4414563742,middle
A5107555218,W4414563742,middle
A5101976907,W4414563742,middle
A5108762092,W4414563742,middle
A5056748708,W4414563742,middle
A5114236205,W4414563742,middle
A5111345669,W4414563742,middle
A5072622467,W4414563742,last
A5092201032,W4403220991,first
A5068211530,W4403220991,middle
A5035135048,W4403220991,middle
A5012202707,W4403220991,middle
A5101524043,W4403220991,middle
A5054609020,W4403220991,middle
A5100402996,W4403220991,last
A5086429938,W4403982217,first
A5101746012,W4403982217,middle
A5115393951,W4403982217,middle
A5115393940,W4403982217,middle
A5101313498,W4403982217,middle
A5115393937,W4403982217,middle
A5077821675,W4403982217,middle
A5027501723,W4403982217,middle
A5015914756,W4403982217,last
A5068480804,W4411665971,first
A5100678900,W4411665971,middle
A5100341036,W4411665971,middle
A5088561209,W4411665971,last
A5062115445,W4389519799,first
A5102206923,W4389519799,middle
A5024849044,W4389519799,middle
A5083845893,W4389519799,middle
A5065529268,W4389519799,middle
A5055672506,W4389519799,middle
A5100620306,W4389519799,last
A5102624832,W4400216594,first
A5056093953,W4400216594,middle
A5031833695,W4400216594,middle
A5100621682,W4400216594,middle
A5029223095,W4400216594,middle
A5044755053,W4400216594,middle
A5091489017,W4400216594,last
A5085421548,W4405500989,first
A5019862582,W4405500989,middle
A5101963628,W4405500989,middle
A5060171040,W4405500989,middle
A5092120655,W4405500989,middle
A5115517198,W4405500989,middle
A5113418139,W4405500989,middle
A5070841252,W4405500989,middle
A5100405781,W4405500989,middle
A5101954414,W4405500989,middle
A5047496977,W4405500989,last
A5032723793,W4397003497,first
A5101474765,W4397003497,middle
A5100400064,W4397003497,middle
A5020534921,W4397003497,middle
A5057485069,W4397003497,middle
A5088551332,W4397003497,middle
A5051633211,W4397003497,middle
A5107748595,W4397003497,middle
A5100412277,W4397003497,middle
A5023848002,W4397003497,middle
A5079464961,W4397003497,middle
A5037013675,W4397003497,middle
A5078108605,W4397003497,last
A5057093904,W4396723563,first
A5100422092,W4396723563,middle
A5101594431,W4396723563,middle
A5048669373,W4396723563,middle
A5101600503,W4396723563,last
A5063972231,W4404536559,first
A5020029652,W4404536559,middle
A5101963312,W4404536559,middle
A5020953714,W4404536559,middle
A5100433899,W4404536559,last
A5104280660,W4405783533,first
A5102934510,W4405783533,middle
A5051836631,W4405783533,middle
A5100931991,W4405783533,middle
A5058455658,W4405783533,middle
A5110266017,W4405783533,middle
A5091459053,W4405783533,last
A5010961909,W4393114551,first
A5005421447,W4393114551,last
A5025242024,W4407951437,first
A5071068600,W4407951437,middle
A5100611366,W4407951437,middle
A5054075105,W4407951437,last
A5101234856,W4393156546,first
A5101596824,W4393156546,middle
A5100423435,W4393156546,middle
A5085818578,W4393156546,middle
A5100342828,W4393156546,middle
A5100645705,W4393156546,middle
A5010540039,W4393156546,last
A5101934597,W4392156151,first
A5009352567,W4392156151,middle
A5032108833,W4392156151,middle
A5067392273,W4392156151,middle
A5018322383,W4392156151,middle
A5053459622,W4392156151,middle
A5101686405,W4392156151,middle
A5011654167,W4392156151,middle
A5100353869,W4392156151,last
A5053412071,W4399864536,first
A5032229400,W4399864536,middle
A5060428350,W4399864536,middle
A5090955429,W4399864536,middle
A5090955429,W4399864536,middle
A5059560149,W4399864536,middle
A5062650633,W4399864536,middle
A5147552013,W4399864536,middle
A5108148234,W4399864536,middle
A5147651977,W4399864536,middle
A5100450024,W4399864536,middle
A5008108221,W4399864536,middle
A5147496241,W4399864536,middle
A5147577393,W4399864536,middle
A5043220498,W4399864536,middle
A5147478173,W4399864536,last
A5100377935,W4385572068,first
A5070962435,W4385572068,middle
A5092013127,W4385572068,last
A5100629469,W4406874718,first
A5035370376,W4406874718,middle
A5003418365,W4406874718,middle
A5012709162,W4406874718,middle
A5070870604,W4406874718,middle
A5114036926,W4406874718,middle
A5100454275,W4406874718,middle
A5020261885,W4406874718,middle
A5034501136,W4406874718,middle
A5008803333,W4406874718,middle
A5033852093,W4406874718,middle
A5100424347,W4406874718,middle
A5016857233,W4406874718,middle
A5019493583,W4406874718,middle
A5009714276,W4406874718,middle
A5100669497,W4406874718,middle
A5100680998,W4406874718,middle
A5086578975,W4406874718,middle
A5048987562,W4406874718,middle
A5060561623,W4406874718,middle
A5065273742,W4406874718,middle
A5006069892,W4406874718,middle
A5086077960,W4406874718,middle
A5029175176,W4406874718,middle
A5051572835,W4406874718,middle
A5041271242,W4406874718,middle
A5091908088,W4406874718,middle
A5010771830,W4406874718,middle
A5074359287,W4406874718,middle
A5032933669,W4406874718,middle
A5072258594,W4406874718,middle
A5017862417,W4406874718,middle
A5101829589,W4406874718,middle
A5102953037,W4406874718,middle
A5090244480,W4406874718,middle
A5085096438,W4406874718,middle
A5102765877,W4406874718,middle
A5007251193,W4406874718,last
A5102708697,W4389524263,first
A5008847016,W4389524263,last
A5067454741,W4403606691,first
A5100765886,W4403606691,middle
A5084384992,W4403606691,middle
A5000353443,W4403606691,middle
A5100413863,W4403606691,last
A5101153906,W4389524162,first
A5091491018,W4389524162,middle
A5100359490,W4389524162,middle
A5102245113,W4389524162,middle
A5000406335,W4389524162,middle
A5036032938,W4389524162,middle
A5044042138,W4389524162,last
A5102245113,W4402671828,first
A5010031720,W4402671828,middle
A5091491018,W4402671828,middle
A5012014905,W4402671828,middle
A5101980939,W4402671828,middle
A5044042138,W4402671828,last
A5019662637,W4402670272,first
A5035411047,W4402670272,middle
A5089655391,W4402670272,middle
A5032865020,W4402670272,middle
A5002597610,W4402670272,middle
A5016388137,W4402670272,middle
A5100668121,W4402670272,last
A5101008686,W4391069894,first
A5101294664,W4391069894,middle
A5003459439,W4391069894,middle
A5100898103,W4391069894,middle
A5000083661,W4391069894,middle
A5100735899,W4391069894,middle
A5042897510,W4391069894,last
A5060201245,W4402684058,first
A5111333834,W4402684058,middle
A5100321835,W4402684058,middle
A5109786565,W4402684058,middle
A5090455375,W4402684058,last
A5077614139,W4402672079,first
A5089259739,W4402672079,middle
A5101049119,W4402672079,middle
A5111153035,W4402672079,middle
A5060484186,W4402672079,middle
A5007559881,W4402672079,middle
A5005163911,W4402672079,middle
A5035082722,W4402672079,middle
A5100700956,W4402672079,middle
A5102018239,W4402672079,last
A5032723793,W4396498719,first
A5100352418,W4396498719,middle
A5062726606,W4396498719,middle
A5100400052,W4396498719,middle
A5088551332,W4396498719,middle
A5100422729,W4396498719,middle
A5051649145,W4396498719,middle
A5037013675,W4396498719,middle
A5078108605,W4396498719,last
A5101848725,W4405016591,first
A5100641957,W4405016591,middle
A5035442855,W4405016591,middle
A5101919658,W4405016591,middle
A5113282700,W4405016591,middle
A5104346083,W4405016591,middle
A5114060810,W4405016591,middle
A5100287262,W4405016591,middle
A5087576648,W4405016591,middle
A5066323913,W4405016591,middle
A5109765746,W4405016591,middle
A5019425843,W4405016591,middle
A5008663435,W4405016591,middle
A5028525523,W4405016591,middle
A5100624617,W4405016591,last
A5100400585,W4388718403,first
A5078622343,W4388718403,middle
A5100355277,W4388718403,middle
A5009239895,W4388718403,last
A5053703845,W4408665284,first
A5100410124,W4408665284,middle
A5020033792,W4408665284,middle
A5100689857,W4408665284,last
A5032439086,W4402671735,first
A5103325598,W4402671735,middle
A5108988112,W4402671735,middle
A5091672267,W4402671735,middle
A5101707821,W4402671735,middle
A5100429898,W4402671735,middle
A5112628399,W4402671735,middle
A5100322370,W4402671735,middle
A5053242349,W4402671735,middle
A5102018239,W4402671735,last
A5046118256,W4403578219,first
A5115604679,W4403578219,middle
A5074618552,W4403578219,middle
A5036057873,W4403578219,middle
A5041791979,W4403578219,middle
A5090720315,W4403578219,middle
A5054330014,W4403578219,middle
A5072845284,W4403578219,middle
A5001571390,W4403578219,last
A5089968822,W4400727220,first
A5012969013,W4400727220,middle
A5112118530,W4400727220,middle
A5108052998,W4400727220,middle
A5020019412,W4400727220,middle
A5013837286,W4400727220,middle
A5007093788,W4400727220,middle
A5103279400,W4400727220,middle
A5102003987,W4400727220,middle
A5002173356,W4400727220,middle
A5101315315,W4400727220,middle
A5055541507,W4400727220,middle
A5102875644,W4400727220,middle
A5100348439,W4400727220,last
A5084758279,W4402683994,first
A5100629071,W4402683994,middle
A5100691430,W4402683994,middle
A5101785248,W4402683994,middle
A5036665467,W4402683994,middle
A5093967911,W4402683994,middle
A5082963891,W4402683994,middle
A5082450455,W4402683994,middle
A5044042138,W4402683994,last
A5035332982,W4404601423,first
A5100645299,W4404601423,middle
A5101782494,W4404601423,middle
A5103125047,W4404601423,middle
A5107964612,W4404601423,middle
A5011488839,W4404601423,middle
A5076097168,W4404601423,middle
A5002625178,W4404601423,last
A5007990141,W4396832059,first
A5043272273,W4396832059,middle
A5101744944,W4396832059,middle
A5077551794,W4396832059,middle
A5007888005,W4396832059,middle
A5028959897,W4396832059,middle
A5041402907,W4396832059,middle
A5044204779,W4396832059,middle
A5060679436,W4396832059,middle
A5066796307,W4396832059,middle
A5057896400,W4396832059,last
A5058308999,W4398138749,first
A5114860163,W4398138749,middle
A5083285849,W4398138749,middle
A5033231216,W4398138749,middle
A5004651932,W4398138749,middle
A5100341810,W4398138749,middle
A5100856129,W4398138749,middle
A5061237050,W4398138749,middle
A5113399823,W4398138749,middle
A5108933637,W4398138749,middle
A5101326418,W4398138749,middle
A5111204925,W4398138749,middle
A5100551022,W4398138749,middle
A5113399822,W4398138749,middle
A5101479594,W4398138749,middle
A5101362690,W4398138749,middle
A5101481048,W4398138749,middle
A5086682667,W4398138749,middle
A5060044968,W4398138749,middle
A5101534682,W4398138749,middle
A5083955516,W4398138749,middle
A5088834359,W4398138749,middle
A5047962986,W4398138749,middle
A5044665993,W4398138749,last
A5100623136,W4402277737,first
A5101516021,W4402277737,middle
A5059195660,W4402277737,middle
A5074793684,W4402277737,last
A5100653283,W4408781722,first
A5100367200,W4408781722,middle
A5100720831,W4408781722,middle
A5090657617,W4408781722,middle
A5090657617,W4408781722,middle
A5116772078,W4408781722,middle
A5057787978,W4408781722,middle
A5057787978,W4408781722,last
A5086592862,W4401863589,first
A5022927606,W4401863589,middle
A5100442619,W4401863589,middle
A5100369545,W4401863589,middle
A5032488410,W4401863589,middle
A5100339293,W4401863589,last
A5037613061,W4412589540,first
A5020017509,W4412589540,middle
A5029871478,W4412589540,middle
A5051725193,W4412589540,middle
A5101386525,W4412589540,middle
A5091324639,W4412589540,middle
A5102440794,W4412589540,middle
A5063801719,W4412589540,middle
A5112188630,W4412589540,middle
A5100358867,W4412589540,middle
A5100542587,W4412589540,middle
A5088513476,W4412589540,middle
A5004474713,W4412589540,middle
A5100355855,W4412589540,middle
A5046438746,W4412589540,middle
A5069055223,W4412589540,middle
A5007756165,W4412589540,middle
A5101524043,W4412589540,middle
A5079087568,W4412589540,middle
A5069649143,W4412589540,last
A5102845658,W4400529431,first
A5060945576,W4400529431,middle
A5043651092,W4400529431,last
A5019662637,W4405144021,first
A5089655391,W4405144021,middle
A5035411047,W4405144021,middle
A5100668121,W4405144021,last
A5102008731,W4400448985,first
A5086818874,W4400448985,middle
A5011008665,W4400448985,middle
A5023421234,W4400448985,middle
A5103132724,W4400448985,last
A5053843140,W4402672007,first
A5115595971,W4402672007,middle
A5100319225,W4402672007,middle
A5103017455,W4402672007,middle
A5100451984,W4402672007,middle
A5109000029,W4402672007,middle
A5010114060,W4402672007,last
A5045079244,W4404781224,first
A5100785185,W4404781224,middle
A5115597425,W4404781224,middle
A5112624834,W4404781224,middle
A5100587112,W4404781224,middle
A5100506810,W4404781224,last
A5098359121,W4396919460,middle
A5103238778,W4396919460,middle
A5076462524,W4396919460,middle
A5041649804,W4396919460,middle
A5101471095,W4396919460,middle
A5029916784,W4396919460,middle
A5004190332,W4396919460,middle
A5089831843,W4396919460,middle
A5068224304,W4396919460,middle
A5045464812,W4396919460,middle
A5004237040,W4396919460,middle
A5091087409,W4396919460,middle
A5004722925,W4396919460,last
A5006419976,W4393160233,first
A5030006654,W4393160233,middle
A5085787425,W4393160233,middle
A5074745823,W4393160233,last
A5087349603,W4412352442,first
A5066999889,W4412352442,middle
A5045331325,W4412352442,last
A5100381737,W4399282423,first
A5100413180,W4399282423,last
A5100702750,W4403674467,first
A5101593329,W4403674467,middle
A5100422345,W4403674467,middle
A5083836256,W4403674467,middle
A5073342449,W4403674467,middle
A5015419107,W4403674467,middle
A5065391648,W4403674467,last
A5115602504,W4403582591,first
A5100660086,W4403582591,middle
A5022672030,W4403582591,middle
A5100320723,W4403582591,middle
A5046448314,W4403582591,middle
A5107808331,W4403582591,last
A5100769587,W4393236964,first
A5086968700,W4393236964,middle
A5101516021,W4393236964,middle
A5115565883,W4393236964,middle
A5015270944,W4393236964,middle
A5100721587,W4393236964,middle
A5101094602,W4393236964,middle
A5100834457,W4393236964,middle
A5100711908,W4393236964,middle
A5114140244,W4393236964,last
A5000492991,W4411892026,first
A5101790974,W4411892026,middle
A5100437598,W4411892026,middle
A5109704013,W4411892026,middle
A5100862506,W4411892026,middle
A5113234623,W4411892026,middle
A5100435631,W4411892026,middle
A5091165662,W4411892026,middle
A5091743314,W4411892026,middle
A5100562151,W4411892026,middle
A5101504866,W4411892026,middle
A5103064214,W4411892026,middle
A5038672170,W4411892026,middle
A5010557815,W4411892026,middle
A5101492949,W4411892026,middle
A5100620306,W4411892026,middle
A5043754028,W4411892026,middle
A5101525624,W4411892026,middle
A5087934040,W4411892026,middle
A5035530511,W4411892026,middle
A5100320723,W4411892026,middle
A5046448314,W4411892026,last
A5043769539,W4400484838,first
A5070950193,W4400484838,middle
A5030520880,W4400484838,middle
A5027659574,W4400484838,middle
A5043798385,W4400484838,middle
A5101967802,W4400484838,middle
A5070722259,W4400484838,middle
A5086338440,W4400484838,middle
A5073273454,W4400484838,middle
A5046419834,W4400484838,middle
A5088646345,W4400484838,middle
A5100331488,W4400484838,last
A5016621547,W4389524107,first
A5111097611,W4389524107,middle
A5070073283,W4389524107,middle
A5100736471,W4389524107,middle
A5047812459,W4389524107,middle
A5100691702,W4389524107,middle
A5100680617,W4389524107,middle
A5100462489,W4389524107,last
A5101516021,W4416432328,first
A5100623136,W4416432328,middle
A5100769587,W4416432328,middle
A5115565883,W4416432328,last
A5041426274,W4405755009,last
A5100749145,W4411080230,middle
A5064916807,W4411080230,last
A5111220718,W4393161039,first
A5102749858,W4393161039,middle
A5048045743,W4393161039,middle
A5044586253,W4393161039,middle
A5102635259,W4393161039,middle
A5101046520,W4393161039,middle
A5043098653,W4393161039,last
A5109457448,W4412654797,first
A5083048575,W4412654797,middle
A5100340223,W4412654797,middle
A5114186113,W4412654797,middle
A5063138720,W4412654797,middle
A5005747969,W4412654797,middle
A5019169384,W4412654797,middle
A5002800784,W4412654797,middle
A5059814447,W4412654797,middle
A5077020842,W4412654797,middle
A5001154153,W4412654797,middle
A5042508499,W4412654797,middle
A5040295345,W4412654797,middle
A5016316057,W4412654797,middle
A5021504410,W4412654797,middle
A5063845462,W4412654797,middle
A5100409987,W4412654797,middle
A5083484038,W4412654797,middle
A5061537451,W4412654797,middle
A5050960828,W4412654797,last
A5104089217,W4393160590,first
A5112495273,W4393160590,middle
A5024849044,W4393160590,middle
A5100622932,W4393160590,middle
A5101999478,W4393160590,middle
A5004875850,W4393160590,middle
A5024102664,W4393160590,last
A5047380396,W4415604498,first
A5103042903,W4415604498,middle
A5091139467,W4415604498,middle
A5085145109,W4415604498,middle
A5008288952,W4415604498,middle
A5071200777,W4415604498,middle
A5039946576,W4415604498,middle
A5100320957,W4415604498,middle
A5008721449,W4415604498,last
A5012614577,W4403095656,first
A5097767667,W4403095656,middle
A5114196866,W4403095656,middle
A5111351890,W4403095656,middle
A5036387698,W4403095656,middle
A5100351954,W4403095656,last
A5024765927,W4402727888,first
A5029645676,W4402727888,middle
A5023000066,W4402727888,middle
A5023785888,W4402727888,middle
A5102413036,W4402727888,middle
A5021861529,W4402727888,middle
A5021727271,W4402727888,middle
A5100437924,W4402727888,middle
A5024097240,W4402727888,middle
A5100406050,W4402727888,middle
A5005626854,W4402727888,last
A5113153288,W4401042811,first
A5094255521,W4401042811,middle
A5100506810,W4401042811,middle
A5112624834,W4401042811,last
A5109055821,W4388221277,first
A5085664755,W4388221277,middle
A5100451576,W4388221277,middle
A5037985010,W4388221277,middle
A5008564713,W4388221277,middle
A5073220723,W4388221277,last
A5104319796,W4407892286,first
A5048653710,W4407892286,middle
A5100779836,W4407892286,middle
A5116403385,W4407892286,middle
A5102612370,W4407892286,middle
A5062837523,W4407892286,middle
A5057599058,W4407892286,last
A5014157286,W4402684226,first
A5083752471,W4402684226,middle
A5113137573,W4402684226,middle
A5024873469,W4402684226,middle
A5042006948,W4402684226,middle
A5100334496,W4402684226,middle
A5089884284,W4402684226,middle
A5012853051,W4402684226,middle
A5001461627,W4402684226,middle
A5034476404,W4402684226,last
A5044918612,W4405429486,first
A5100609033,W4405429486,middle
A5051209127,W4405429486,middle
A5103187153,W4405429486,middle
A5062494507,W4405429486,last
A5101920028,W4403791911,first
A5011726578,W4403791911,middle
A5012766424,W4403791911,middle
A5011638218,W4403791911,middle
A5084672117,W4403791911,last
A5045832099,W4416037369,first
A5100941385,W4416037369,middle
A5101710263,W4416037369,middle
A5029403361,W4416037369,middle
A5100668035,W4416037369,middle
A5060904283,W4416037369,middle
A5104247690,W4416037369,last
A5018510847,W4407450191,middle
A5113209531,W4407450191,middle
A5102323113,W4407450191,middle
A5100432746,W4407450191,middle
A5013173154,W4407450191,middle
A5100409520,W4407450191,middle
A5100435224,W4407450191,middle
A5028467074,W4407450191,last
A5064165774,W4313061809,first
A5015156425,W4313061809,middle
A5043932541,W4313061809,middle
A5075257590,W4313061809,last
A5111711985,W4365809852,first
A5110476056,W4365809852,last
A5031306671,W4386756104,first
A5092875065,W4386756104,last
A5110424481,W4286376027,first
A5025303851,W4286376027,middle
A5071525463,W4286376027,middle
A5080531960,W4286376027,last
A5055884806,W4285420655,first
A5044198179,W4285420655,middle
A5053896876,W4285420655,middle
A5023072113,W4285420655,middle
A5035350672,W4285420655,middle
A5032718837,W4285420655,middle
A5078601999,W4285420655,middle
A5026002355,W4285420655,middle
A5065474839,W4285420655,last
A5101013334,W4415745242,first
A5101239095,W4415745242,middle
A5120207465,W4415745242,middle
A5101536122,W4415745242,middle
A5032061647,W4415745242,middle
A5082261091,W4415745242,middle
A5004161811,W4415745242,last
A5062736940,W4210443007,first
A5102030432,W4210443007,middle
A5102931874,W4210443007,middle
A5067349513,W4210443007,middle
A5036302395,W4210443007,middle
A5081903232,W4210443007,middle
A5027855965,W4210443007,middle
A5017450919,W4210443007,middle
A5013329990,W4210443007,last
A5132575198,W7147029895,first
A5132699819,W7147029895,middle
A5100353513,W7147029895,middle
A5132616603,W7147029895,middle
A5102424686,W7147029895,last
A5028608513,W7135228880,first
A5043925137,W7135228880,middle
A5090260063,W7135228880,middle
A5076187162,W7135228880,middle
A5121122680,W7135228880,middle
A5128939676,W7135228880,last
A5071525463,W2804966948,first
A5075523390,W2804966948,middle
A5038975831,W2804966948,middle
A5013202845,W2804966948,middle
A5007691919,W2804966948,middle
A5025303851,W2804966948,last
A5056972182,W4394775619,first
A5015588386,W4394775619,last
A5055884806,W4297666456,first
A5044198179,W4297666456,middle
A5053896876,W4297666456,middle
A5026002355,W4297666456,middle
A5065474839,W4297666456,middle
A5079999895,W4297666456,last
A5027429525,W4416945443,middle
A5101915554,W4416945443,middle
A5100721448,W4416945443,middle
A5090799053,W4416945443,middle
A5080580973,W4416945443,middle
A5067460359,W4416945443,last
A5100384557,W4303453208,first
A5024354286,W4303453208,middle
A5072789354,W4303453208,middle
A5090116985,W4303453208,last
A5074969574,W4380997614,first
A5100633152,W4380997614,middle
A5005031514,W4380997614,middle
A5092190335,W4380997614,middle
A5039202251,W4380997614,middle
A5089476688,W4380997614,last
A5115677830,W4405849411,first
A5022107493,W4405849411,middle
A5081245348,W4405849411,last
A5007691919,W2799250073,first
A5071525463,W2799250073,middle
A5025303851,W2799250073,last
A5056206641,W4415236390,first
A5012816273,W4415236390,middle
A5085280346,W4415236390,middle
A5093976129,W4415236390,last
A5106561078,W4407938004,first
A5089733978,W4407938004,middle
A5048485295,W4407938004,middle
A5081845390,W4407938004,middle
A5062152793,W4407938004,last
A5083083618,W3122473029,first
A5022833181,W3122473029,last
A5127096957,W7131887050,first
A5127001442,W7131887050,middle
A5127368556,W7131887050,middle
A5127366812,W7131887050,middle
A5127454885,W7131887050,last
A5014548308,W4415480787,first
A5043099262,W4415480787,middle
A5053059459,W4415480787,last
A5090781158,W1523806484,first
A5022833181,W1523806484,last
A5109924987,W4415641313,first
A5059677757,W4415641313,middle
A5100405320,W4415641313,middle
A5100629534,W4415641313,middle
A5036840006,W4415641313,last
A5088530567,W7139062481,first
A5011502254,W7139062481,middle
A5089947502,W7139062481,middle
A5129974718,W7139062481,middle
A5129790319,W7139062481,last
A5101622579,W4411552719,first
A5100688646,W4411552719,middle
A5032482696,W4411552719,middle
A5103738271,W4411552719,middle
A5078863002,W4411552719,last
A5041197752,W3157152880,first
A5013984966,W3157152880,middle
A5066304043,W3157152880,middle
A5031179413,W3157152880,last
A5100769351,W7204267787,first
A5039439562,W7204267787,middle
A5071800690,W7204267787,last
A5124508462,W7126742298,first
A5106626848,W7126742298,middle
A5124559024,W7126742298,middle
A5009096831,W7126742298,middle
A5124674533,W7126742298,middle
A5102029973,W7126742298,middle
A5124675065,W7126742298,last
A5148887254,W7204884350,first
A5148877551,W7204884350,middle
A5135132184,W7204884350,middle
A5148904802,W7204884350,middle
A5148893533,W7204884350,middle
A5148931289,W7204884350,last
A5042957005,W7125495998,first
A5123700714,W7125495998,middle
A5123675848,W7125495998,middle
A5100698926,W7125495998,middle
A5022676277,W7125495998,middle
A5123664655,W7125495998,last
A5133235375,W7151920575,first
A5133226003,W7151920575,middle
A5100712558,W7151920575,middle
A5133223923,W7151920575,middle
A5133207818,W7151920575,last
A5054182643,W7164636938,first
A5138495971,W7164636938,middle
A5102295528,W7164636938,middle
A5135394660,W7164636938,middle
A5100348751,W7164636938,last
A5121558047,W7161596248,first
A5103325642,W7208812437,first
A5150132422,W7208812437,middle
A5049845859,W7208812437,middle
A5150065448,W7208812437,last
A5134055984,W7164872417,first
A5138652526,W7164872417,middle
A5138670283,W7164872417,middle
A5138655912,W7164872417,middle
A5100449711,W7164872417,middle
A5124675065,W7164872417,last
A5100670539,W7171680523,first
A5084604918,W7171680523,last
A5124478050,W7126712327,first
A5105107942,W7126712327,last
A5100670539,W7169838591,first
A5084604918,W7169838591,last
A5121558047,W7161583659,first
A5040332687,W4416341524,first
A5021273600,W4416341524,middle
A5053582353,W4416341524,middle
A5100744176,W4416341524,middle
A5100730059,W4416341524,middle
A5091698201,W4416341524,middle
A5100655225,W4416341524,middle
A5109372272,W4416341524,middle
A5101607047,W4416341524,middle
A5109987483,W4416341524,middle
A5100365070,W4416341524,middle
A5019601723,W4416341524,middle
A5066320225,W4416341524,last
A5042957005,W4417403910,first
A5065818226,W4417403910,middle
A5075823839,W4417403910,middle
A5120824178,W4417403910,middle
A5120824179,W4417403910,last
A5147116689,W7202395383,first
A5102891205,W4411019612,middle
A5026297396,W4411019612,middle
A5070301498,W4411019612,middle
A5036023084,W4411019612,middle
A5100358856,W4411019612,last
A5100345005,W7124898118,first
A5108154190,W7124898118,middle
A5002480180,W7124898118,middle
A5059282639,W7124898118,middle
A5101766547,W7124898118,last
A5075354819,W4411224828,first
A5033717690,W4411224828,last
A5102323113,W7161007577,first
A5136024098,W7161007577,middle
A5136040346,W7161007577,middle
A5136012345,W7161007577,middle
A5075389421,W7161007577,middle
A5064458874,W7161007577,middle
A5136025105,W7161007577,middle
A5136059258,W7161007577,middle
A5028467074,W7161007577,last
A5143743433,W7171394007,first
A5109474719,W4417338747,first
A5101980619,W4417338747,middle
A5023330459,W4417338747,middle
A5046207937,W4417338747,middle
A5014158612,W4417338747,middle
A5072641222,W4417338747,last
A5101610859,W7202129996,first
A5146429106,W7202129996,middle
A5146432028,W7202129996,middle
A5146333134,W7202129996,last
A5122855791,W7123338423,first
A5026368750,W7125477308,first
A5123709896,W7125477308,middle
A5123668725,W7125477308,last
A5146341053,W7202113568,first
A5146357114,W7202113568,middle
A5144159466,W7202113568,middle
A5146383787,W7202113568,middle
A5146348766,W7202113568,last
A5136529882,W7161788055,first
A5013370782,W7161788055,middle
A5136506415,W7161788055,last
A5041551452,W4402325049,first
A5015455840,W4402325049,middle
A5107047362,W4402325049,middle
A5026796510,W4402325049,middle
A5015025274,W4402325049,last
A5017640973,W7140131848,first
A5130325494,W7140131848,middle
A5044932784,W7140131848,middle
A5073807747,W7140131848,middle
A5130358483,W7140131848,middle
A5040408754,W7140131848,last
A5017640973,W7154087294,first
A5133475273,W7154087294,middle
A5130331490,W7154087294,middle
A5133477653,W7154087294,middle
A5133476424,W7154087294,middle
A5113298803,W7154087294,middle
A5086723201,W7154087294,middle
A5102568213,W7154087294,middle
A5079141728,W7154087294,last
A5150455755,W7210278569,first
A5150554167,W7210278569,middle
A5150487064,W7210278569,middle
A5112111761,W7210278569,middle
A5150562995,W7210278569,middle
A5150564186,W7210278569,last
A5109300521,W7167888019,first
A5121659294,W7167888019,middle
A5140421379,W7167888019,last
A5064165774,W4200172223,first
A5015156425,W4200172223,middle
A5043932541,W4200172223,middle
A5075257590,W4200172223,last
A5079141728,W7140145073,first
A5130325494,W7140145073,middle
A5146624630,W7140145073,middle
A5041992274,W7140145073,middle
A5065859286,W7140145073,middle
A5113298803,W7140145073,middle
A5086723201,W7140145073,middle
A5102568213,W7140145073,middle
A5017640973,W7140145073,last
A5130325494,W7140091781,first
A5079141728,W7140091781,middle
A5146624630,W7140091781,middle
A5113298803,W7140091781,middle
A5130358964,W7140091781,middle
A5130342907,W7140091781,middle
A5130329876,W7140091781,middle
A5085485779,W7140091781,middle
A5017640973,W7140091781,last
A5136390837,W7161613172,first
A5136447283,W7161613172,last
A5079141728,W7154182829,first
A5133475273,W7154182829,middle
A5130331490,W7154182829,middle
A5133477653,W7154182829,middle
A5109433384,W7154182829,middle
A5130329876,W7154182829,middle
A5130358964,W7154182829,middle
A5085485779,W7154182829,middle
A5017640973,W7154182829,last
A5147009496,W7202254168,first
A5147015650,W7202254168,middle
A5147031186,W7202254168,middle
A5146958455,W7202254168,last
A5130325494,W7140135016,first
A5079141728,W7140135016,middle
A5146624630,W7140135016,middle
A5130331490,W7140135016,middle
A5113298803,W7140135016,middle
A5086723201,W7140135016,middle
A5102568213,W7140135016,middle
A5041992274,W7140135016,middle
A5017640973,W7140135016,last
A5003436973,W7131822897,first
A5100367928,W7131822897,last
A5102575393,W7212679585,first
A5151659219,W7212679585,middle
A5151621352,W7212679585,middle
A5015257149,W7212679585,middle
A5059282639,W7212679585,last
A5132853947,W7149229666,first
A5132832260,W7149229666,middle
A5058859184,W7149229666,middle
A5132894978,W7149229666,middle
A5029911407,W7149229666,middle
A5104225744,W7149229666,last
A5136208330,W7161253078,first
A5136193890,W7161253078,middle
A5001573772,W7161253078,middle
A5023760828,W7161253078,last
A5037115497,W7124172462,first
A5037115497,W7124161972,first
A5052879509,W4416250298,first
A5039806863,W4416250298,last
A5125655805,W7128651549,first
A5029218916,W4416199367,first
A5075351282,W4416199367,middle
A5067835871,W4416199367,middle
A5120496915,W4416199367,middle
A5031840384,W4416199367,middle
A5016316427,W4416199367,last
A5136707914,W7162027857,first
A5135822264,W7162027857,last
A5135820244,W7160753455,first
A5092800611,W7203768484,first
A5033684769,W7203768484,middle
A5044362542,W7203768484,middle
A5030267709,W7203768484,last
A5093967576,W7133238272,first
A5098971306,W7133238272,middle
A5127845414,W7133238272,last
A5017174468,W4415171459,first
A5114871413,W4416219229,first
A5116423881,W7170044833,first
A5093255829,W7170044833,middle
A5139118413,W7170044833,middle
A5029218215,W7170044833,last
A5135119996,W7161280872,first
A5080085010,W7161280872,middle
A5135256238,W7161280872,last
A5127070848,W7203673846,first
A5147386399,W7203673846,last
A5116423881,W7171537544,first
A5093255829,W7171537544,middle
A5139118413,W7171537544,middle
A5029218215,W7171537544,last
A5127191675,W7132251598,first
A5127072289,W7132251598,middle
A5127363600,W7132251598,middle
A5109307292,W7132251598,last
A5129435515,W7136487740,first
A5129603407,W7136487740,middle
A5000327522,W7136487740,middle
A5075111618,W7136487740,middle
A5129633379,W7136487740,middle
A5063166379,W7136487740,last
A5129435515,W7136491172,first
A5129603407,W7136491172,middle
A5000327522,W7136491172,middle
A5075111618,W7136491172,middle
A5129633379,W7136491172,middle
A5063166379,W7136491172,last
A5018204508,W4411467319,first
A5101554603,W4411467319,middle
A5040432672,W4411467319,middle
A5100350875,W4411467319,middle
A5100437036,W4411467319,last
A5011659519,W7167596708,first
A5001933830,W7167596708,middle
A5140200122,W7167596708,middle
A5140159102,W7167596708,last
A5111563692,W4402811583,first
A5003985275,W4402811583,last
A5111563692,W4406552601,first
A5003985275,W4406552601,last
A5147144591,W7203512291,first
A5127408605,W7203512291,middle
A5007460476,W7203512291,middle
A5147204834,W7203512291,middle
A5127100410,W7203512291,middle
A5108320843,W7203512291,last
A5125577894,W7128474455,first
A5074969574,W4384571279,first
A5100633152,W4384571279,middle
A5005031514,W4384571279,middle
A5092190335,W4384571279,middle
A5039202251,W4384571279,middle
A5089476688,W4384571279,last
A5065345562,W4254346055,first
A5103968934,W4254346055,middle
A5029153793,W4254346055,middle
A5082217638,W4254346055,last
A5057127359,W4247806398,first
A5088977884,W4247806398,last
A5055803131,W4236364529,first
A5085176321,W4236364529,last
A5111737889,W4253933925,first
A5038696269,W4253933925,middle
A5088208210,W4253933925,last
A5024126941,W4240175703,first
A5068944627,W4242909567,first
A5113804336,W4242909567,middle
A5066189034,W4242909567,last
