openalex_id,name,orcid
A5043098453,Yankai Lin,https://orcid.org/0000-0002-0151-6178
A5100320723,Zhiyuan Liu,https://orcid.org/0000-0002-7709-2543
A5046448314,Maosong Sun,https://orcid.org/0000-0002-6011-6115
A5100666307,Yang Liu,https://orcid.org/0000-0001-8555-5387
A5101867825,Xuan Zhu,https://orcid.org/0000-0002-8422-2828
A5101584823,Zhengyan Zhang,https://orcid.org/0000-0003-2988-0083
A5100668503,Xu Han,https://orcid.org/0000-0002-4726-7621
A5086603207,Xin Jiang,https://orcid.org/0000-0002-9117-8247
A5044120384,Kaihua Tang,https://orcid.org/0000-0002-1008-7053
A5028589167,Yulei Niu,https://orcid.org/0000-0001-6332-3382
A5079865276,Jianqiang Huang,https://orcid.org/0000-0001-5735-2910
A5011813023,Jiaxin Shi,https://orcid.org/0009-0006-9644-5072
A5042324027,Hanwang Zhang,https://orcid.org/0000-0001-7374-8739
A5101577090,Ruobing Xie,https://orcid.org/0000-0003-3170-5647
A5100405572,Jia Jia,https://orcid.org/0000-0002-7336-4003
A5091587552,Huanbo Luan,https://orcid.org/0000-0003-3938-119X
A5100389037,Xiang Wang,https://orcid.org/0000-0002-6148-6329
A5101942668,Tinglin Huang,https://orcid.org/0009-0005-5644-4879
A5089495929,Dingxian Wang,
A5004833182,Yancheng Yuan,https://orcid.org/0000-0002-8243-4683
A5101715620,Zhenguang Liu,https://orcid.org/0000-0002-7981-9873
A5038668215,Xiangnan He,https://orcid.org/0000-0001-8472-7992
A5089404640,Tat‐Seng Chua,https://orcid.org/0000-0001-6097-7807
A5100357128,Hongwei Wang,https://orcid.org/0000-0001-7474-8271
A5101586840,Fuzheng Zhang,https://orcid.org/0000-0002-6079-6392
A5074355807,Miao Zhao,https://orcid.org/0000-0002-4324-1467
A5100408983,Wenjie Li,https://orcid.org/0000-0002-7360-8864
A5044651577,Xing Xie,https://orcid.org/0000-0002-8608-8482
A5039318240,Minyi Guo,https://orcid.org/0000-0003-0034-2302
A5022574607,Hao Zhou,https://orcid.org/0000-0002-0173-0393
A5038994448,Tom Young,
A5044042138,Minlie Huang,https://orcid.org/0000-0001-7111-1849
A5068023300,Haizhou Zhao,
A5102861619,Jingfang Xu,https://orcid.org/0000-0003-3699-7116
A5100452974,Xiaoyan Zhu,https://orcid.org/0000-0002-7173-7793
A5013041264,Bill Yuchen Lin,https://orcid.org/0000-0002-1149-0186
A5100707822,Xinyue Chen,https://orcid.org/0000-0003-2181-5172
A5079185258,Jamin Chen,
A5009408707,Xiang Ren,https://orcid.org/0000-0001-8655-663X
A5101693600,Hao Zhu,https://orcid.org/0000-0002-6756-9571
A5101913012,Han Xiao,https://orcid.org/0000-0003-1663-7893
A5065882341,Shulin Cao,https://orcid.org/0000-0002-3365-4495
A5101400717,Xin Lv,https://orcid.org/0000-0002-4843-7987
A5003324011,Juanzi Li,https://orcid.org/0000-0002-6244-0664
A5041560675,Xiangru Zhu,https://orcid.org/0000-0001-7308-3642
A5065529268,Zhixu Li,https://orcid.org/0000-0003-2355-288X
A5114594103,Xiaodan Wang,https://orcid.org/0000-0002-3721-3494
A5110915979,Xueyao Jiang,https://orcid.org/0009-0006-6210-4341
A5114594168,Penglei Sun,https://orcid.org/0009-0005-2290-0944
A5068832926,Xuwu Wang,https://orcid.org/0000-0003-3363-570X
A5090455375,Yanghua Xiao,https://orcid.org/0000-0001-8403-9591
A5053345000,Nicholas Jing Yuan,https://orcid.org/0009-0006-3971-4176
A5088291592,Liwei Cai,
A5100702488,William Yang Wang,https://orcid.org/0000-0002-0878-1257
A5089259739,Ningyu Zhang,https://orcid.org/0000-0002-1970-0678
A5060484186,Shumin Deng,https://orcid.org/0000-0002-4049-8478
A5030767284,Zhanlin Sun,
A5051526091,Guanying Wang,https://orcid.org/0000-0002-7601-5407
A5100329931,Xi Chen,https://orcid.org/0000-0002-3135-4114
A5102018239,Huajun Chen,https://orcid.org/0000-0001-5496-7442
A5001696853,Yuqi Zhu,https://orcid.org/0009-0006-4123-9052
A5100354377,Xiaohan Wang,https://orcid.org/0000-0001-6206-7911
A5100394814,Jing Chen,https://orcid.org/0000-0001-6822-0171
A5091748443,Shuofei Qiao,
A5003834274,Yixin Ou,https://orcid.org/0000-0001-7656-8004
A5075535352,Yunzhi Yao,https://orcid.org/0000-0001-9458-696X
A5051839900,Fang Yin,https://orcid.org/0000-0001-9538-848X
A5037546695,Qiang Zhang,https://orcid.org/0000-0003-1636-5269
A5100345062,Zhuo Chen,https://orcid.org/0000-0001-9991-6892
A5101552401,Xiang Zhuang,https://orcid.org/0000-0002-0253-1476
A5074240680,Xin Shao,https://orcid.org/0000-0002-1928-3878
A5060364374,Xiaohui Fan,https://orcid.org/0000-0002-6336-3007
A5100641664,Xiang Chen,https://orcid.org/0000-0002-0573-9651
A5092346117,Lei Li,https://orcid.org/0000-0001-6892-0506
A5100930897,Shumin Deng,
A5065907658,Chuanqi Tan,https://orcid.org/0000-0002-6676-3057
A5028104073,Changliang Xu,https://orcid.org/0000-0002-8976-6832
A5101488344,Fei Huang,https://orcid.org/0000-0002-3709-5053
A5101718341,Luo Si,https://orcid.org/0000-0002-3263-234X
A5101524043,Weizhi Ma,https://orcid.org/0000-0001-5604-7527
A5100402996,Min Zhang,https://orcid.org/0000-0003-3158-1920
A5101593662,Yue Cao,https://orcid.org/0000-0002-1679-0444
A5087823830,Woojeong Jin,
A5100424699,Chenyang Wang,https://orcid.org/0000-0002-3490-3385
A5100668121,Yiqun Liu,https://orcid.org/0000-0002-0140-4512
A5100760812,Shaoping Ma,https://orcid.org/0000-0002-8762-8268
A5100397448,Yang Yang,https://orcid.org/0000-0001-8586-872X
A5062623705,Jian Shen,https://orcid.org/0000-0001-6099-3209
A5037311972,Yanru Qu,https://orcid.org/0000-0002-7664-0421
A5100704142,Yunfei Liu,https://orcid.org/0000-0001-6644-813X
A5086528941,Kerong Wang,
A5041011296,Yaoming Zhu,
A5090720315,Weinan Zhang,https://orcid.org/0000-0002-0127-2425
A5001571390,Yong Yu,https://orcid.org/0000-0003-0281-8271
A5058407280,Wen Zhang,https://orcid.org/0000-0001-5854-7592
A5085691361,Jiaoyan Chen,https://orcid.org/0000-0003-4643-6750
A5066422711,Jeff Z. Pan,https://orcid.org/0000-0002-9779-2088
A5063307425,Linmei Hu,https://orcid.org/0000-0003-0993-8495
A5081789111,Zeyi Liu,https://orcid.org/0000-0002-5691-6849
A5042424428,Ziwang Zhao,https://orcid.org/0000-0001-5538-3190
A5060498828,Lei Hou,https://orcid.org/0000-0002-8907-3526
A5038612499,Liqiang Nie,https://orcid.org/0000-0003-1476-0273
A5102006979,Xin Mao,https://orcid.org/0000-0001-5991-6708
A5100361564,Wenting Wang,https://orcid.org/0000-0003-3793-5144
A5100549057,Huimin Xu,https://orcid.org/0009-0008-7100-6182
A5057508424,Man Lan,https://orcid.org/0000-0002-1423-1286
A5118458994,Yuanbin Wu,https://orcid.org/0000-0002-4665-6350
A5037571401,Chengjiang Li,https://orcid.org/0000-0002-1864-2023
A5013247988,Yixin Cao,https://orcid.org/0000-0002-6927-438X
A5010057779,Zhenyuan Li,https://orcid.org/0000-0002-7712-0292
A5023256521,Jun Zeng,https://orcid.org/0009-0004-3471-9504
A5100378166,Yan Chen,https://orcid.org/0000-0003-4103-1498
A5047447972,Zhenkai Liang,
A5058308999,Tianxiang Sun,https://orcid.org/0000-0001-8291-820X
A5061237050,Yunfan Shao,
A5044665993,Xipeng Qiu,https://orcid.org/0000-0001-7163-5247
A5101481141,Qipeng Guo,https://orcid.org/0000-0002-8805-8789
A5042415262,Yaru Hu,https://orcid.org/0000-0001-6442-3086
A5088834359,Xuanjing Huang,https://orcid.org/0000-0001-9197-9426
A5100459130,Zheng Zhang,https://orcid.org/0000-0002-6277-0305
A5100448121,Wen Zhang,https://orcid.org/0000-0001-5221-2628
A5062125301,Bibek Paudel,https://orcid.org/0000-0002-1239-7207
A5115602506,Liang Wang,https://orcid.org/0000-0001-5224-8647
A5050711042,Hai Zhu,https://orcid.org/0000-0002-7192-226X
A5073592405,Abraham Bernstein,https://orcid.org/0000-0002-0128-4602
A5028644784,Zhigang Wang,https://orcid.org/0000-0002-8711-235X
A5101499972,Jihong Yan,https://orcid.org/0000-0003-0764-5365
A5100373451,Chengyu Wang,https://orcid.org/0000-0003-1010-9678
A5026477069,Wenliang Cheng,
A5101472135,Ming Gao,https://orcid.org/0000-0002-5603-2680
A5101511862,Aoying Zhou,https://orcid.org/0000-0002-4665-7302
A5074799043,Ying Shen,https://orcid.org/0000-0002-3220-904X
A5100660086,Ning Ding,https://orcid.org/0000-0001-8758-9484
A5022672030,Hai-Tao Zheng,https://orcid.org/0000-0001-5128-5649
A5046576694,Yaliang Li,https://orcid.org/0000-0002-4204-6096
A5054067088,Min Yang,https://orcid.org/0000-0003-3814-2728
A5100419183,Yi Xu,https://orcid.org/0000-0002-5768-8235
A5102528377,Junjie Ou,
A5100625645,Hui Xu,https://orcid.org/0000-0003-2081-555X
A5048486573,Luoyi Fu,https://orcid.org/0000-0001-7796-9168
A5076880724,Cheng Zhao,https://orcid.org/0000-0002-8973-9164
A5100734069,Chenliang Li,https://orcid.org/0000-0003-3144-6374
A5112695519,Cong Fu,
A5100406106,Xinyu Li,https://orcid.org/0000-0002-4117-9698
A5018055568,Chun‐Hsien Chen,https://orcid.org/0000-0003-2193-5270
A5079101040,Pai Zheng,https://orcid.org/0000-0002-2329-8634
A5037251172,Zuoxu Wang,https://orcid.org/0000-0003-2524-1217
A5011789987,Zuhua Jiang,https://orcid.org/0000-0001-6342-5143
A5104096489,Zhixing Jiang,
A5005170146,Miao Fan,https://orcid.org/0000-0002-1624-5753
A5101929507,Qiang Zhou,https://orcid.org/0000-0001-7369-3598
A5089599249,Emily Chang,
A5084318285,Thomas Fang Zheng,https://orcid.org/0000-0002-0249-4767
A5102840184,Kaisheng Zeng,https://orcid.org/0000-0002-8104-9652
A5101756436,Ling Feng,https://orcid.org/0000-0001-7378-4342
A5045238792,Peng Qian,https://orcid.org/0000-0003-4934-5811
A5101438463,Qinming He,https://orcid.org/0000-0001-5147-7253
A5058611515,Shouling Ji,https://orcid.org/0000-0003-4268-372X
A5102989996,Yongqi Zhang,https://orcid.org/0000-0003-2085-7418
A5072484211,Quanming Yao,https://orcid.org/0000-0001-8944-8618
A5100680672,Yujia Li,https://orcid.org/0000-0002-1024-9243
A5047846625,Shiliang Sun,https://orcid.org/0000-0001-7069-3752
A5065846668,Jing Zhao,https://orcid.org/0000-0003-0158-5330
A5017431694,Zhongzhen Huang,
A5100330734,Xiaofan Zhang,https://orcid.org/0000-0001-8493-4617
A5066553616,Shaoting Zhang,https://orcid.org/0000-0002-8719-448X
A5055848354,Meng Lian,https://orcid.org/0000-0001-8688-4289
A5107981872,Xiaobin Tang,https://orcid.org/0000-0003-3308-0468
A5100757101,Jing Zhang,https://orcid.org/0000-0002-3732-7432
A5101784459,Bo Chen,https://orcid.org/0000-0002-9629-5493
A5100397616,Yang Yang,https://orcid.org/0000-0002-5070-4511
A5100420391,Hong Chen,https://orcid.org/0000-0001-8132-9382
A5100619237,Cuiping Li,https://orcid.org/0000-0003-0089-1045
A5025250287,Houyu Zhang,https://orcid.org/0000-0003-0360-6035
A5070196864,Zhenghao Liu,https://orcid.org/0000-0001-8067-1477
A5102363883,Chenyan Xiong,
A5100397486,Yang Yang,https://orcid.org/0000-0002-0370-456X
A5101765638,Xianyu Chen,https://orcid.org/0000-0002-9368-9526
A5087283829,Haifeng Zhang,https://orcid.org/0000-0002-7449-3560
A5106671208,Zhenghao Liu,https://orcid.org/0000-0003-0083-3224
A5035163745,Jiarui Jin,https://orcid.org/0000-0001-6458-1586
A5060200431,Jiarui Qin,https://orcid.org/0000-0002-9064-885X
A5101552118,Yuchen Fang,https://orcid.org/0000-0002-7882-8698
A5074618552,Kounianhua Du,https://orcid.org/0000-0002-2611-5055
A5100459168,Zheng Zhang,https://orcid.org/0000-0003-1470-6998
A5000245150,Alexander J. Smola,https://orcid.org/0000-0002-7963-4721
A5078879815,Kangzhi Zhao,
A5101524540,Xiting Wang,https://orcid.org/0000-0001-5768-1095
A5050281328,Yuren Zhang,
A5032277491,Zhao Li,https://orcid.org/0000-0002-5056-0351
A5100423656,Zheng Liu,https://orcid.org/0000-0001-7765-8466
A5058043497,Chunxiao Xing,https://orcid.org/0000-0001-9390-3097
A5066791662,Yuelin Hu,https://orcid.org/0009-0003-9942-0936
A5066205926,Futai Zou,
A5061558275,Jiajia Han,https://orcid.org/0000-0003-1311-8166
A5101081574,Xin Sun,
A5037267035,Yilei Wang,https://orcid.org/0000-0003-1524-2064
A5100622261,Jiacheng Xu,https://orcid.org/0000-0002-9292-6999
A5100636629,Kan Chen,https://orcid.org/0000-0002-4002-7297
A5023919188,Chenghu Zhou,https://orcid.org/0000-0003-3331-2302
A5100929165,Hua Wang,https://orcid.org/0009-0009-9014-4924
A5001810569,Chengshan Wang,https://orcid.org/0000-0002-7403-0582
A5112722669,Zengqian Hou,https://orcid.org/0009-0004-9574-0235
A5112478420,Zhiming Zheng,
A5075284964,Shu‐zhong Shen,https://orcid.org/0000-0001-8380-0692
A5100630777,Qiuming Cheng,https://orcid.org/0000-0003-3122-5942
A5100768674,Zhiqiang Feng,https://orcid.org/0009-0007-8908-5635
A5034483183,Xinbing Wang,https://orcid.org/0000-0002-0357-8356
A5074195858,Hairong Lv,https://orcid.org/0000-0003-1568-6861
A5016367316,Junxuan Fan,https://orcid.org/0000-0001-9913-0865
A5038111698,Xiumian Hu,https://orcid.org/0000-0002-5401-8682
A5002372684,Mingcai Hou,https://orcid.org/0000-0001-7583-9159
A5034281922,Yunqiang Zhu,https://orcid.org/0000-0002-3356-3067
A5069869295,Dawei Cheng,https://orcid.org/0000-0002-5877-7387
A5103021848,Fangzhou Yang,https://orcid.org/0009-0001-7293-4975
A5087768777,Xiaoyang Wang,https://orcid.org/0000-0003-3554-3219
A5100386104,Ying Zhang,https://orcid.org/0000-0002-2674-1638
A5100741568,Liqing Zhang,https://orcid.org/0000-0001-7597-8503
A5100381999,Qiang Zhang,https://orcid.org/0000-0003-3776-9799
A5113093546,Haihong Yang,
A5068955094,Wen Zhang,https://orcid.org/0000-0002-4973-1168
A5054995764,Ming Qin,https://orcid.org/0000-0002-8424-6299
A5081912397,Jianwei Qian,https://orcid.org/0000-0002-2859-3632
A5100341802,Xiang‐Yang Li,https://orcid.org/0000-0002-6070-6625
A5100633263,Chunhong Zhang,https://orcid.org/0000-0003-3008-1887
A5100327243,Linlin Chen,https://orcid.org/0000-0002-1016-1356
A5100325346,Hongwei Li,https://orcid.org/0000-0002-9199-6397
A5100701504,Sirui Li,https://orcid.org/0000-0002-2504-3790
A5010290885,Jiamou Sun,https://orcid.org/0000-0002-5212-7068
A5028641941,Zhenchang Xing,https://orcid.org/0000-0001-7663-1421
A5101854992,Xin Peng,https://orcid.org/0000-0003-3376-2581
A5100697907,Mingwei Liu,https://orcid.org/0000-0002-3462-997X
A5101656979,Xuejiao Zhao,https://orcid.org/0000-0002-0185-1558
A5100419741,Yong Zhang,https://orcid.org/0000-0001-8803-2055
A5069331173,Ming Sheng,https://orcid.org/0009-0002-8813-4558
A5032749574,Rui Zhou,https://orcid.org/0000-0001-6807-4362
A5100423436,Ye Wang,https://orcid.org/0000-0002-0223-8181
A5070719868,Guangjie Han,https://orcid.org/0000-0002-6921-7369
A5100399276,Han Zhang,https://orcid.org/0000-0002-0166-1973
A5079362043,Jing Dong,https://orcid.org/0000-0002-0512-8105
A5020700222,Haozhe Ji,
A5091491018,Pei Ke,https://orcid.org/0000-0001-7554-5636
A5061624006,Shaohan Huang,https://orcid.org/0000-0003-4324-6337
A5014662947,Furu Wei,https://orcid.org/0000-0002-7810-5852
A5101658368,Weiguo Zheng,https://orcid.org/0000-0003-1200-7368
A5033785339,Lei Zou,https://orcid.org/0000-0002-8586-4400
A5060299343,Wei Peng,https://orcid.org/0000-0002-5456-9126
A5047709762,Xifeng Yan,https://orcid.org/0009-0000-6508-4792
A5084430029,Shaoxu Song,https://orcid.org/0000-0002-9503-2755
A5037132097,Dongyan Zhao,https://orcid.org/0000-0002-0396-6703
A5074468971,Yongcheng Jing,https://orcid.org/0000-0001-8925-5787
A5102824683,Yiding Yang,https://orcid.org/0000-0001-8290-9805
A5015574447,Xinchao Wang,https://orcid.org/0000-0003-0057-1404
A5026532752,Mingli Song,https://orcid.org/0000-0003-2621-6048
A5101409300,Dacheng Tao,https://orcid.org/0000-0002-5979-578X
A5100422092,Rui Zhang,https://orcid.org/0000-0002-8132-6250
A5004361143,Bayu Distiawan Trisedya,https://orcid.org/0000-0002-1672-9483
A5100710457,Miao Li,https://orcid.org/0000-0002-7148-0940
A5101626204,Yong Jiang,https://orcid.org/0000-0002-4260-1395
A5022290876,Jianzhong Qi,https://orcid.org/0000-0001-6501-9050
A5060517125,Bin Lü,https://orcid.org/0000-0001-6452-7029
A5085791658,Xiaoying Gan,https://orcid.org/0000-0001-5200-1409
A5051534896,Huaxiu Yao,https://orcid.org/0000-0002-8691-9629
A5104139165,Xin Lv,
A5101818061,Yixin Cao,https://orcid.org/0000-0002-6431-4370
A5108129241,Peng Li,https://orcid.org/0000-0001-8678-590X
A5100620306,Jie Zhou,https://orcid.org/0000-0001-7701-234X
A5064826982,Hao Wang,https://orcid.org/0000-0002-9125-7535
A5072316323,Yao Xu,https://orcid.org/0000-0002-4748-8133
A5060417049,Cheng Yang,https://orcid.org/0000-0001-7821-0030
A5100705849,Chuan Shi,https://orcid.org/0000-0002-3734-0266
A5100353721,Xin Li,https://orcid.org/0000-0001-6888-7064
A5020113235,Ning Guo,https://orcid.org/0000-0003-2292-432X
A5019206012,Zhichun Wang,https://orcid.org/0009-0005-5681-8252
A5101705698,Jie Tang,https://orcid.org/0000-0002-6882-4044
A5012938939,Yuxian Gu,https://orcid.org/0000-0002-4607-7025
A5042746887,Xin Xie,https://orcid.org/0000-0002-2551-2550
A5064386877,Zhoubo Li,https://orcid.org/0000-0003-3792-877X
A5100334231,Hui Chen,https://orcid.org/0000-0003-4180-5801
A5090294171,Feiyu Xiong,https://orcid.org/0000-0002-1456-2202
A5017124285,Mosha Chen,https://orcid.org/0000-0001-8815-6031
A5100331436,Jiawen Li,https://orcid.org/0000-0001-9339-2557
A5100342243,Yuxuan Chen,https://orcid.org/0000-0002-3044-4169
A5086506020,Hongbo Chu,https://orcid.org/0009-0005-5870-3133
A5009825420,Qiehe Sun,
A5101886554,Tian Guan,https://orcid.org/0000-0003-1536-0917
A5010034064,Anjia Han,https://orcid.org/0000-0003-3357-5348
A5100719304,Yonghong He,https://orcid.org/0000-0002-9964-8901
A5102486495,Fen Lin,https://orcid.org/0009-0008-8728-3475
A5023086553,Leyu Lin,https://orcid.org/0000-0001-5471-500X
A5026844462,Zheyi Pan,https://orcid.org/0000-0002-3420-623X
A5026716125,Songyu Ke,https://orcid.org/0000-0001-7184-8074
A5045164115,Xiaodu Yang,
A5018828723,Yuxuan Liang,https://orcid.org/0000-0003-2817-7337
A5100778479,Junbo Zhang,https://orcid.org/0000-0001-5947-1374
A5100681023,Yu Zheng,https://orcid.org/0000-0002-5224-4344
A5051997286,Yichi Zhang,https://orcid.org/0009-0007-4046-1003
A5029128305,Lingbing Guo,https://orcid.org/0000-0002-8589-276X
A5102215967,Yajing Xu,https://orcid.org/0000-0002-0887-4445
A5023045386,Wen Zhang,https://orcid.org/0000-0001-8429-9326
A5100611033,Wen Zhang,https://orcid.org/0000-0003-4936-9100
A5000814233,Wei Zhang,https://orcid.org/0000-0002-0195-2666
A5002254187,Guohao Li,https://orcid.org/0000-0001-7796-5378
A5022927606,Xin Wang,https://orcid.org/0000-0002-0351-2939
A5100339293,Wenwu Zhu,https://orcid.org/0000-0003-2236-9290
A5109576748,Zhehui Zhou,
A5100428572,Can Wang,https://orcid.org/0000-0002-2890-0057
A5040328543,Yan Feng,https://orcid.org/0000-0002-0669-9970
A5101821806,Defang Chen,https://orcid.org/0000-0003-0833-7401
A5085730907,Shiheng Ma,https://orcid.org/0000-0001-6025-9194
A5051803761,Weijia Jia,https://orcid.org/0000-0002-0231-3196
A5100366692,Kun Wang,https://orcid.org/0000-0002-9099-2781
A5114060810,Odin Zhang,
A5039653330,Haitao Lin,https://orcid.org/0000-0003-2767-127X
A5101922527,Xujun Zhang,https://orcid.org/0000-0002-5633-1517
A5068273646,Xiaorui Wang,https://orcid.org/0000-0001-6893-2013
A5101589741,Zhenxing Wu,https://orcid.org/0000-0002-7735-9164
A5091294648,Qing Ye,https://orcid.org/0000-0003-3927-1919
A5103199084,Weibo Zhao,https://orcid.org/0000-0001-5029-6047
A5101848725,Jike Wang,https://orcid.org/0000-0002-8118-8572
A5081938206,Kejun Ying,https://orcid.org/0000-0002-1791-6176
A5100624617,Yu Kang,https://orcid.org/0000-0002-0999-8802
A5008663435,Chang‐Yu Hsieh,https://orcid.org/0000-0002-6242-4218
A5028525523,Tingjun Hou,https://orcid.org/0000-0001-7227-2580
A5100441646,Wei Zhang,https://orcid.org/0000-0002-4972-9594
A5042099863,Yuxia Geng,https://orcid.org/0000-0002-2461-2613
A5100461968,Yuan He,https://orcid.org/0000-0002-4486-1262
A5100444409,Wen Zhang,https://orcid.org/0000-0002-8934-3346
A5060350556,Ian Horrocks,https://orcid.org/0000-0002-2685-7462
A5100348795,Chong Chen,https://orcid.org/0000-0003-0213-9957
A5100402926,Min Zhang,https://orcid.org/0000-0002-6066-0727
A5100441094,Xiao Liu,https://orcid.org/0000-0002-9226-4569
A5040266310,Haoyun Hong,https://orcid.org/0009-0005-8858-4833
A5100737672,Xinghao Wang,https://orcid.org/0000-0001-6205-4889
A5030612674,Zeyi Chen,
A5025295947,Evgeny Kharlamov,https://orcid.org/0000-0003-3247-4166
A5052284218,Yuxiao Dong,https://orcid.org/0000-0002-6092-2002
A5044791875,Jie Tang,https://orcid.org/0000-0003-3487-4593
A5100728007,Shihui Yang,
A5110766031,Jidong Tian,
A5019650735,Honglun Zhang,https://orcid.org/0000-0003-2826-8044
A5087158377,Junchi Yan,https://orcid.org/0000-0001-9639-7679
A5074745823,Hao He,https://orcid.org/0000-0003-0832-8310
A5085787425,Yaohui Jin,https://orcid.org/0000-0001-6158-6277
A5100450652,Mingyang Chen,https://orcid.org/0000-0001-6080-3559
A5050374736,Zonggang Yuan,
A5100725719,Yantao Jia,https://orcid.org/0000-0003-0349-7617
A5051741610,Yaqing Wang,https://orcid.org/0000-0003-1457-1114
A5027981404,Zhimu Yang,https://orcid.org/0009-0007-0816-5335
A5064887293,Qinzhuo Wu,https://orcid.org/0000-0002-9511-0258
A5100360194,Qi Zhang,https://orcid.org/0000-0001-5303-9804
A5103097172,Jinlan Fu,https://orcid.org/0000-0002-0370-1238
A5111113722,Xuanjing Huang,
A5026261925,Zhen Bi,https://orcid.org/0000-0002-3287-5683
A5049402483,Yinuo Jiang,https://orcid.org/0009-0009-5658-3413
A5100416208,Wei Guo,https://orcid.org/0009-0001-5322-9816
A5065134183,Jun Feng,https://orcid.org/0000-0002-9790-5353
A5102860009,Mingdong Wang,https://orcid.org/0000-0002-3292-2726
A5087905778,Mantong Zhou,https://orcid.org/0000-0003-2936-4337
A5111512416,Yu Hao,
A5074207407,Yushan Zhu,https://orcid.org/0000-0002-9809-9269
A5007883361,Hongting Zhou,
A5100691007,Changliang Xu,https://orcid.org/0000-0001-6972-8460
A5101844109,Jun Feng,https://orcid.org/0000-0002-2627-5403
A5100397623,Yang Yang,https://orcid.org/0000-0002-5245-3584
A5058342791,Hongbin Ye,https://orcid.org/0000-0001-5727-5599
A5100691089,Hui Chen,https://orcid.org/0000-0002-2224-7085
A5067676008,Xi Chen,https://orcid.org/0000-0002-0752-6473
A5101538534,Xintao Wang,https://orcid.org/0000-0001-6585-8604
A5040655519,Qianyu He,
A5075507821,Jiaqing Liang,https://orcid.org/0000-0003-0670-5602
A5022924513,Xuefeng Bai,https://orcid.org/0000-0002-8757-7034
A5100777438,Yulong Chen,https://orcid.org/0000-0002-4960-5241
A5100333758,Yue Zhang,https://orcid.org/0000-0002-8213-1420
A5037482496,Yixin Su,https://orcid.org/0000-0003-0553-9163
A5101594431,Xiaoyan Zhao,https://orcid.org/0000-0001-6001-1260
A5101984697,Hong Cheng,https://orcid.org/0000-0002-4673-2587
A5089322101,Zhen Hu,https://orcid.org/0000-0001-9653-0097
A5070985028,Shuo Leng,https://orcid.org/0000-0002-5910-8353
A5044064034,Jia‐Rui Lin,https://orcid.org/0000-0003-2195-8675
A5029032976,Sun-Wei Li,
A5048638931,Ya-Qi Xiao,
A5100444201,Yichi Zhang,https://orcid.org/0000-0003-3214-1070
A5067594005,Hao Kong,https://orcid.org/0000-0002-1378-0056
A5037925740,Suhui Wu,https://orcid.org/0000-0003-1674-4111
A5079516733,Qianghuai Jia,https://orcid.org/0009-0009-6143-9950
A5103125470,Xiang Chen,https://orcid.org/0000-0002-6955-8729
A5083156453,Huaixiao Tou,
A5033164669,Gang Huang,https://orcid.org/0000-0001-8393-6469
A5100434550,Zhao Wang,https://orcid.org/0000-0002-7144-1511
A5071141175,Nengwei Hua,
A5100557052,Song Jiang,https://orcid.org/0009-0000-0904-7401
A5073449145,Jacobo Rouces,https://orcid.org/0000-0002-1845-3652
A5085818578,Gerard de Melo,https://orcid.org/0000-0002-2930-2059
A5015313855,Katja Hose,https://orcid.org/0000-0001-7025-8099
A5005142250,Yuexin Huang,https://orcid.org/0000-0002-2253-9141
A5113002579,S. Suihuai Yu,https://orcid.org/0009-0005-9661-4916
A5053056639,Jianjie Chu,https://orcid.org/0000-0002-0113-4030
A5100658879,Hao Fan,https://orcid.org/0000-0002-4182-4343
A5007566667,Bowei Du,https://orcid.org/0009-0003-5475-836X
A5114375874,Hui Chen,https://orcid.org/0000-0002-9840-4876
A5101863818,Siyuan Cheng,https://orcid.org/0009-0008-2230-6875
A5087796565,Xiaozhuan Liang,
A5038246814,Jifan Yu,https://orcid.org/0000-0003-3430-4048
A5017254188,Yuquan Wang,https://orcid.org/0000-0002-4032-4830
A5104101892,Qingyang Zhong,
A5022919897,Gan Luo,https://orcid.org/0000-0002-3180-121X
A5058087669,Yiming Mao,https://orcid.org/0000-0002-4489-3408
A5062750482,Kai Sun,https://orcid.org/0000-0003-3443-4061
A5050456727,Wenzheng Feng,https://orcid.org/0000-0002-4096-7561
A5044171766,Wei Xu,https://orcid.org/0000-0001-7992-9063
A5046687207,Zijun Yao,https://orcid.org/0000-0002-0288-9283
A5101617866,Peng Li,https://orcid.org/0000-0002-0912-1314
A5055981994,Jie Zhou,https://orcid.org/0000-0002-8064-8055
A5101639735,Bin Xu,https://orcid.org/0000-0003-3040-4391
A5004545610,Yu Liu,https://orcid.org/0000-0002-2399-2829
A5052892856,Jingtao Ding,https://orcid.org/0000-0001-7985-6263
A5032187620,Yanjie Fu,https://orcid.org/0000-0002-1767-8024
A5100355277,Yong Li,https://orcid.org/0000-0001-5617-1659
A5034129532,Huandong Wang,https://orcid.org/0000-0002-6382-0861
A5073040621,Qiaohong Yu,
A5044100655,Depeng Jin,https://orcid.org/0000-0003-0419-5514
A5114073558,Chunmo Zheng,https://orcid.org/0009-0006-6646-0239
A5112977912,Saika Wong,
A5101673341,Xing Su,https://orcid.org/0000-0002-3403-225X
A5030286886,Yinqiu Tang,https://orcid.org/0000-0002-1107-7930
A5048248814,Ahsan Nawaz,https://orcid.org/0000-0003-2130-3716
A5079888872,Mohamad Kassem,https://orcid.org/0000-0002-9837-3934
A5053654349,Peiru Yang,
A5100357109,Hongjun Wang,https://orcid.org/0000-0001-7421-1917
A5034637109,Yingzhuo Huang,https://orcid.org/0009-0001-9419-2394
A5100330824,Shuai Yang,https://orcid.org/0009-0000-7271-4182
A5100627090,Zhang Ya,https://orcid.org/0000-0002-6345-4494
A5104129127,Liang Huang,https://orcid.org/0000-0002-8408-0049
A5090400879,Yuesong Zhang,
A5101457293,Guoxin Wang,https://orcid.org/0000-0003-2708-2846
A5082256814,Shizhong Yang,https://orcid.org/0000-0001-9481-060X
A5049944728,Liang He,https://orcid.org/0000-0003-4076-7479
A5100768896,Yongfeng Huang,https://orcid.org/0000-0003-3825-2230
A5047674498,Zhaoxuan Tan,https://orcid.org/0000-0001-8230-6238
A5006790291,Zilong Chen,https://orcid.org/0000-0002-0400-9470
A5039166924,Shangbin Feng,https://orcid.org/0000-0002-4133-1987
A5072787288,Qingyue Zhang,https://orcid.org/0000-0001-9197-1141
A5041083459,Qinghua Zheng,https://orcid.org/0000-0002-8436-4754
A5029588473,Jundong Li,https://orcid.org/0000-0002-1878-817X
A5013911439,Minnan Luo,https://orcid.org/0000-0002-0140-7860
A5100352820,Xinyu Wang,https://orcid.org/0000-0002-9167-2077
A5144259824,Xinyu Wang,
A5144304348,Ying Zhang,
A5144243031,Xiaoling Wang,
A5100344628,Xiaoling Wang,https://orcid.org/0000-0002-4594-6946
A5100394926,Jing Chen,https://orcid.org/0000-0002-8067-0201
A5101920357,Yuntao Du,https://orcid.org/0000-0002-1206-340X
A5018184037,Xinjun Zhu,https://orcid.org/0009-0007-3711-8079
A5100432093,Lu Chen,https://orcid.org/0000-0002-5685-7017
A5050328715,Baihua Zheng,https://orcid.org/0000-0001-9792-9171
A5006238145,Yunjun Gao,https://orcid.org/0000-0003-3816-8450
A5118983686,Wen Zhang,https://orcid.org/0000-0002-8850-5235
A5026663768,Yaoxian Song,https://orcid.org/0000-0002-8146-2236
A5107954053,Haoyu Liu,https://orcid.org/0009-0008-8246-7056
A5074371475,Wei Song,https://orcid.org/0000-0002-0828-7486
A5011384237,Xiaofang Zhou,https://orcid.org/0000-0001-6343-1455
A5009127587,Wenchang Ma,https://orcid.org/0009-0006-8264-4775
A5016443523,Ryuichi Takanobu,https://orcid.org/0000-0002-1382-8275
A5100388690,Lu Zhang,https://orcid.org/0000-0003-0652-8263
A5016081741,Jiandong Ding,https://orcid.org/0000-0001-8123-9889
A5018343158,Yi Xu,https://orcid.org/0000-0003-2126-6054
A5058069028,Yingyao Liu,
A5017862559,Shuigeng Zhou,https://orcid.org/0000-0002-1949-2768
A5039226267,Yue Feng,https://orcid.org/0009-0000-6665-6406
A5058519912,Aldo Lipani,https://orcid.org/0000-0002-3643-6493
A5078520300,Fanghua Ye,https://orcid.org/0000-0002-1063-6534
A5076265623,Emine Yılmaz,https://orcid.org/0000-0002-3434-8932
A5063552937,Xiaoze Liu,https://orcid.org/0000-0002-9726-3397
A5015427218,Junyang Wu,https://orcid.org/0000-0001-8587-1072
A5085887838,Tianyi Li,https://orcid.org/0000-0001-5424-6442
A5100665611,Jibing Gong,https://orcid.org/0000-0003-4449-5845
A5101555948,Yao Wan,https://orcid.org/0000-0001-6937-4180
A5100346529,Ye Liu,https://orcid.org/0000-0001-7237-7382
A5100441256,Xuewen Li,https://orcid.org/0000-0002-6765-4864
A5078072524,Yi Zhao,https://orcid.org/0000-0002-0919-867X
A5100416978,Cheng Wang,https://orcid.org/0000-0001-9902-0180
A5049397022,Xiaohan Fang,https://orcid.org/0000-0003-4545-2249
A5100458629,Jingyi Zhang,https://orcid.org/0000-0002-8845-0078
A5101731922,Rui Yang,https://orcid.org/0009-0006-0597-7197
A5100449226,Haoran Liu,https://orcid.org/0000-0002-3074-1147
A5035562693,Edison Marrese-Taylor,
A5103169944,Qingcheng Zeng,https://orcid.org/0009-0001-5196-0939
A5102019719,Yuhe Ke,https://orcid.org/0000-0001-7193-4749
A5101539090,Wanxin Li,https://orcid.org/0000-0002-4482-4445
A5060524512,Lechao Cheng,https://orcid.org/0000-0002-7546-9052
A5042874172,Qingyu Chen,https://orcid.org/0000-0002-6036-1516
A5048489384,James Caverlee,https://orcid.org/0000-0001-8350-8528
A5074059447,Yutaka Matsuo,https://orcid.org/0000-0002-2070-4393
A5101537931,Irene Li,https://orcid.org/0000-0002-1851-5390
A5046139808,Yufeng Huang,https://orcid.org/0000-0001-7110-9298
A5100708608,Jiji Tang,https://orcid.org/0009-0001-9581-8790
A5018408488,Rongsheng Zhang,https://orcid.org/0009-0008-1248-2090
A5055937409,Xinfeng Zhang,https://orcid.org/0000-0002-7517-3868
A5100686044,Weijie Chen,https://orcid.org/0000-0001-5508-473X
A5100723431,Zeng Zhao,https://orcid.org/0000-0002-7292-876X
A5079260216,Zhou Zhao,https://orcid.org/0000-0001-6121-0384
A5081297475,Tangjie Lv,https://orcid.org/0000-0001-9858-809X
A5101779299,Zhipeng Hu,https://orcid.org/0000-0003-4367-0816
A5041756873,Yicheng Sui,https://orcid.org/0000-0001-9763-7435
A5100727266,Yuzhe Zhang,https://orcid.org/0009-0009-0753-1318
A5100716195,Jianjun Sun,https://orcid.org/0009-0006-1579-8846
A5100728474,Ting Xu,https://orcid.org/0000-0001-6586-1117
A5072210083,Shenglin Zhang,https://orcid.org/0000-0003-0330-0028
A5013595762,Zhengdan Li,https://orcid.org/0009-0004-9409-9909
A5027731066,Yongqian Sun,https://orcid.org/0000-0003-0266-7899
A5052409500,Fangrui Guo,https://orcid.org/0009-0008-0165-2701
A5101437247,Junyu Shen,https://orcid.org/0000-0002-9880-5493
A5100657058,Yuzhi Zhang,https://orcid.org/0000-0002-6729-925X
A5046419834,Dan Pei,https://orcid.org/0000-0002-5113-838X
A5101470756,Xiao Yang,https://orcid.org/0009-0001-8677-2962
A5053169627,Li Yu,https://orcid.org/0009-0006-2152-0234
A5100412889,Lin Li,https://orcid.org/0000-0002-5678-4487
A5101485989,Jun Xiao,https://orcid.org/0000-0002-6142-9914
A5005679017,Hanrong Shi,https://orcid.org/0000-0001-6817-0063
A5101701726,Wenxiao Wang,https://orcid.org/0000-0001-7328-0267
A5101687931,Jian Shao,https://orcid.org/0000-0002-7842-7616
A5081485810,An-An Liu,https://orcid.org/0000-0001-5755-9145
A5005421447,Yi Yang,https://orcid.org/0000-0002-0512-880X
A5100336360,Long Chen,https://orcid.org/0000-0001-6148-9709
A5100450665,Mingyang Chen,https://orcid.org/0009-0009-9739-4352
A5018467344,Pengpeng Shao,https://orcid.org/0000-0003-4229-8768
A5001846517,Jiayi He,https://orcid.org/0009-0001-1461-5714
A5101679484,Guanjun Li,https://orcid.org/0000-0002-8200-5360
A5100379732,Dawei Zhang,https://orcid.org/0000-0001-5555-6151
A5112613657,Jianhua Tao,https://orcid.org/0000-0002-9344-6428
A5062415787,Wanxu Wei,https://orcid.org/0009-0004-5817-5003
A5102975654,Yitong Song,https://orcid.org/0000-0002-4220-0145
A5100757927,Bin Yao,https://orcid.org/0000-0002-6478-4209
A5107951048,Yongzhen Wang,
A5100453158,Qi Liu,https://orcid.org/0000-0001-7062-831X
A5109793170,Shengli Hao,
A5100441592,Wei Zhang,https://orcid.org/0000-0002-2644-2582
A5016577232,Kai Han,https://orcid.org/0000-0001-7713-2966
A5023811312,Enhua Wang,https://orcid.org/0000-0002-2219-4964
A5101407209,Minggao Ouyang,https://orcid.org/0000-0002-9142-8488
A5083736034,Languang Lu,https://orcid.org/0000-0002-2033-3430
A5043001970,Xinxi Li,https://orcid.org/0000-0001-5014-1678
A5100762359,Yang Wang,https://orcid.org/0000-0002-0437-1824
A5068929700,Feifan Shen,https://orcid.org/0000-0002-7086-6710
A5028001200,Lingjian Ye,https://orcid.org/0000-0001-8732-593X
A5027273132,Shengyu Mao,https://orcid.org/0009-0006-0030-8314
A5037216720,Xiang Chen,https://orcid.org/0000-0002-2594-0600
A5101904389,Jun Li,https://orcid.org/0000-0002-5305-6169
A5059978816,Lu Qian,https://orcid.org/0000-0001-8477-7877
A5012599026,Peifeng Liu,https://orcid.org/0000-0001-5589-1662
A5108816085,Taoxiong Liu,
A5077755385,Gu Tang,https://orcid.org/0009-0008-6640-1268
A5081560197,Jinghe Wang,https://orcid.org/0009-0006-2646-6660
A5001925012,Lyuwen Wu,https://orcid.org/0009-0007-2607-7072
A5101953579,Yinan Wu,https://orcid.org/0000-0002-3591-7156
A5067031572,Yuming Lu,
A5029754897,Yan Zhou,https://orcid.org/0000-0001-6122-7362
A5109781218,Yifan Ding,https://orcid.org/0009-0007-4871-3340
A5100746224,Jingping Liu,https://orcid.org/0000-0002-8671-2302
A5005820786,Tong Ruan,https://orcid.org/0000-0002-3546-8338
A5116592748,Xinran Chen,https://orcid.org/0009-0007-0879-1360
A5101751750,Zijing Zhang,https://orcid.org/0000-0002-3990-1442
A5009790777,Xin Hong,https://orcid.org/0000-0003-4717-2814
A5053550707,Lutz Ackermann,https://orcid.org/0000-0001-7034-8772
A5110722405,Yichen Shi,
A5005340074,Zhuofu Tao,https://orcid.org/0000-0003-0951-1811
A5013420106,Tianjia Zhou,https://orcid.org/0009-0000-0472-9411
A5100841446,Cheng Chang,
A5049836780,Genhao Zhang,https://orcid.org/0000-0002-9834-6477
A5100433433,Zhiping Yu,https://orcid.org/0000-0001-8701-8438
A5101612957,Ting-Jung Lin,https://orcid.org/0000-0002-5208-482X
A5059721426,Lei He,https://orcid.org/0000-0002-9698-0319
A5100721735,Yujie Huang,https://orcid.org/0009-0003-6482-4850
A5100329487,Ran Yan,https://orcid.org/0000-0002-3021-9543
A5069145492,Zhipeng Zhang,https://orcid.org/0000-0002-5127-0284
A5113063735,Yuhang Zeng,
A5010693174,Nanting Chen,https://orcid.org/0009-0008-8801-8518
A5100396049,Peng Wang,https://orcid.org/0000-0002-5931-8852
A5014407416,Qinyou Hu,https://orcid.org/0000-0001-9241-6203
A5102016049,Qiang Mei,https://orcid.org/0000-0002-2077-050X
A5102887069,Da Guo,https://orcid.org/0000-0002-0688-5968
A5110006885,Wenlong Hu,https://orcid.org/0009-0004-0618-7723
A5100639658,Jihong Chen,https://orcid.org/0000-0003-1208-3723
A5100647391,Hao Yu,https://orcid.org/0000-0001-9044-4841
A5103221383,Chuan Ma,https://orcid.org/0000-0001-6198-9498
A5100457574,Meng Liu,https://orcid.org/0000-0003-3900-4204
A5061219446,Tianyu Du,https://orcid.org/0000-0003-0896-0690
A5075722123,Ming Ding,https://orcid.org/0000-0002-3690-0321
A5079461118,Tao Xiang,https://orcid.org/0000-0002-9439-4623
A5101727888,Xinwang Liu,https://orcid.org/0000-0001-9066-1475
A5066517485,Zongsheng Cao,https://orcid.org/0009-0006-5607-3999
A5100367178,Jing Li,https://orcid.org/0000-0001-9654-4536
A5103057256,Zigan Wang,https://orcid.org/0000-0001-5508-4836
A5108037163,Jinliang Li,https://orcid.org/0009-0004-7971-9161
A5086384374,Songjie Niu,https://orcid.org/0009-0006-8831-4953
A5113686760,Kaisen Yang,https://orcid.org/0009-0003-5236-2759
A5107859097,Rui Zhao,https://orcid.org/0009-0008-6181-1997
A5043363677,Yichao Liu,https://orcid.org/0000-0002-4175-7638
A5100731664,Zonglin Li,https://orcid.org/0000-0001-8237-2825
A5085094109,Hongning Wang,https://orcid.org/0000-0002-6524-9195
A5103141832,Wenguang Chen,https://orcid.org/0000-0002-4281-1018
A5003898691,Xueyi Li,https://orcid.org/0000-0003-0335-0594
A5128185866,Gang Li,
A5128203881,Tianyang Wang,
A5086754171,Zhilin Dong,https://orcid.org/0000-0002-5197-4441
A5121871329,Zhaoye Qin,
A5128201340,Fulei Chu,
A5085578723,Hengtong Zhang,
A5091687257,Tianhang Zheng,https://orcid.org/0000-0002-5151-1527
A5077201324,Jing Gao,https://orcid.org/0000-0003-1778-8909
A5091132390,Chenglin Miao,https://orcid.org/0000-0002-9646-7099
A5113489059,Lu Su,
A5000596496,Kui Ren,https://orcid.org/0000-0003-3441-6277
A5057490272,Shuangjie Li,https://orcid.org/0000-0001-6667-8330
A5100443403,Mingyang Li,https://orcid.org/0000-0001-5973-7574
A5100342577,Dongsheng Zhang,https://orcid.org/0000-0001-6432-3579
A5033120372,Yao Shi,https://orcid.org/0000-0003-0068-4804
A5101666117,Yongbin Liu,https://orcid.org/0000-0002-3369-3101
A5101949155,Peng Zhang,https://orcid.org/0000-0001-7721-2675
A5055175414,Yuanzhe Chen,
A5032965844,Jun Kuang,https://orcid.org/0000-0001-8189-9449
A5076168347,Jianbin Zheng,https://orcid.org/0000-0002-2114-6434
A5101588984,Ting Bai,https://orcid.org/0009-0001-7603-451X
A5018977183,Jian‐Yun Nie,https://orcid.org/0000-0003-1556-3335
A5077231313,Jian Tang,https://orcid.org/0000-0002-6819-4185
A5101781628,Wei Qian,https://orcid.org/0000-0002-2970-5069
A5100673743,Yu Zhu,https://orcid.org/0000-0001-9746-1695
A5037942269,Deng Cai,https://orcid.org/0000-0001-9817-4065
A5102013345,Xiaofei He,https://orcid.org/0009-0001-9107-2354
A5101613727,Liang Yao,https://orcid.org/0000-0002-8637-0760
A5100343712,Yin Zhang⋆,https://orcid.org/0000-0002-1772-0763
A5111618601,Baogang Wei,
A5037713427,Zhe Jin,https://orcid.org/0000-0001-9704-1439
A5100383221,Yangyang Zhang,https://orcid.org/0000-0001-7588-6967
A5009750935,Qinfei Chen,
A5028860597,Hongzhao Huang,
A5011542448,Yunbo Cao,https://orcid.org/0009-0005-2558-5206
A5100576386,Xiaojiang Huang,
A5075033889,Heng Ji,https://orcid.org/0000-0002-0464-7966
A5090151187,Chin-Yew Lin,https://orcid.org/0000-0002-0798-6365
A5012401537,Yuqing Lu,
A5100434028,Lei Zhang,https://orcid.org/0000-0003-2343-084X
A5111789821,Yudong Xiao,
A5028491176,Yangguang Li,https://orcid.org/0000-0002-9696-8192
A5100461265,Tong Chen,https://orcid.org/0000-0001-7269-146X
A5101458727,Meng Qu,https://orcid.org/0000-0003-2961-8413
A5043904334,Qian Yang,https://orcid.org/0000-0002-8102-288X
A5039621382,Rebecca J. Passonneau,https://orcid.org/0000-0001-8626-811X
A5100735881,Yan Zhuang,https://orcid.org/0000-0001-7351-377X
A5100451576,Guoliang Li,https://orcid.org/0000-0002-1398-0621
A5049519805,Zhuojian Zhong,
A5100951661,Jianhua Feng,
A5062499743,Ke Tu,https://orcid.org/0009-0009-4922-1684
A5009228005,Peng Cui,https://orcid.org/0000-0003-2957-8511
A5008647105,Daixin Wang,https://orcid.org/0000-0002-5166-0362
A5100346697,Zhiqiang Zhang,https://orcid.org/0000-0001-7857-175X
A5100781212,Jun Zhou,https://orcid.org/0000-0001-5822-8233
A5019180907,Qi Yuan,https://orcid.org/0000-0002-1342-3374
A5101929509,Qiang Zhou,https://orcid.org/0000-0003-1348-8861
A5004580149,Ralph Grishman,
A5100629869,Qin Zhang,https://orcid.org/0000-0003-1214-9657
A5068673597,Quanying Yao,https://orcid.org/0000-0003-3726-2090
A5102834811,Hailong Jin,https://orcid.org/0009-0005-0939-6990
A5066905801,Jing Zhang,https://orcid.org/0000-0002-5230-6285
A5100364010,Peng Zhang,https://orcid.org/0000-0001-5352-9395
A5012767739,Yucheng Zhou,https://orcid.org/0009-0006-9883-5621
A5084564357,Xiubo Geng,https://orcid.org/0000-0001-6477-7933
A5100611243,Tao Shen,https://orcid.org/0000-0003-3315-2468
A5100669255,Wenqiang Zhang,https://orcid.org/0000-0002-3339-8751
A5060116992,Daxin Jiang,https://orcid.org/0000-0002-6657-5806
A5103960214,Yiying Yang,
A5011504177,Zhongyu Wei,https://orcid.org/0000-0003-3789-8507
A5078367709,Qin Chen,https://orcid.org/0000-0002-4696-2577
A5023921104,Libo Wu,https://orcid.org/0000-0002-6813-2961
A5100640212,Dongxu Zhang,https://orcid.org/0009-0004-4722-0534
A5100740415,Bin Yuan,https://orcid.org/0000-0003-1004-2354
A5100391517,Dong Wang,https://orcid.org/0000-0002-9599-8023
A5100346448,Rong Liu,https://orcid.org/0000-0001-5445-4612
A5035985651,Yukuo Cen,https://orcid.org/0000-0001-5682-2810
A5101681014,Jing Zhang,https://orcid.org/0000-0003-2019-225X
A5034954011,Gaofei Wang,https://orcid.org/0000-0002-0235-1563
A5101546902,Yujie Qian,https://orcid.org/0000-0003-3747-4552
A5113950414,Chuizheng Meng,
A5041539823,Zonghong Dai,
A5082599714,Hongxia Yang,
A5007320841,Huifang Wang,https://orcid.org/0000-0002-1483-364X
A5080659687,Ziquan Liu,https://orcid.org/0000-0002-9724-2510
A5047108321,Peihao Tong,https://orcid.org/0000-0003-4306-6483
A5100708486,Qifan Zhang,https://orcid.org/0000-0002-1521-7881
A5101882533,Junjie Yao,https://orcid.org/0000-0002-5637-8083
A5041581408,Taolin Zhang,https://orcid.org/0009-0006-2441-2861
A5050830339,Nan Hu,https://orcid.org/0000-0003-0573-660X
A5101851065,Minghui Qiu,https://orcid.org/0000-0002-5184-9886
A5089187298,Chengguang Tang,
A5101434435,Xiaofeng He,https://orcid.org/0000-0002-6911-348X
A5108705811,Jun Huang,https://orcid.org/0000-0003-4939-3880
A5020086523,Shuang Yang,https://orcid.org/0000-0003-1133-384X
A5055921455,Xuesong Cai,https://orcid.org/0000-0001-7759-7448
A5101659958,Donghao Zhang,https://orcid.org/0000-0003-3597-0173
A5100395316,Weiqiang Jia,https://orcid.org/0000-0002-1377-7084
A5007500583,Hui Liu,https://orcid.org/0000-0003-4027-499X
A5017984840,TAN Jianrong,
A5101472134,Ming Gao,https://orcid.org/0000-0001-5359-6213
A5022325814,Rong Zhang,https://orcid.org/0000-0002-9872-2954
A5100388333,Yi Zhang,https://orcid.org/0000-0003-4299-1511
A5109215309,Seung-won Hwang,
A5063351917,Haixun Wang,https://orcid.org/0009-0007-0773-7004
A5049240605,Binling Nie,https://orcid.org/0000-0001-8958-2323
A5114061948,Shouqian Sun,
A5102711199,Ding Xiao,https://orcid.org/0000-0002-6632-8856
A5105068548,Qianyu Wang,
A5100669304,Ming Cai,https://orcid.org/0000-0001-5367-5923
A5102074422,Zhaohui Zhu,https://orcid.org/0009-0008-7394-9889
A5012766723,Weiming Zhao,https://orcid.org/0000-0002-5481-8700
A5062247330,Jian Pei,https://orcid.org/0000-0002-2200-8711
A5053909989,Zhiyuan Qi,https://orcid.org/0000-0002-6593-0693
A5100613117,Ziheng Zhang,https://orcid.org/0000-0001-5480-9436
A5018964518,Yuejia Xiang,
A5051649145,Yefeng Zheng,https://orcid.org/0000-0003-2195-2847
A5070709298,Yuting Ye,https://orcid.org/0000-0003-2643-7457
A5102922412,Jiangchao Yao,https://orcid.org/0000-0001-6115-5194
A5042091430,Kunyang Jia,
A5057864403,Jingren Zhou,https://orcid.org/0000-0002-4220-2634
A5101488072,Yixin Cao,https://orcid.org/0000-0002-1632-7812
A5041572550,Yonggang Wen,https://orcid.org/0000-0002-2751-5114
A5047927086,Zhiquan Ye,
A5100756634,Wei Zhang,https://orcid.org/0000-0002-4960-3190
A5100353780,Xin Li,https://orcid.org/0000-0002-0041-3134
A5006760273,Haoyang Liu,https://orcid.org/0000-0002-9844-1116
A5100440533,Xu Zhao,https://orcid.org/0009-0009-0974-4974
A5102979496,Guigang Zhang,https://orcid.org/0000-0002-1543-0770
A5101689420,Yue Ma,https://orcid.org/0000-0002-9581-6189
A5100335705,Yali Wang,https://orcid.org/0000-0002-2999-7428
A5100668826,Yue Wu,https://orcid.org/0000-0003-0126-3614
A5044695231,Ziyu Lyu,https://orcid.org/0000-0002-3049-0085
A5068527488,Siran Chen,https://orcid.org/0009-0009-6783-3270
A5100754504,Xiu Li,https://orcid.org/0000-0003-0403-1923
A5100748135,Yu Qiao,https://orcid.org/0000-0002-1889-2567
A5027050251,Heng Chang,https://orcid.org/0000-0002-4978-8041
A5074199725,Jie Cai,https://orcid.org/0000-0003-2191-8585
A5100405697,Jia Li,https://orcid.org/0000-0002-6362-4385
A5100634312,Wenqiang Liu,https://orcid.org/0000-0003-4577-407X
A5100361891,Jun Liu,https://orcid.org/0000-0002-6004-0675
A5028388778,Mengmeng Wu,https://orcid.org/0000-0001-7805-9385
A5038355295,Samar Abbas,
A5014243317,Wei Hu,https://orcid.org/0000-0001-7754-1858
A5070094915,Bifan Wei,https://orcid.org/0000-0002-9732-3011
A5016724158,Zhijing Jin,https://orcid.org/0000-0003-0238-9024
A5100355692,Yang Liu,https://orcid.org/0000-0001-7300-9215
A5077658936,Christoph Treude,https://orcid.org/0000-0002-6919-2149
A5100669206,Xiaoxin Zhang,https://orcid.org/0000-0001-7376-3736
A5101599383,Yonghao Liu,https://orcid.org/0000-0001-8621-7144
A5082613662,Di Liang,https://orcid.org/0000-0002-4921-0266
A5100386895,Fang Fang,https://orcid.org/0000-0003-3784-3696
A5100631506,Sirui Wang,https://orcid.org/0000-0001-9519-5741
A5045139591,Wei Wu,https://orcid.org/0000-0003-2530-4337
A5038273708,Rui Jiang,https://orcid.org/0000-0002-1770-9206
A5066874145,Yucong Lin,https://orcid.org/0000-0002-9039-0318
A5110849478,Keming Lu,
A5040501126,Sheng Yu,https://orcid.org/0000-0002-6347-0507
A5078003862,Tianxi Cai,https://orcid.org/0000-0002-5379-2502
A5086052373,Marinka Žitnik,https://orcid.org/0000-0001-8530-7228
A5100337987,Jianing Wang,https://orcid.org/0000-0001-6006-053X
A5065887901,Wenkang Huang,https://orcid.org/0000-0002-8028-5047
A5048603584,Qiuhui Shi,
A5100332096,Hongbin Wang,https://orcid.org/0000-0003-2176-2998
A5100331094,Xiang Li,https://orcid.org/0000-0002-9851-6376
A5088526794,Ming Gao,https://orcid.org/0000-0002-5824-8362
A5035067940,Tao Qi,https://orcid.org/0000-0002-1250-3217
A5027802426,Shan Qiu,https://orcid.org/0000-0002-7474-9909
A5020511969,Xiaoqian Shen,https://orcid.org/0000-0001-6284-520X
A5087168870,Haopu Chen,
A5100728666,Shuai Yang,https://orcid.org/0000-0001-6792-7933
A5057735128,Hao Wen,https://orcid.org/0000-0002-8856-0883
A5066380580,Yuanqing Wu,
A5114549734,Jun Yan,https://orcid.org/0000-0003-3048-9604
A5104107945,Mrigank Raman,
A5006918187,Aaron Chan,https://orcid.org/0000-0002-4022-5306
A5100425839,Tianyu Zhang,https://orcid.org/0000-0001-9891-6874
A5009957887,Ryan A. Rossi,https://orcid.org/0000-0001-9758-0635
A5024078415,Handong Zhao,https://orcid.org/0000-0003-3775-2954
A5100718934,Sungchul Kim,https://orcid.org/0000-0003-3580-5290
A5016933602,Nedim Lipka,https://orcid.org/0000-0002-3779-7784
A5062621570,Dejie Chang,
A5043749799,Chaozhen Liu,
A5061181730,Liping Liu,
A5100358079,Dongdong Li,https://orcid.org/0000-0002-1880-8054
A5100318285,Wei Li,https://orcid.org/0000-0002-8077-7025
A5101865461,Fei Kong,https://orcid.org/0000-0003-1888-2091
A5071787279,Bangchang Liu,
A5100297784,Xiaobin Luo,
A5003943585,Ji Qi,https://orcid.org/0000-0002-8548-116X
A5100611571,Qiao Jin,https://orcid.org/0000-0002-1268-7239
A5013258788,Yicheng Zou,https://orcid.org/0009-0002-4575-5063
A5100406781,Zhihua Liu,https://orcid.org/0000-0003-4994-6764
A5054962782,Xingwu Hu,
A5100360407,Qi Zhang,https://orcid.org/0000-0003-0947-4942
A5044196870,Ning Hu,https://orcid.org/0000-0002-8355-0969
A5102803694,Guilin Qi,https://orcid.org/0000-0002-1957-6961
A5039059501,Haofen Wang,https://orcid.org/0000-0003-3018-3824
A5100428213,Jie Li,https://orcid.org/0000-0002-1094-1563
A5070300415,Fan Yang,https://orcid.org/0000-0002-8546-0270
A5100433137,Jun Zhang,https://orcid.org/0000-0002-3152-5091
A5056644602,Yan Yang,https://orcid.org/0000-0001-9922-2508
A5060837414,Chengcai Chen,https://orcid.org/0000-0003-4514-1192
A5101815945,Zhou Yu,https://orcid.org/0000-0002-1524-5890
A5100963457,Jianbing Zheng,
A5100361565,Wenting Wang,https://orcid.org/0000-0003-4503-5613
A5102542015,Ganqu Cui,https://orcid.org/0000-0001-6385-8547
A5010557815,Shengding Hu,
A5100399603,Lifeng Wang,https://orcid.org/0000-0001-5095-6842
A5070644871,Changcheng Li,https://orcid.org/0000-0001-7022-0947
A5101990774,Fei Jiang,https://orcid.org/0000-0002-1315-280X
A5089804645,Yong Jiang,https://orcid.org/0000-0001-7700-6054
A5073314811,Hui Zhi,
A5089047237,Yi Dong,https://orcid.org/0000-0001-6630-112X
A5100348649,Hao Li,https://orcid.org/0000-0002-8591-4105
A5039990441,Sufeng Ma,
A5108749325,Yilong Wang,https://orcid.org/0000-0003-3979-4330
A5066750132,Qiang Dong,https://orcid.org/0000-0002-3874-0130
A5102900838,Haipeng Shen,https://orcid.org/0000-0002-0196-1992
A5100424222,Yongjun Wang,https://orcid.org/0000-0002-9976-2341
A5011193488,Hu Cao,https://orcid.org/0000-0001-8225-858X
A5100742006,Yueyue Wang,https://orcid.org/0000-0002-7766-1080
A5045598417,Joy Chen,https://orcid.org/0000-0002-1318-1766
A5103215306,Dongsheng Jiang,https://orcid.org/0000-0002-7390-9173
A5100614065,Xiaopeng Zhang,https://orcid.org/0000-0001-6337-5748
A5100393506,Qi Tian,https://orcid.org/0000-0002-7252-5047
A5029371371,Manning Wang,https://orcid.org/0000-0002-9255-3897
A5068755794,Yinpeng Dong,https://orcid.org/0000-0003-1299-683X
A5051687191,Fangzhou Liao,https://orcid.org/0000-0002-5079-1336
A5031863731,Tianyu Pang,https://orcid.org/0000-0003-0639-6176
A5100341893,Hang Su,https://orcid.org/0000-0003-3365-4361
A5100606995,Jun Zhu,https://orcid.org/0000-0002-6254-2388
A5004579631,Xiaolin Hu,https://orcid.org/0000-0002-4907-7354
A5100368377,Jianguo Li,https://orcid.org/0000-0002-8645-0680
A5100758169,Bo Li,https://orcid.org/0000-0001-5980-4861
A5054033403,Junjie Yan,https://orcid.org/0000-0001-8016-2277
A5101584040,Wei Wu,https://orcid.org/0000-0001-5757-4476
A5101705530,Zheng Zhu,https://orcid.org/0000-0002-4435-1692
A5103121138,Chuanqi Tan,https://orcid.org/0000-0003-1197-4807
A5055546056,Fuchun Sun,https://orcid.org/0000-0003-3546-6305
A5065667064,Tao Kong,https://orcid.org/0000-0002-9412-1457
A5101792979,Wenchang Zhang,https://orcid.org/0000-0001-8915-2761
A5041105948,Chao Yang,https://orcid.org/0000-0003-0917-5256
A5101510063,Chunfang Liu,https://orcid.org/0000-0003-0389-1665
A5100452089,Zhuang Liu,https://orcid.org/0000-0001-6395-0212
A5101717458,Jianguo Li,https://orcid.org/0000-0001-9431-2950
A5066530136,Zhiqiang Shen,https://orcid.org/0000-0002-4560-5092
A5013240918,Gao Huang,https://orcid.org/0000-0002-7251-0988
A5049135681,Shoumeng Yan,https://orcid.org/0009-0007-9580-5395
A5065063835,Changshui Zhang,https://orcid.org/0000-0002-8088-367X
A5080414420,Haoqiang Fan,https://orcid.org/0000-0002-7398-6873
A5100627109,Hao Su,https://orcid.org/0009-0004-7679-7842
A5065368881,Leonidas Guibas,https://orcid.org/0000-0002-8315-4886
A5082717970,Peng Yao,https://orcid.org/0000-0003-0172-4310
A5040105498,Huaqiang Wu,https://orcid.org/0000-0001-8359-7997
A5008633924,Bin Gao,https://orcid.org/0000-0002-2417-983X
A5006887059,Jianshi Tang,https://orcid.org/0000-0001-8369-0067
A5074218661,Qingtian Zhang,https://orcid.org/0000-0003-2732-3419
A5100669249,Wenqiang Zhang,https://orcid.org/0000-0001-8615-0162
A5062662868,J. Joshua Yang,https://orcid.org/0000-0001-8242-7531
A5100746962,He Qian,https://orcid.org/0000-0003-3377-5366
A5083491323,Jian-Hao Luo,https://orcid.org/0000-0001-8105-805X
A5090881698,Jianxin Wu,https://orcid.org/0000-0002-2085-7568
A5059372830,Weiyao Lin,https://orcid.org/0000-0001-8307-7107
A5100772262,Yu Sun,https://orcid.org/0000-0003-3206-9515
A5025611496,Zhuang Liu,https://orcid.org/0000-0003-4695-7142
A5070586406,Daniel Sedra,
A5006380227,Kilian Q. Weinberger,
A5020672335,Jiangmiao Pang,https://orcid.org/0000-0002-6711-9319
A5100438001,Kai Chen,https://orcid.org/0000-0003-2587-6028
A5103125510,Jianping Shi,https://orcid.org/0000-0003-3257-8272
A5100412576,Huajun Feng,https://orcid.org/0000-0002-5606-6637
A5087818121,Wanli Ouyang,https://orcid.org/0000-0002-9163-2761
A5010087030,Dahua Lin,https://orcid.org/0000-0002-8865-7896
A5100442619,Ziwei Zhang,https://orcid.org/0000-0003-2451-843X
A5071538550,Hao Luo,https://orcid.org/0000-0002-6405-4011
A5064513874,Youzhi Gu,https://orcid.org/0000-0003-4619-2688
A5088826157,Xingyu Liao,https://orcid.org/0000-0002-0061-1317
A5101685414,Shenqi Lai,https://orcid.org/0000-0001-8673-2218
A5002942261,Wei Jiang,https://orcid.org/0000-0002-9240-5851
A5062239185,Rui Fu,https://orcid.org/0000-0002-0577-2830
A5100661022,Zuo‐Feng Zhang,https://orcid.org/0000-0002-4669-3995
A5114911316,Li Li,https://orcid.org/0000-0002-9428-1960
A5071654034,Sizhe Chen,https://orcid.org/0000-0003-2370-9410
A5100405762,Haipeng Wang,https://orcid.org/0000-0003-1912-7143
A5071461704,Feng Xu,https://orcid.org/0000-0002-7015-1467
A5015791511,Ya‐Qiu Jin,https://orcid.org/0000-0001-6666-9151
A5026741717,Nanyang Wang,https://orcid.org/0009-0002-4536-4839
A5058136382,Yinda Zhang,https://orcid.org/0000-0001-5386-8872
A5015831706,Zhuwen Li,https://orcid.org/0000-0001-6892-5788
A5084959430,Yanwei Fu,https://orcid.org/0000-0002-6595-6893
A5100431792,Wei Liu,https://orcid.org/0000-0002-3865-8145
A5047962986,Yu–Gang Jiang,https://orcid.org/0000-0002-1907-8567
A5049414501,Cong Zhang,https://orcid.org/0000-0003-1172-4269
A5100732450,Hongsheng Li,https://orcid.org/0000-0002-2664-7975
A5100444820,Xiaogang Wang,https://orcid.org/0000-0002-7929-5889
A5019708391,Xiaokang Yang,https://orcid.org/0000-0003-4029-3322
A5026184280,Wenming Yang,https://orcid.org/0000-0002-2506-1286
A5101979633,Xuechen Zhang,https://orcid.org/0000-0002-6294-0781
A5101835756,Yapeng Tian,https://orcid.org/0000-0003-1423-4513
A5100389186,Wei Wang,https://orcid.org/0000-0002-7715-9365
A5079361172,Jing‐Hao Xue,https://orcid.org/0000-0003-1174-610X
A5009239895,Qingmin Liao,https://orcid.org/0000-0002-7509-3964
A5057033978,Liheng Zhong,https://orcid.org/0000-0002-8161-9168
A5100756297,Lina Hu,https://orcid.org/0000-0001-5316-6221
A5025286392,Hang Zhou,https://orcid.org/0000-0001-7860-8452
A5021434848,Ming Liang,https://orcid.org/0000-0002-2723-9041
A5021662942,Yang He,https://orcid.org/0000-0002-2257-6073
A5011488839,Guoliang Kang,https://orcid.org/0000-0003-1978-2025
A5069837273,Xuanyi Dong,https://orcid.org/0000-0001-9272-1590
A5031223720,Yuqi Huo,https://orcid.org/0009-0009-1202-4791
A5083333630,Jiezhong Qiu,https://orcid.org/0000-0001-9514-0708
A5036266768,Yuan Yao,https://orcid.org/0000-0002-6509-9297
A5111280340,Ao Zhang,https://orcid.org/0009-0002-4499-2534
A5002925500,Liang Zhang,https://orcid.org/0000-0002-6187-3628
A5101986620,Wentao Han,https://orcid.org/0000-0002-5662-8329
A5009985839,Qin Jin,https://orcid.org/0000-0001-6486-6020
A5101616866,Yanyan Lan,https://orcid.org/0000-0002-7811-3262
A5103244144,Zhiwu Lu,https://orcid.org/0000-0001-6429-7956
A5101505571,Ruihua Song,https://orcid.org/0000-0002-2163-7401
A5025631695,Ji-Rong Wen,https://orcid.org/0000-0002-9777-9676
A5036378701,Jinhui Yuan,https://orcid.org/0000-0003-1410-7792
A5037145565,Wayne Xin Zhao,https://orcid.org/0000-0002-8333-6196
A5101827340,Wenhai Wang,https://orcid.org/0000-0002-2418-3134
A5026944066,Jifeng Dai,https://orcid.org/0000-0002-6785-0785
A5100457637,Zhe Chen,https://orcid.org/0000-0001-5004-8975
A5082831514,Zhenhang Huang,https://orcid.org/0000-0002-1925-2924
A5100675974,Zhiqi Li,https://orcid.org/0000-0002-7041-0748
A5112877229,Xizhou Zhu,
A5027851405,Xiaowei Hu,https://orcid.org/0000-0002-5708-7018
A5061696740,Tong Lü,https://orcid.org/0000-0002-7051-5347
A5000474748,Lewei Lu,https://orcid.org/0009-0009-9809-3818
A5100657057,Yuzhi Zhang,https://orcid.org/0000-0002-5841-1107
A5083295615,Haidi Wang,https://orcid.org/0000-0003-4768-2136
A5100686054,Weijie Chen,https://orcid.org/0000-0003-3657-2943
A5042165620,Jinzhe Zeng,https://orcid.org/0000-0002-1515-8172
A5100689117,Linfeng Zhang,https://orcid.org/0000-0002-8470-5846
A5071854504,E Weinan,https://orcid.org/0000-0003-0272-9500
A5101431030,Yisen Wang,https://orcid.org/0000-0002-0181-2137
A5078711649,Xingjun Ma,https://orcid.org/0000-0003-2099-4973
A5070360200,Zaiyi Chen,
A5101495751,Yuan Luo,https://orcid.org/0000-0002-5741-0567
A5030837133,Jinfeng Yi,https://orcid.org/0000-0003-2149-0670
A5101609697,James Bailey,https://orcid.org/0000-0002-3769-3811
A5101677993,Yifan Sun,https://orcid.org/0000-0001-9859-8300
A5048152070,Changmao Cheng,
A5100385429,Yuhan Zhang,https://orcid.org/0009-0001-0686-3865
A5101977412,Chi Zhang,https://orcid.org/0000-0002-6300-4602
A5100709340,Liang Zheng,https://orcid.org/0000-0002-1464-9500
A5063901724,Zhongdao Wang,https://orcid.org/0000-0002-4483-8783
A5101959185,Yichen Wei,https://orcid.org/0009-0003-4327-8459
A5101471083,Tianqi Chen,https://orcid.org/0000-0002-2336-1875
A5103206590,Thierry Moreau,https://orcid.org/0000-0002-5257-4044
A5008448494,Ziheng Jiang,https://orcid.org/0000-0002-6392-6615
A5061339425,Lianmin Zheng,https://orcid.org/0000-0001-5812-731X
A5000435983,Eddie Yan,
A5044149951,Meghan Cowan,https://orcid.org/0000-0002-1052-0179
A5036308058,Haichen Shen,
A5070031492,Leyuan Wang,https://orcid.org/0000-0003-4084-4470
A5101586926,Yuwei Hu,https://orcid.org/0000-0002-2698-6811
A5081914923,Luís Ceze,https://orcid.org/0000-0002-1377-6217
A5090739892,Carlos Guestrin,https://orcid.org/0000-0001-6348-5939
A5101497042,Arvind Krishnamurthy,https://orcid.org/0000-0002-9505-9528
A5046165841,Zixuan Chen,https://orcid.org/0009-0006-8283-3664
A5061563214,Zewei He,https://orcid.org/0000-0003-4280-9708
A5083531923,Zhe‐Ming Lu,https://orcid.org/0000-0003-1785-7847
A5054894631,Shimeng Yu,https://orcid.org/0000-0002-0068-3652
A5023225287,Meng‐Fan Chang,https://orcid.org/0000-0001-6905-6350
A5077896259,Hoi‐Jun Yoo,https://orcid.org/0000-0002-6661-4879
A5101911374,Deli Zhao,https://orcid.org/0000-0002-8838-578X
A5013545831,Edward Yi Chang,https://orcid.org/0000-0003-1616-5240
A5101858368,Yifan Xu,https://orcid.org/0009-0005-2706-0972
A5065694554,Tianqi Fan,
A5054198217,Mingye Xu,https://orcid.org/0000-0001-8688-5361
A5029947227,Long Zeng,https://orcid.org/0000-0003-4968-1401
A5051958442,Yu Qiao,https://orcid.org/0000-0002-6392-9461
A5100427161,Hao Ye,https://orcid.org/0000-0003-1544-1768
A5004882141,Fei Wu,https://orcid.org/0000-0003-2139-8807
A5101944526,Shichen Liu,https://orcid.org/0000-0003-3144-4942
A5109065097,Laurens van der Maaten,
A5045300183,Li-Ming Zhao,https://orcid.org/0000-0002-1467-1230
A5100407758,Xi Li,https://orcid.org/0000-0003-3023-1662
A5008666077,Yueting Zhuang,https://orcid.org/0000-0001-9017-2508
A5075880303,Jingdong Wang,https://orcid.org/0000-0002-4888-4445
A5101580521,Yu Cheng,https://orcid.org/0000-0002-2315-5641
A5100334974,Duo Wang,https://orcid.org/0000-0002-7070-034X
A5100693197,Pan Zhou,https://orcid.org/0000-0002-8629-4622
A5100375792,Tao Zhang,https://orcid.org/0000-0002-2980-6281
A5103120004,Ji Wan,https://orcid.org/0000-0002-1761-352X
A5074834854,Steven C. H. Hoi,https://orcid.org/0000-0002-4584-3453
A5009684691,Pengcheng Wu,https://orcid.org/0000-0003-0487-2060
A5062252650,Jianke Zhu,https://orcid.org/0000-0003-1831-0106
A5046305086,Yongdong Zhang,https://orcid.org/0000-0002-1151-1792
A5105096532,Jintao Li,https://orcid.org/0009-0009-6802-2699
A5082404485,Yue Deng,https://orcid.org/0000-0003-2871-8922
A5022735755,Feng Bao,https://orcid.org/0000-0002-5721-9551
A5008751186,Youyong Kong,https://orcid.org/0000-0003-2095-8470
A5082017037,Zhiquan Ren,
A5080722708,Qionghai Dai,https://orcid.org/0000-0001-7043-3061
A5045569962,Yizeng Han,https://orcid.org/0000-0001-5706-8784
A5101868179,Shiji Song,https://orcid.org/0000-0003-0858-1770
A5015605020,Le Yang,https://orcid.org/0000-0001-8379-4915
A5100682142,Honghui Wang,https://orcid.org/0000-0001-8953-4428
A5100418037,Yulin Wang,https://orcid.org/0000-0002-1363-0234
A5045624501,Yu Deng,https://orcid.org/0000-0001-7241-8519
A5076804411,Jiaolong Yang,https://orcid.org/0000-0002-7314-6567
A5077900121,Sicheng Xu,https://orcid.org/0000-0002-7903-3934
A5101487157,Dong Chen,https://orcid.org/0000-0003-0588-9331
A5100731042,Yunde Jia,https://orcid.org/0000-0003-1900-8945
A5100784734,Xin Tong,https://orcid.org/0000-0001-8788-2453
A5021155429,Xumin Yu,https://orcid.org/0009-0009-6022-9302
A5018805700,Lulu Tang,https://orcid.org/0000-0003-0612-9780
A5082694832,Yongming Rao,https://orcid.org/0000-0003-3952-8753
A5058066577,Tiejun Huang,https://orcid.org/0000-0002-4234-6099
A5100460385,Jiwen Lu,https://orcid.org/0000-0002-6121-5529
A5050237799,Jintao Ke,https://orcid.org/0000-0001-9778-3387
A5001971942,Hongyu Zheng,https://orcid.org/0000-0002-1612-7458
A5045705475,Hai Yang,https://orcid.org/0000-0001-5210-8468
A5031896665,Xiqun Chen,https://orcid.org/0000-0001-8285-084X
A5010800424,Zhangjie Cao,https://orcid.org/0000-0001-5098-2194
A5019241553,Mingsheng Long,https://orcid.org/0000-0001-9421-463X
A5100373517,Jianmin Wang,https://orcid.org/0000-0001-6841-7943
A5036357902,Philip S. Yu,https://orcid.org/0000-0002-3491-5968
A5100757845,Wei Jian,
A5014610561,Jianhua He,https://orcid.org/0000-0002-5738-8507
A5100437976,Kai Chen,https://orcid.org/0000-0002-5624-2987
A5101704070,Yi Zhou,https://orcid.org/0000-0002-3982-9145
A5088960145,Zuoyin Tang,https://orcid.org/0000-0001-7094-999X
A5100756528,Weiwei Jiang,https://orcid.org/0000-0003-0953-5047
A5064564558,Dong Nie,https://orcid.org/0000-0003-0385-8988
A5010392645,Roger Trullo,
A5054666507,Jun Lian,https://orcid.org/0000-0002-2041-9074
A5010409710,Caroline Petitjean,https://orcid.org/0000-0003-0013-5370
A5037212091,Su Ruan,https://orcid.org/0000-0001-8785-6917
A5100391054,Qian Wang,https://orcid.org/0000-0002-3490-3836
A5000937401,Dinggang Shen,https://orcid.org/0000-0002-7934-5698
A5100947652,Feiyu Xu,
A5112249167,Hans Uszkoreit,
A5069959549,Yangzhou Du,
A5058044263,Wei Fan,https://orcid.org/0000-0001-7054-2698
A5038754344,Shuai Gao,https://orcid.org/0000-0001-7340-1364
A5016494112,Yuefei Huang,https://orcid.org/0000-0002-6565-7738
A5100450362,Shuo Zhang,https://orcid.org/0000-0002-2170-4299
A5067844160,Jing‐Cheng Han,https://orcid.org/0000-0002-3918-9854
A5101785846,Guangqian Wang,https://orcid.org/0000-0002-5939-9138
A5001568054,Meixin Zhang,
A5057936254,Lin Qingsheng,
A5101650943,Cheng Fan,https://orcid.org/0000-0002-1199-2119
A5053690968,Fu Xiao,https://orcid.org/0000-0002-3779-3943
A5074793684,Yang Zhao,https://orcid.org/0000-0002-4524-4514
A5028650738,Yue Cao,https://orcid.org/0000-0002-4045-3296
A5049812527,Michael I. Jordan,https://orcid.org/0000-0001-8935-817X
A5103275673,Fei Tian,https://orcid.org/0000-0003-4345-3125
A5101870054,Bin Gao,https://orcid.org/0000-0001-9993-1013
A5062581073,Qing Cui,https://orcid.org/0000-0002-4909-4568
A5048237545,Enhong Chen,https://orcid.org/0000-0002-4835-4102
A5101884287,Tie‐Yan Liu,https://orcid.org/0000-0002-0476-8020
A5041162679,Zhimian Zhang,https://orcid.org/0000-0001-7031-8434
A5105297718,Kui Ren,https://orcid.org/0000-0002-1969-2591
A5043524348,Zhan Qin,https://orcid.org/0000-0001-7872-6969
A5100372152,Xue Liu,https://orcid.org/0000-0001-5252-3442
A5061225111,Yujie Wu,https://orcid.org/0000-0003-3738-4311
A5047545398,Lei Deng,https://orcid.org/0000-0002-5172-9411
A5018970859,Guoqi Li,https://orcid.org/0000-0002-8994-431X
A5100385336,Yuan Xie,https://orcid.org/0000-0003-2093-1788
A5018476895,Luping Shi,https://orcid.org/0000-0002-9829-2202
A5087929301,Han Cai,https://orcid.org/0000-0002-4906-1192
A5102807475,Kan Ren,https://orcid.org/0000-0002-4032-9615
A5101647485,Ying Wen,https://orcid.org/0000-0002-6974-5110
A5100384767,Jun Wang,https://orcid.org/0000-0002-5890-0365
A5100308060,Qingqiang Sun,https://orcid.org/0000-0002-7042-5640
A5067726465,Zhiqiang Ge,https://orcid.org/0000-0002-2071-4380
A5072932051,Frank Seide,
A5100438769,Gang Li,https://orcid.org/0000-0003-1583-641X
A5035435409,Chen Xie,https://orcid.org/0000-0002-9225-3106
A5034476404,Dong Yu,https://orcid.org/0000-0003-0520-6844
A5076968944,Jiangwei Lao,
A5103049106,Yinsheng Chen,https://orcid.org/0000-0002-5807-1886
A5100622225,Zhicheng Li,https://orcid.org/0000-0003-4140-0580
A5106724391,Qihua Li,https://orcid.org/0009-0006-0937-9012
A5100684093,Ji Zhang,https://orcid.org/0000-0002-2718-6509
A5100375136,Jing Liu,https://orcid.org/0000-0003-4690-1886
A5064168853,Guangtao Zhai,https://orcid.org/0000-0001-8165-9322
A5089823903,Fan Yang,https://orcid.org/0000-0002-1245-1197
A5074094490,Wenchuan Wang,https://orcid.org/0000-0003-1367-5886
A5100321391,Fang Wang,https://orcid.org/0000-0002-1491-5207
A5102867157,Yuan Fang,https://orcid.org/0009-0000-6551-0245
A5110628758,Duyu Tang,
A5068865316,Junzhou Huang,https://orcid.org/0000-0002-9548-1227
A5100716955,Hui Lü,https://orcid.org/0000-0001-8347-0830
A5100695406,Jianhua Yao,https://orcid.org/0000-0001-9157-9596
A5066292587,Chensi Cao,https://orcid.org/0000-0002-5262-6959
A5100415226,Feng Liu,https://orcid.org/0000-0001-9410-676X
A5114985946,Hai Tan,https://orcid.org/0000-0002-0616-5645
A5086208797,Deshou Song,https://orcid.org/0000-0001-5989-1635
A5035334249,Wenjie Shu,https://orcid.org/0000-0001-9044-2352
A5101583301,Weizhong Li,https://orcid.org/0000-0002-9003-7733
A5114985949,Yiming Zhou,https://orcid.org/0000-0001-7103-1814
A5067355537,Zhi Xie,https://orcid.org/0000-0002-5589-4836
A5100336197,Li Wang,https://orcid.org/0000-0003-2165-0080
A5100713555,Yunbo Wang,https://orcid.org/0000-0002-6224-2481
A5002224926,Haixu Wu,
A5055260255,Jianjin Zhang,
A5072972153,Zhifeng Gao,https://orcid.org/0000-0001-6012-7466
A5110779029,Yuxiu Hua,
A5036831868,Zhifeng Zhao,https://orcid.org/0000-0002-5479-7890
A5014842979,Rongpeng Li,https://orcid.org/0000-0003-4297-5060
A5065252700,Xianfu Chen,https://orcid.org/0000-0002-9453-4200
A5100405114,Zhiming Liu,https://orcid.org/0000-0002-8836-8031
A5100626780,Honggang Zhang,https://orcid.org/0000-0003-1492-1364
A5073087748,Sida Peng,https://orcid.org/0000-0001-6546-4525
A5103147232,Yuanqing Zhang,https://orcid.org/0000-0001-5632-9639
A5019024625,Yinghao Xu,https://orcid.org/0000-0003-2696-9664
A5100417694,Qianqian Wang,https://orcid.org/0000-0001-8217-5952
A5084787269,Qing Shuai,https://orcid.org/0000-0002-2096-7599
A5059021869,Hujun Bao,https://orcid.org/0000-0002-2662-0334
A5101814482,Xiaowei Zhou,https://orcid.org/0000-0003-1926-5597
A5100652865,Yurong Chen,https://orcid.org/0000-0001-9333-1746
A5003418019,Xiangyang Xue,https://orcid.org/0000-0002-4897-9209
A5100734913,Tianqi Wang,https://orcid.org/0000-0002-5921-6565
A5024436944,Chao-Kai Wen,https://orcid.org/0000-0001-5952-232X
A5101837435,Hanqing Wang,https://orcid.org/0000-0001-9264-1646
A5050402661,Feifei Gao,https://orcid.org/0000-0001-8896-352X
A5100678341,Tao Jiang,https://orcid.org/0000-0002-8482-1046
A5013079905,Shi Jin,https://orcid.org/0000-0003-0271-6021
A5102799918,Ling Dai,https://orcid.org/0000-0002-2000-8363
A5034501136,Liang Wu,https://orcid.org/0000-0002-3763-1274
A5017862417,Huating Li,https://orcid.org/0000-0003-0526-5545
A5101829589,Chun Cai,https://orcid.org/0000-0001-8725-5433
A5071210086,Qiang Wu,https://orcid.org/0000-0002-9169-3791
A5101756789,Hongyu Kong,
A5020261885,Ruhan Liu,https://orcid.org/0000-0002-0281-8039
A5067414540,Xiangning Wang,https://orcid.org/0000-0003-2608-9026
A5027325688,Xuhong Hou,https://orcid.org/0000-0001-6156-5994
A5070870604,Yuexing Liu,https://orcid.org/0000-0003-4369-1131
A5072117671,Xiaoxue Long,https://orcid.org/0000-0002-7080-8422
A5006980036,Yang Wen,https://orcid.org/0000-0001-6303-8178
A5101766080,Lina Lu,https://orcid.org/0000-0002-9425-6597
A5031424723,Yaxin Shen,https://orcid.org/0000-0003-2169-338X
A5100885234,Yan Chen,https://orcid.org/0000-0003-4816-893X
A5081459350,Haidong Zou,https://orcid.org/0000-0002-6831-7560
A5009598072,Bin Sheng,https://orcid.org/0000-0001-8678-2784
A5007251193,Weiping Jia,https://orcid.org/0000-0002-6244-2168
A5100334801,Yuan Yuan,https://orcid.org/0000-0003-3352-0662
A5100406620,Siyuan Liu,https://orcid.org/0000-0002-0946-4683
A5100462825,Jiawei Zhang,https://orcid.org/0000-0002-2292-4592
A5101653272,Yongbing Zhang,https://orcid.org/0000-0003-3320-2904
A5023845728,Chao Dong,https://orcid.org/0000-0003-2260-8079
A5100412937,Liang Lin,https://orcid.org/0000-0003-2248-3755
A5103170520,Xingyi Zhou,https://orcid.org/0000-0002-0914-8525
A5056540212,Qixing Huang,https://orcid.org/0000-0001-6365-8051
A5088062069,Xiao Sun,https://orcid.org/0000-0001-9750-7032
A5058072839,Hongwei Wang,https://orcid.org/0000-0001-6118-6505
A5100404643,Jia Wang,https://orcid.org/0000-0002-3165-7051
A5115602093,Jialin Wang,https://orcid.org/0000-0003-3026-6507
A5076992681,Yisheng Lv,https://orcid.org/0000-0002-7565-4979
A5113600509,Fei–Yue Wang,https://orcid.org/0000-0001-9185-3989
A5060102585,Zhenyu Hou,https://orcid.org/0000-0002-1624-2149
A5100668507,Chunjie Wang,https://orcid.org/0000-0001-8081-0748
A5020027500,Hongxin Wei,https://orcid.org/0000-0002-8973-2843
A5100682348,Lei Feng,https://orcid.org/0000-0003-2839-5799
A5100340509,Xiangyu Chen,https://orcid.org/0000-0002-0711-0275
A5017743551,Bo An,https://orcid.org/0000-0002-7064-7438
A5003203521,Shaohua Wan,https://orcid.org/0000-0001-7013-9081
A5006514077,Lianyong Qi,https://orcid.org/0000-0001-9875-9856
A5007818509,Xiaolong Xu,https://orcid.org/0000-0003-4879-9803
A5038117386,Chao Tong,https://orcid.org/0000-0003-4414-4965
A5029808393,Zonghua Gu,https://orcid.org/0000-0003-4228-2774
A5100355025,Pengfei Liu,https://orcid.org/0009-0008-6932-7091
A5020313082,Venice Erin Liong,
A5100367353,Gang Wang,https://orcid.org/0000-0002-1816-1457
A5043000577,Pierre Moulin,https://orcid.org/0000-0001-5215-8596
A5006016056,Yuge Huang,https://orcid.org/0000-0001-5387-5992
A5100360655,Yuhan Wang,https://orcid.org/0000-0002-5560-5213
A5029021362,Ying Tai,https://orcid.org/0000-0002-4665-6852
A5100409052,Xiaoming Liu,https://orcid.org/0000-0003-3215-8753
A5102707885,Pengcheng Shen,
A5101710319,Shaoxin Li,https://orcid.org/0000-0001-6219-1082
A5101540189,Jilin Li,
A5112601777,Feiyue Huang,
A5100665053,Wenyu Liu,https://orcid.org/0000-0002-4582-7488
A5101154635,Gaofeng Ren,
A5100552914,Runsheng Yu,
A5032042444,Shi Guo,https://orcid.org/0000-0001-5155-6162
A5100433899,Lei Zhang,https://orcid.org/0000-0002-2078-4215
A5007290301,Te Han,https://orcid.org/0000-0002-6559-1986
A5101600108,Chao Liu,https://orcid.org/0000-0002-8283-9146
A5102758365,Wenguang Yang,https://orcid.org/0000-0002-2239-8043
A5082173488,Dongxiang Jiang,https://orcid.org/0000-0002-1154-2804
A5085241696,Zechun Liu,https://orcid.org/0000-0001-5856-2506
A5052602086,Haoyuan Mu,
A5100362465,Xiangyu Zhang,https://orcid.org/0000-0003-2138-4608
A5101581221,Zichao Guo,https://orcid.org/0000-0003-1544-9305
A5088751649,Xin Yang,https://orcid.org/0000-0001-6252-1061
A5077687075,Kwang‐Ting Cheng,https://orcid.org/0000-0002-3885-4912
A5100785015,Jian Sun,https://orcid.org/0000-0002-6178-4166
A5090727900,Shuo Feng,https://orcid.org/0000-0002-2117-4427
A5069067033,Haowei Sun,https://orcid.org/0000-0002-0232-117X
A5041300309,Xintao Yan,https://orcid.org/0000-0002-0569-5628
A5101779116,Haojie Zhu,https://orcid.org/0000-0002-1931-5681
A5088611151,Zhengxia Zou,https://orcid.org/0000-0003-1774-552X
A5045384727,Shengyin Shen,https://orcid.org/0000-0001-9946-0071
A5083695605,Henry Liu,https://orcid.org/0000-0002-3685-9920
A5102380578,Lina Wei,https://orcid.org/0000-0002-6994-1170
A5100418319,Ming–Hsuan Yang,https://orcid.org/0000-0003-4848-2304
A5061469520,Haibin Ling,https://orcid.org/0000-0003-4094-8413
A5100435251,Weifeng Wang,https://orcid.org/0009-0000-4698-3530
A5033118514,Lei Zhou,https://orcid.org/0000-0001-5857-8153
A5100734635,Chu Zhang,https://orcid.org/0000-0001-6760-3154
A5101783051,Fei Liu,https://orcid.org/0000-0003-0266-6896
A5089445344,Zhengjun Qiu,https://orcid.org/0000-0001-6843-0697
A5100342968,Yong He,https://orcid.org/0000-0001-6752-1757
A5067219074,Zezhou Cheng,https://orcid.org/0000-0001-7754-0871
A5034454494,Qingxiong Yang,https://orcid.org/0000-0002-4378-2335
A5101840676,Yiru Zhao,https://orcid.org/0000-0003-2248-4440
A5074924505,Bing Deng,https://orcid.org/0000-0001-7591-9749
A5022877637,Chen Shen,https://orcid.org/0000-0002-7534-0830
A5100742036,Yao Liu,https://orcid.org/0000-0001-5342-9896
A5102899381,Hongtao Lu,https://orcid.org/0000-0003-2300-3039
A5024965898,Xian‐Sheng Hua,https://orcid.org/0000-0002-8232-5049
A5100452334,Hao Ma,https://orcid.org/0000-0001-8585-6665
A5041659067,Kuansan Wang,https://orcid.org/0000-0001-7089-7966
A5029041038,Chao Shang,https://orcid.org/0000-0003-3905-4631
A5077651830,Fan Yang,https://orcid.org/0000-0002-0254-9000
A5040580297,Dexian Huang,https://orcid.org/0000-0001-7743-0023
A5071359258,Wenxiang Lyu,
A5102960841,Yuhao Niu,https://orcid.org/0000-0003-0423-0682
A5053647594,Lin Gu,https://orcid.org/0000-0002-7419-6240
A5057905491,Yitian Zhao,https://orcid.org/0000-0003-4357-4592
A5050527785,Feng Lu,https://orcid.org/0000-0001-9064-7964
A5047511618,Fuxian Li,https://orcid.org/0000-0002-9552-3239
A5100668035,Jie Feng,https://orcid.org/0000-0003-3279-7117
A5003434396,Huan Yan,https://orcid.org/0000-0001-9626-5676
A5018357954,Guangyin Jin,https://orcid.org/0000-0002-9837-6836
A5045825296,Fan Yang,https://orcid.org/0000-0002-3523-1138
A5101439558,Funing Sun,https://orcid.org/0000-0002-1388-4541
A5081796777,Xiankai Lu,https://orcid.org/0000-0002-9543-6960
A5101433884,Wenguan Wang,https://orcid.org/0000-0002-0802-9567
A5100704678,Chao Ma,https://orcid.org/0000-0002-8459-2845
A5023184215,Jianbing Shen,https://orcid.org/0000-0003-2656-3082
A5082634513,Ling Shao,https://orcid.org/0000-0002-8264-6117
A5038550641,Fatih Porikli,https://orcid.org/0000-0002-1520-4466
A5057315354,Jinzhu Lu,https://orcid.org/0000-0001-5182-7508
A5077083047,Lijuan Tan,https://orcid.org/0000-0002-4039-779X
A5110452113,Huanyu Jiang,https://orcid.org/0000-0002-6814-7477
A5031854562,Wentao Zhu,https://orcid.org/0000-0001-9290-1778
A5045954034,Yufang Huang,https://orcid.org/0000-0003-1432-1561
A5025580977,Liang Zeng,https://orcid.org/0000-0003-0271-6398
A5090870414,Xuming Chen,https://orcid.org/0000-0002-1876-4573
A5062683178,Yong Liu,https://orcid.org/0000-0003-2165-062X
A5026015949,Zhen Qian,https://orcid.org/0000-0002-9867-0744
A5100721789,Nan Du,https://orcid.org/0000-0003-1762-7275
A5044043737,Wei Fan,https://orcid.org/0000-0002-6687-1103
A5084618257,Xiaohui Xie,https://orcid.org/0000-0002-5479-6345
A5005905514,Xian Sun,https://orcid.org/0000-0002-0038-9816
A5046600276,Peijin Wang,https://orcid.org/0000-0002-0371-5584
A5027079185,Zhiyuan Yan,https://orcid.org/0000-0002-7114-6758
A5100614962,Ruiping Wang,https://orcid.org/0000-0003-1830-2595
A5002110023,Wenhui Diao,https://orcid.org/0000-0002-3931-3974
A5089564180,Jin Chen,https://orcid.org/0000-0002-6497-4141
A5102956549,Jihao Li,https://orcid.org/0000-0002-8277-4223
A5055032051,Yingchao Feng,https://orcid.org/0000-0003-4017-8885
A5100728476,Tao Xu,https://orcid.org/0000-0002-7855-4199
A5083406305,Martin Weinmann,https://orcid.org/0000-0002-8654-7546
A5084538309,Stefan Hinz,https://orcid.org/0000-0002-7323-9800
A5100416961,Cheng Wang,https://orcid.org/0000-0001-6075-796X
A5112365916,Kun Fu,https://orcid.org/0000-0002-0450-6469
A5019734741,Zhipeng Deng,https://orcid.org/0000-0002-8582-2040
A5100359488,Hao Sun,https://orcid.org/0000-0002-2938-2714
A5102837714,Shilin Zhou,https://orcid.org/0000-0002-8670-5292
A5064605829,Juanping Zhao,https://orcid.org/0000-0002-1620-4580
A5027874662,Lin Lei,https://orcid.org/0000-0002-7106-5528
A5002694599,Huanxin Zou,https://orcid.org/0000-0002-6182-4877
A5053263933,Ashnil Kumar,https://orcid.org/0000-0001-6236-7324
A5100614820,Jinman Kim,https://orcid.org/0000-0001-5960-1060
A5051392768,David Lyndon,
A5082979981,Michael Fulham,https://orcid.org/0000-0003-0602-6319
A5111982126,Dagan Feng,
A5107904995,Mengchen Liu,
A5100332661,Zhen Li,https://orcid.org/0000-0003-1491-5714
A5028230846,Chongxuan Li,
A5048806635,Danish Vasan,https://orcid.org/0000-0002-7693-1042
A5018409592,Mamoun Alazab,https://orcid.org/0000-0002-1928-3704
A5049051036,Sobia Wassan,https://orcid.org/0000-0001-5504-7496
A5068739772,Hamad Naeem,https://orcid.org/0000-0003-1511-218X
A5091779273,Babak Safaei,https://orcid.org/0000-0002-1675-4902
A5101678402,Zheng Qin,https://orcid.org/0000-0002-4637-2518
A5100620225,Hao Wu,https://orcid.org/0000-0001-7575-5756
A5100398395,Jinsong Zhao,https://orcid.org/0000-0003-0572-8431
A5058537401,Zhaohan Xiong,https://orcid.org/0000-0002-2537-6149
A5102011770,Qing Xia,https://orcid.org/0000-0002-0328-7882
A5101417955,Zhiqiang Hu,https://orcid.org/0000-0003-0830-815X
A5101456488,Ning Huang,https://orcid.org/0000-0002-4639-2041
A5056289980,Cheng Bian,https://orcid.org/0000-0003-3498-8283
A5010990212,Sulaiman Vesal,https://orcid.org/0000-0001-6156-9338
A5073918042,Nishant Ravikumar,https://orcid.org/0000-0003-0134-107X
A5101619735,Andreas Maier,https://orcid.org/0000-0002-9550-5284
A5017262410,Xin Yang,https://orcid.org/0000-0003-4653-6524
A5032708386,Pheng‐Ann Heng,https://orcid.org/0000-0003-3055-5034
A5065374358,Dong Ni,https://orcid.org/0000-0002-9146-6003
A5086292677,Caizi Li,https://orcid.org/0000-0002-7947-5345
A5030592784,Qianqian Tong,https://orcid.org/0000-0002-4015-8721
A5056608507,Weixin Si,https://orcid.org/0000-0002-3289-9714
A5014870613,Élodie Puybareau,https://orcid.org/0000-0002-2748-6624
A5027395143,Younes Khoudli,
A5068813606,Thierry Géraud,https://orcid.org/0000-0002-0380-7948
A5100418433,Chen Chen,https://orcid.org/0000-0002-3525-9755
A5059823739,Wenjia Bai,https://orcid.org/0000-0003-2943-7698
A5006461848,Daniel Rueckert,https://orcid.org/0000-0002-5683-5889
A5056235786,Lingchao Xu,https://orcid.org/0000-0001-6945-8018
A5011662977,Xiahai Zhuang,https://orcid.org/0000-0003-4351-4979
A5045347918,Xinzhe Luo,https://orcid.org/0000-0003-2822-1633
A5080786473,Shuman Jia,https://orcid.org/0000-0001-8663-137X
A5070013751,Maxime Sermesant,https://orcid.org/0000-0002-6256-8350
A5101485471,Yashu Liu,https://orcid.org/0000-0002-8278-267X
A5049558861,Kuanquan Wang,https://orcid.org/0000-0003-1347-3491
A5084926128,Davide Borra,https://orcid.org/0000-0003-3791-8555
A5002368368,Alessandro Masci,https://orcid.org/0000-0002-0808-5665
A5060301654,Cristiana Corsi,https://orcid.org/0000-0002-0289-9174
A5028752528,Coen de Vente,https://orcid.org/0000-0001-5908-8367
A5008103968,Mitko Veta,https://orcid.org/0000-0003-1711-3098
A5009527958,Rashed Karim,https://orcid.org/0000-0002-2977-8997
A5090022998,Chandrakanth Jayachandran Preetha,https://orcid.org/0000-0002-9875-1982
A5088137293,Sandy Engelhardt,https://orcid.org/0000-0001-8816-7654
A5062785784,Menyun Qiao,
A5100423182,Yuanyuan Wang,https://orcid.org/0000-0003-1984-1136
A5028217553,Qian Tao,https://orcid.org/0000-0001-7480-0703
A5030861174,Marta Nuñez‐Garcia,https://orcid.org/0000-0001-9349-3059
A5077843387,Óscar Cámara,https://orcid.org/0000-0002-5125-6132
A5050968498,Nicoló Savioli,https://orcid.org/0000-0002-3382-0422
A5085599943,Pablo Lamata,https://orcid.org/0000-0002-3097-4928
A5023771081,Jichao Zhao,https://orcid.org/0000-0003-3303-0401
A5100668306,Yu Zhou,https://orcid.org/0000-0003-4455-0509
A5054311881,Chenggang Yan,https://orcid.org/0000-0003-1204-0512
A5047117183,Biao Gong,https://orcid.org/0000-0002-6156-0816
A5103030388,Yuxuan Wei,https://orcid.org/0000-0002-9392-1778
A5100602494,Yue Gao,https://orcid.org/0000-0002-4971-590X
A5033435747,Yupeng Ren,https://orcid.org/0000-0001-7994-1986
A5102274310,Jisheng Huang,
A5083572093,Zhiyou Hong,
A5100627859,Wei Lu,https://orcid.org/0000-0002-5115-2632
A5100606500,Jun Yin,https://orcid.org/0000-0002-8993-3178
A5112483271,Lejun Zou,
A5114048384,Xiaohua Shen,
A5006736234,Yawen Xiao,https://orcid.org/0000-0002-3520-5837
A5101712306,Jun Wu,https://orcid.org/0000-0002-3381-2561
A5072774939,Zongli Lin,https://orcid.org/0000-0003-1589-1443
A5100632220,Xiaodong Zhao,https://orcid.org/0000-0002-2630-7161
A5031098811,Cheng Jin,https://orcid.org/0000-0001-5269-5375
A5101974614,Weixiang Chen,https://orcid.org/0000-0001-7532-2782
A5009017779,Yukun Cao,https://orcid.org/0000-0002-8391-841X
A5079061314,Zhanwei Xu,https://orcid.org/0000-0003-0225-7662
A5056167963,Zimeng Tan,https://orcid.org/0000-0001-9482-6345
A5100327354,Xin Zhang,https://orcid.org/0000-0001-7844-593X
A5027041701,Chuansheng Zheng,https://orcid.org/0000-0002-2435-1417
A5101651545,Heshui Shi,https://orcid.org/0000-0002-0877-3054
A5103239823,Jianjiang Feng,https://orcid.org/0000-0002-5940-0063
A5004328980,Yongxue Tian,
A5100620216,Li Pan,https://orcid.org/0000-0002-0424-9845
A5044818286,Hengtao He,https://orcid.org/0000-0002-4659-6941
A5039289964,Geoffrey Ye Li,https://orcid.org/0000-0002-7894-2415
A5109280540,Zongben Xu,https://orcid.org/0000-0002-4066-2338
A5100712470,Xuhong Li,https://orcid.org/0000-0002-2582-8256
A5081254155,Haoyi Xiong,https://orcid.org/0000-0002-5451-3253
A5100770663,Xingjian Li,https://orcid.org/0000-0001-8073-7552
A5102530689,Xuanyu Wu,https://orcid.org/0009-0009-8607-9381
A5100750868,Xiao Zhang,https://orcid.org/0000-0003-4886-7327
A5100396339,Ji Liu,https://orcid.org/0000-0003-4710-5697
A5021438219,Jiang Bian,https://orcid.org/0000-0001-6997-1989
A5021332177,Dejing Dou,https://orcid.org/0000-0003-2949-6874
A5074032555,Xuelin Qian,https://orcid.org/0000-0001-8049-7288
A5014436524,Tao Xiang,https://orcid.org/0000-0002-2530-1059
A5100755181,Wenxuan Wang,https://orcid.org/0000-0001-7172-8662
A5108624087,Jie Qiu,
A5100741279,Yang Wu,https://orcid.org/0000-0001-8010-6857
A5100664416,Chao Liu,https://orcid.org/0000-0003-0696-3943
A5026167547,Zuxuan Wu,https://orcid.org/0000-0002-8689-5807
A5100686112,Xi Wang,https://orcid.org/0000-0003-0260-1160
A5100427158,Hao Ye,https://orcid.org/0000-0002-5939-4708
A5064149604,Hui Li,https://orcid.org/0000-0003-4550-7879
A5049469328,Tianyang Xu,https://orcid.org/0000-0002-9015-3128
A5087450445,Xiao‐Jun Wu,https://orcid.org/0000-0002-0310-5778
A5028209738,Josef Kittler,https://orcid.org/0000-0002-8110-9205
A5108393212,Li Shen,https://orcid.org/0000-0002-2283-4976
A5016399094,Zhouchen Lin,https://orcid.org/0000-0003-1493-7569
A5028597017,Qingming Huang,https://orcid.org/0000-0001-7542-296X
A5101926293,Yansong Tang,https://orcid.org/0000-0002-1534-4549
A5100752649,Yi Tian,https://orcid.org/0000-0001-6054-7970
A5101907160,Peiyang Li,https://orcid.org/0000-0002-3937-2560
A5052453289,Zhenlong Yuan,https://orcid.org/0009-0009-2542-0179
A5101839087,Yongqiang Lü,https://orcid.org/0000-0002-5090-6404
A5109879581,Yibo Xue,
A5100658181,Xin Li,https://orcid.org/0000-0002-1670-1368
A5068027800,Baoyuan Wu,https://orcid.org/0000-0003-2183-5990
A5100740564,Zhenyu He,https://orcid.org/0000-0002-2546-8721
A5101707696,Yahui Jiang,https://orcid.org/0000-0001-8233-8299
A5011506864,Meng Yang,https://orcid.org/0000-0003-0474-128X
A5100648787,Shuhao Wang,https://orcid.org/0000-0002-5467-3548
A5090763809,Xiangchun Li,https://orcid.org/0000-0002-2230-2152
A5025910593,Yan Sun,https://orcid.org/0000-0001-8916-9598
A5079066710,Wei Liu,https://orcid.org/0000-0002-3840-1980
A5058194829,Jielin Qiu,https://orcid.org/0000-0002-7384-1324
A5056335002,Wei‐Long Zheng,https://orcid.org/0000-0002-9474-6369
A5040440605,Bao‐Liang Lu,https://orcid.org/0000-0001-8359-0058
A5065953780,Yujie You,https://orcid.org/0000-0002-0670-6755
A5010224302,Xin Lai,https://orcid.org/0000-0003-4913-5822
A5101465265,Yi Pan,https://orcid.org/0000-0002-2766-3096
A5024401909,Huiru Zheng,https://orcid.org/0000-0001-7648-8709
A5067743298,Julio Vera,https://orcid.org/0000-0002-3076-5122
A5081639692,Suran Liu,
A5004289873,Senyi Deng,https://orcid.org/0000-0002-3278-3375
A5100350625,Le Zhang,https://orcid.org/0000-0002-3708-1727
A5068141067,Runpeng Cui,https://orcid.org/0000-0002-4737-788X
A5100680695,Hu Liu,https://orcid.org/0000-0003-2225-7387
A5112496743,Pingbo Pan,
A5062979221,Zhongwen Xu,https://orcid.org/0000-0002-9348-7262
A5025349049,Wenbin Zhang,https://orcid.org/0009-0001-7607-3682
A5092208818,Qi Liu,https://orcid.org/0009-0001-4269-3381
A5110053681,Dong Wu,https://orcid.org/0009-0005-3376-2057
A5067760016,Yuankun Li,https://orcid.org/0000-0002-1787-499X
A5101687728,Qi Qin,https://orcid.org/0000-0001-9932-9057
A5100326762,Jiaming Li,https://orcid.org/0009-0006-1764-324X
A5103138440,Zhenhua Zhu,https://orcid.org/0009-0007-9259-7180
A5059230683,Yi Cai,https://orcid.org/0000-0002-1694-7413
A5044857350,Dabin Wu,https://orcid.org/0009-0002-6800-9207
A5100445061,Yu Wang,https://orcid.org/0000-0001-6108-5157
A5090964459,Zhigang Song,https://orcid.org/0000-0002-3228-1674
A5086878236,Shuangmei Zou,https://orcid.org/0000-0001-8539-6291
A5005508763,Weixun Zhou,https://orcid.org/0000-0002-7459-7343
A5001048312,Yong Huang,https://orcid.org/0000-0003-2252-9709
A5102879451,Liwei Shao,https://orcid.org/0000-0002-8012-7241
A5036900554,Jing Yuan,https://orcid.org/0000-0002-3923-925X
A5108272513,Xiangnan Gou,
A5090771026,Wei Jin,https://orcid.org/0000-0002-6844-4324
A5101878679,Zhanbo Wang,https://orcid.org/0000-0002-4316-887X
A5100624798,Xin Chen,https://orcid.org/0009-0005-0200-2493
A5101966201,Xiaohui Ding,https://orcid.org/0009-0002-1738-6918
A5112787835,Jinhong Liu,
A5038628158,Chunkai Yu,
A5026109615,Calvin Ku,
A5028046917,Cancheng Liu,
A5100779930,Zhuo Sun,https://orcid.org/0000-0003-3347-0765
A5049642190,Gang Xu,https://orcid.org/0000-0003-0616-878X
A5100602341,Yuefeng Wang,https://orcid.org/0009-0005-7133-5830
A5100434637,Xiaoqing Zhang,https://orcid.org/0000-0002-8114-7121
A5100462147,Dandan Wang,https://orcid.org/0000-0001-6334-6330
A5070905937,Wei Xu,https://orcid.org/0000-0002-7044-3232
A5102023068,Richard Davis,https://orcid.org/0000-0001-8219-2939
A5027594257,Huaiyin Shi,https://orcid.org/0000-0003-3168-9712
A5101230845,Hu Xu,
A5100339927,Bing Liu,https://orcid.org/0000-0002-4096-6980
A5007723627,Lei Shu,https://orcid.org/0000-0002-6700-9347
A5100634431,Zhifeng Li,https://orcid.org/0000-0002-9653-7907
A5100378792,Tong Zhang,https://orcid.org/0000-0002-5511-2558
A5017846156,Sanjay Purushotham,https://orcid.org/0000-0003-4315-7916
A5079044416,Zhengping Che,https://orcid.org/0000-0001-6818-1125
A5100351175,Yan Liu,https://orcid.org/0000-0003-4242-4840
A5032710276,Sensong An,https://orcid.org/0000-0003-4098-916X
A5061760255,Clayton Fowler,
A5023828194,Bowen Zheng,https://orcid.org/0000-0002-7252-962X
A5044853564,Mikhail Y. Shalaginov,https://orcid.org/0000-0002-1251-7766
A5047412687,Hong Tang,https://orcid.org/0000-0002-2105-7781
A5115602803,Hang Li,https://orcid.org/0000-0002-1041-320X
A5100452292,L. P. Zhou,https://orcid.org/0000-0001-6989-8080
A5011972125,Jun Ding,https://orcid.org/0000-0001-5741-8115
A5091609101,Anu Agarwal,https://orcid.org/0000-0001-5264-1123
A5071120446,Clara Rivero‐Baleine,https://orcid.org/0000-0002-5041-4864
A5034189303,Kathleen Richardson,https://orcid.org/0000-0002-2960-6714
A5040744605,Tian Gu,https://orcid.org/0000-0003-3989-6927
A5111985787,Juejun Hu,https://orcid.org/0000-0002-7233-3918
A5012003018,Hualiang Zhang,https://orcid.org/0000-0002-2667-5474
A5051512158,Guandong Xu,https://orcid.org/0000-0003-4493-6663
A5007571956,Haochao Ying,https://orcid.org/0000-0001-7832-2518
A5071068569,Jian Wu,https://orcid.org/0000-0002-3230-6392
A5079985761,Manhua Liu,https://orcid.org/0000-0001-6496-670X
A5045441566,Danni Cheng,https://orcid.org/0000-0003-0368-6258
A5030433279,Kundong Wang,https://orcid.org/0000-0003-3969-5148
A5100455016,Yaping Wang,https://orcid.org/0000-0002-4956-6385
A5101816319,Yu Hu,https://orcid.org/0000-0002-6302-3539
A5020006712,Yongkang Wong,https://orcid.org/0000-0002-1239-4428
A5060505685,Wentao Wei,https://orcid.org/0000-0002-9466-9922
A5100379832,Yu Du,https://orcid.org/0000-0003-0368-1115
A5016415049,Mohan Kankanhalli,https://orcid.org/0000-0002-4846-2015
A5100379826,Weidong Geng,https://orcid.org/0000-0002-2709-396X
A5100335043,Jun Wang,https://orcid.org/0000-0002-5901-9019
A5037340457,Shih‐Fu Chang,https://orcid.org/0000-0003-1444-1205
A5101488529,Guorun Yang,https://orcid.org/0000-0002-4844-751X
A5078109015,Hengshuang Zhao,https://orcid.org/0000-0001-8277-2706
A5102011846,Zhidong Deng,https://orcid.org/0000-0001-9970-1023
A5052856441,Jiaya Jia,https://orcid.org/0000-0002-1246-553X
A5072267482,Liqiang Zhou,https://orcid.org/0000-0002-1184-4036
A5101918099,Xinglong Wu,https://orcid.org/0000-0001-9778-0864
A5058252399,Shuyan Huang,https://orcid.org/0000-0002-7050-9553
A5039356090,Ge-Ge Wu,
A5031078304,Hua-Rong Ye,https://orcid.org/0000-0003-2313-6755
A5064307000,Qi Wei,https://orcid.org/0000-0003-0923-8413
A5101948485,Youbin Deng,https://orcid.org/0000-0002-3369-6855
A5100733924,Xingrui Li,https://orcid.org/0000-0002-6572-7740
A5076557284,Xin‐Wu Cui,https://orcid.org/0000-0003-3890-6660
A5034913846,Christoph F. Dietrich,https://orcid.org/0000-0001-6015-6347
A5100621605,Jiajun Wu,https://orcid.org/0000-0002-4176-343X
A5100411376,Yinan Yu,https://orcid.org/0000-0002-3221-7517
A5087351521,Chang Huang,https://orcid.org/0000-0002-8621-4581
A5100692616,Kai Yu,https://orcid.org/0000-0001-6752-6216
A5110109385,Deepak Kumar Jain,https://orcid.org/0000-0002-3400-1613
A5079232252,Pourya Shamsolmoali,https://orcid.org/0000-0002-0263-1661
A5029551946,Paramjit Sehdev,
A5077143737,Jiang Lu,https://orcid.org/0000-0002-2303-6116
A5035602823,Jie Hu,https://orcid.org/0000-0002-3893-1594
A5103166069,Guannan Zhao,https://orcid.org/0009-0006-0867-2962
A5076957223,Fenghua Mei,
A5108030232,Kevin Lin,https://orcid.org/0000-0001-8944-1336
A5072890368,Chu‐Song Chen,https://orcid.org/0000-0002-2959-2471
A5040170630,Benfeng Wang,https://orcid.org/0000-0002-5743-0664
A5100404816,Ning Zhang,https://orcid.org/0000-0001-5580-2244
A5011509629,Wenkai Lu,https://orcid.org/0000-0003-0249-2144
A5022881493,Chenglong Zhao,https://orcid.org/0000-0002-4583-4258
A5014362734,Bingbing Ni,https://orcid.org/0000-0001-7339-028X
A5100410095,Jian Zhang,https://orcid.org/0000-0003-4410-3741
A5104320303,Qiwei Zhao,
A5100447806,Wenjun Zhang,https://orcid.org/0000-0001-8799-1182
A5025474414,Dong Liang,https://orcid.org/0000-0001-6257-0875
A5078397516,Jing Cheng,https://orcid.org/0000-0001-9098-8048
A5069526242,Ziwen Ke,https://orcid.org/0000-0003-3298-8220
A5075561442,Leslie Ying,https://orcid.org/0000-0001-9801-1362
A5100450115,Xiaolei Zhang,https://orcid.org/0000-0003-0117-7599
A5100702153,Tao Lin,https://orcid.org/0000-0001-9721-5363
A5104004071,Jinfan Xu,
A5101423496,Xuan Luo,https://orcid.org/0000-0002-3720-1370
A5100451640,Yibin Ying,https://orcid.org/0000-0002-3392-9380
A5050817770,Jun Yu,https://orcid.org/0000-0003-1922-7283
A5101652488,Fei Gao,https://orcid.org/0000-0002-8714-0975
A5074103823,Dacheng Tao,https://orcid.org/0000-0001-7225-5449
A5100445660,Yan Xu,https://orcid.org/0000-0002-2636-7594
A5045088468,Mo Tao,https://orcid.org/0000-0001-8036-2682
A5035882295,Qiwei Feng,https://orcid.org/0000-0003-3137-7612
A5062439923,Peilin Zhong,https://orcid.org/0009-0001-1136-9538
A5087371112,Maode Lai,https://orcid.org/0000-0001-6830-9774
A5087298985,Eric Chang,https://orcid.org/0000-0002-9678-5994
A5102222869,Wenguang Jin,
A5109059171,Weidong Geng,
A5100406718,Liwei Wang,https://orcid.org/0000-0002-6345-032X
A5083092802,Yu‐Chin Chan,https://orcid.org/0000-0002-5510-7863
A5040705509,Faez Ahmed,https://orcid.org/0000-0002-5227-2628
A5100364709,Zhao Liu,https://orcid.org/0000-0002-0673-3235
A5085346031,Ping Zhu,https://orcid.org/0000-0002-1153-0379
A5100344439,Wei Chen,https://orcid.org/0000-0002-4653-7124
A5100391502,Dong Wang,https://orcid.org/0000-0002-7588-9532
A5100694032,Wei Cao,https://orcid.org/0000-0002-3872-3226
A5100402538,Jian Li,https://orcid.org/0000-0002-7725-4346
A5048045064,Tianming Sun,
A5015950149,Bin Feng,https://orcid.org/0000-0001-5055-9521
A5061618234,Jinpeng Huo,https://orcid.org/0000-0001-7858-0648
A5055163989,Yu Xiao,https://orcid.org/0000-0002-3849-6895
A5004422633,Wengan Wang,https://orcid.org/0000-0002-4235-3686
A5102725638,Jin Peng,https://orcid.org/0000-0003-0611-946X
A5100722187,Zehua Li,https://orcid.org/0009-0000-0120-0256
A5112571738,Wenxian Wang,https://orcid.org/0000-0001-5705-7866
A5113541640,Guisheng Zou,https://orcid.org/0000-0003-1824-9261
A5100647065,Lei Liu,https://orcid.org/0000-0002-3368-5136
A5100395440,Bin Liu,https://orcid.org/0000-0001-8520-6849
A5102798361,Yutong Lin,https://orcid.org/0000-0001-8038-4064
A5100350165,Qi Li,https://orcid.org/0000-0001-8776-8730
A5101976576,Han Hu,https://orcid.org/0000-0001-5104-6146
A5065001783,Ji Lin,https://orcid.org/0000-0001-6053-4344
A5027286013,Xiangxiang Zeng,https://orcid.org/0000-0003-1081-7658
A5031557839,Siyi Zhu,https://orcid.org/0000-0003-2552-2203
A5021219842,Weiqiang Lü,https://orcid.org/0000-0003-1349-6597
A5101576483,Zehui Liu,https://orcid.org/0000-0002-8026-449X
A5071401771,Jin Huang,https://orcid.org/0000-0002-0698-1693
A5076504705,Yadi Zhou,https://orcid.org/0000-0002-6049-0545
A5029470846,Jiansong Fang,https://orcid.org/0000-0002-6998-5384
A5046596147,Yin Huang,https://orcid.org/0000-0001-9678-2630
A5010636074,Huimin Guo,https://orcid.org/0009-0007-0490-2289
A5100383612,Lang Li,https://orcid.org/0000-0002-0746-1809
A5044468051,Bruce D. Trapp,https://orcid.org/0000-0001-6682-3737
A5025357844,Ruth Nussinov,https://orcid.org/0000-0002-8115-6415
A5038322204,Charis Eng,https://orcid.org/0000-0002-3693-5145
A5028396638,Joseph Loscalzo,https://orcid.org/0000-0002-1153-8047
A5021122269,Feixiong Cheng,https://orcid.org/0000-0002-1736-2847
A5109409333,Xinli Yang,
A5081036622,David Lo,https://orcid.org/0000-0002-4367-7201
A5006669765,Xin Xia,https://orcid.org/0000-0002-6302-3256
A5100356803,Yun Zhang,https://orcid.org/0000-0002-3394-285X
A5085708669,Jianling Sun,
A5100323037,Guang Chen,https://orcid.org/0000-0002-7416-592X
A5101631497,Haitao Wang,https://orcid.org/0000-0001-6246-6402
A5100450024,Zhijun Li,https://orcid.org/0000-0002-3909-488X
A5044294557,Zida Song,https://orcid.org/0000-0003-1182-1712
A5013630392,Yinlong Liu,https://orcid.org/0000-0002-6468-8233
A5101542024,Wenkai Chen,https://orcid.org/0000-0003-0169-8896
A5063781430,Alois Knoll,https://orcid.org/0000-0003-4840-076X
A5100341993,Yanmin Qian,https://orcid.org/0000-0002-0314-3790
A5036369578,Mengxiao Bi,https://orcid.org/0009-0007-6680-481X
A5101667381,Tian Tan,https://orcid.org/0000-0002-4723-0044
A5043098653,Kai Yu,https://orcid.org/0000-0002-7102-9826
A5101324132,Jiayi Zhu,https://orcid.org/0009-0000-4094-1735
A5056881797,Yong Peng,https://orcid.org/0000-0003-1208-972X
A5100390092,Haitao Zhao,https://orcid.org/0000-0002-1415-2617
A5100819880,Shaoyuan Sun,
A5101748265,Bo Jin,https://orcid.org/0000-0003-1028-5989
A5100699095,Hu Liu,https://orcid.org/0000-0003-3840-8135
A5101410989,Kai Cao,https://orcid.org/0000-0002-7939-7279
A5075005282,Yingda Xia,https://orcid.org/0000-0002-7478-4392
A5075245264,Jiawen Yao,https://orcid.org/0000-0001-7429-2964
A5083405314,Xu Han,https://orcid.org/0000-0002-0238-543X
A5078508839,Lukáš Lambert,https://orcid.org/0000-0003-2299-4707
A5007414392,Tingting Zhang,https://orcid.org/0000-0002-2612-0014
A5052588272,Wei Tang,https://orcid.org/0000-0001-8613-4285
A5073844760,Gang Jin,https://orcid.org/0000-0001-6713-1185
A5100742769,Hui Jiang,https://orcid.org/0000-0003-3972-1297
A5064400428,Xu Fang,https://orcid.org/0000-0001-5795-9843
A5091436776,Isabella Nogues,
A5072435024,Xuezhou Li,
A5014951606,Wenchao Guo,https://orcid.org/0000-0002-0445-1859
A5107306837,Yu Wang,https://orcid.org/0000-0001-8697-2940
A5100410148,Wei Fang,https://orcid.org/0000-0002-3695-8187
A5062168471,Mingyan Qiu,
A5009043671,Yang Hou,https://orcid.org/0000-0002-9184-5441
A5024193967,Tomáš Kovárník,https://orcid.org/0000-0001-8308-4657
A5076719276,Michal Vočka,https://orcid.org/0000-0002-9386-657X
A5101898849,Yimei Lu,https://orcid.org/0000-0002-0997-910X
A5102745049,Yingli Chen,https://orcid.org/0000-0003-0937-3375
A5066365496,Xin Chen,https://orcid.org/0000-0003-3561-2691
A5112227828,Zaiyi Liu,https://orcid.org/0000-0003-3296-9759
A5100755237,Jian Zhou,https://orcid.org/0000-0002-6868-9866
A5045641777,Chuanmiao Xie,https://orcid.org/0000-0001-8533-623X
A5100451812,Rong Zhang,https://orcid.org/0000-0003-1188-0640
A5025298001,Hong Lu,https://orcid.org/0009-0008-5458-4095
A5041383246,Gregory D. Hager,https://orcid.org/0000-0002-6662-9763
A5086706224,Alan Yuille,https://orcid.org/0000-0001-5207-9249
A5045227579,Le Lü,https://orcid.org/0000-0002-6799-9416
A5002125792,Chengwei Shao,https://orcid.org/0000-0002-9304-1252
A5100328458,Yu Shi,https://orcid.org/0000-0003-1940-0074
A5101429850,Qi Zhang,https://orcid.org/0000-0002-6096-0690
A5115590360,Tingbo Liang,https://orcid.org/0000-0003-0143-3353
A5038765418,Ling Zhang,https://orcid.org/0000-0001-8371-5252
A5047591121,Jianping Lu,https://orcid.org/0000-0002-0380-7470
A5040877128,Chuang Gan,https://orcid.org/0000-0003-4031-5886
A5100742122,Naiyan Wang,https://orcid.org/0000-0002-0526-3331
A5081911954,Dit-Yan Yeung,
A5103099928,Alexander G. Hauptmann,https://orcid.org/0000-0003-2123-0684
A5015001757,Congyuan Xu,https://orcid.org/0000-0001-7020-3119
A5043025337,Jizhong Shen,https://orcid.org/0000-0002-9031-2379
A5040636728,Xin Du,https://orcid.org/0000-0002-6215-9733
A5102724834,Fan Zhang,https://orcid.org/0000-0001-7456-8377
A5074707604,Zeju Li,https://orcid.org/0000-0002-4608-2959
A5026449840,Jinhua Yu,https://orcid.org/0000-0002-0654-6034
A5049706279,Yi Guo,https://orcid.org/0000-0002-7142-2871
A5100694034,Wei Cao,https://orcid.org/0000-0003-0339-7093
A5071429662,Dayan Guan,https://orcid.org/0000-0001-9752-1520
A5100627570,Yanpeng Cao,https://orcid.org/0000-0002-3052-4820
A5109578935,Jiangxin Yang,
A5031390008,Yanlong Cao,https://orcid.org/0000-0003-0383-6586
A5014321482,Michael Ying Yang,https://orcid.org/0000-0002-0649-9987
A5002494284,Hongkai Xiong,https://orcid.org/0000-0003-4552-0029
A5046805800,Wengang Zhou,https://orcid.org/0000-0003-1690-9836
A5070617771,Fang Wen,https://orcid.org/0000-0002-3170-8971
A5076872319,Wujie Zhou,https://orcid.org/0000-0002-3055-2493
A5101763630,Jinfu Liu,https://orcid.org/0009-0001-0994-9146
A5065496543,Jingsheng Lei,https://orcid.org/0000-0002-2445-0925
A5106403416,Lu Yu,https://orcid.org/0000-0002-0550-7754
A5101702810,Jenq–Neng Hwang,https://orcid.org/0000-0002-8877-2421
A5051826701,Yuhui Yuan,https://orcid.org/0000-0002-8345-4205
A5023035795,Kuiyuan Yang,https://orcid.org/0000-0003-3063-2925
A5100460139,Chao Zhang,https://orcid.org/0000-0002-1018-4144
A5100411532,Xiao Wang,https://orcid.org/0000-0003-4435-7098
A5083813855,Rui Jiang,https://orcid.org/0000-0002-3866-5388
A5033750817,Yilun Lin,https://orcid.org/0000-0001-6662-1916
A5062424202,Xinhu Zheng,https://orcid.org/0000-0002-9898-5543
A5004379956,Zhifen Zhang,https://orcid.org/0000-0003-2086-6808
A5032844333,Guangrui Wen,https://orcid.org/0000-0002-2133-9594
A5101650854,Shanben Chen,https://orcid.org/0000-0002-6054-3758
A5100391361,Jianhua Li,https://orcid.org/0000-0002-6831-3973
A5060197545,Rushi Jiao,https://orcid.org/0009-0008-5627-1148
A5100444188,Yichi Zhang,https://orcid.org/0000-0002-4292-6835
A5101205273,Le Ding,
A5109374719,Bingsen Xue,
A5075102795,Jicong Zhang,https://orcid.org/0000-0002-3325-5371
A5044751571,Rong Cai,https://orcid.org/0000-0001-6793-5765
A5002164849,Cheng Jin,https://orcid.org/0000-0002-0430-703X
A5020100372,Chao Peng,https://orcid.org/0000-0003-4069-4775
A5041246275,Tete Xiao,https://orcid.org/0009-0006-6440-2393
A5064029351,Zeming Li,https://orcid.org/0000-0002-1599-2853
A5074655314,Yuning Jiang,https://orcid.org/0000-0002-7145-0995
A5000699866,Kai Jia,https://orcid.org/0000-0001-6192-7094
A5003400275,Gang Yu,https://orcid.org/0000-0001-5570-2710
A5101425421,Jian Sun,https://orcid.org/0000-0001-6270-2698
A5100326965,Jianwei Zhang,https://orcid.org/0000-0002-3219-0801
A5102972973,Xu Zou,https://orcid.org/0000-0002-9471-1481
A5102025315,Chang Zhou,https://orcid.org/0000-0001-9241-702X
A5102025157,Mo Yu,https://orcid.org/0000-0002-5805-3442
A5076476133,Qianhui Wu,https://orcid.org/0000-0001-9567-4128
A5039727796,Biqing Huang,https://orcid.org/0000-0002-5600-7055
A5102841171,Haibing Wu,https://orcid.org/0000-0002-6460-7093
A5000141628,Xiaodong Gu,https://orcid.org/0000-0002-7096-1830
A5100462338,Zhe Liu,https://orcid.org/0000-0001-6753-0303
A5042268476,Shunbo Zhou,https://orcid.org/0000-0002-6077-4951
A5082940158,Chuanzhe Suo,https://orcid.org/0000-0001-5300-0993
A5074010026,Peng Yin,https://orcid.org/0000-0001-8398-0988
A5049316918,Wen Chen,https://orcid.org/0000-0001-6754-6612
A5107772128,Hesheng Wang,https://orcid.org/0000-0002-9959-1634
A5040338788,Haoang Li,https://orcid.org/0000-0002-1576-9408
A5100707660,Yunhui Liu,https://orcid.org/0000-0002-3625-6679
A5084784341,Xiaojun Jia,https://orcid.org/0000-0002-2018-9344
A5079657274,Xingxing Wei,https://orcid.org/0000-0002-0778-8377
A5068837264,Xiaochun Cao,https://orcid.org/0000-0001-7141-708X
A5076117344,Hassan Foroosh,https://orcid.org/0000-0002-7601-8165
A5007263180,Shengnan Tang,https://orcid.org/0000-0002-6417-0143
A5070288761,Shouqi Yuan,https://orcid.org/0000-0001-6128-6899
A5017180879,Yong Zhu,https://orcid.org/0000-0001-6217-088X
A5045648457,Lei Xiang,https://orcid.org/0000-0002-0763-2313
A5101435334,Le An,https://orcid.org/0000-0001-7677-6006
A5006302877,Weili Lin,https://orcid.org/0000-0002-2900-8204
A5101887641,Hui Liu,https://orcid.org/0000-0002-6202-7917
A5100405185,Zhenyu Liu,https://orcid.org/0000-0003-2463-4553
A5077446544,Xianke Lin,https://orcid.org/0000-0001-5695-248X
A5069080329,Xiaolei Zhang,https://orcid.org/0000-0002-5030-4948
A5014958566,Ji Wu,https://orcid.org/0000-0001-6170-726X
A5089555942,Hui Han,https://orcid.org/0000-0003-3811-5682
A5100341750,Wenyuan Wang,https://orcid.org/0000-0002-8516-9168
A5059956497,Binghuan Mao,
A5019542310,Guangcan Liu,https://orcid.org/0000-0002-9428-4387
A5100381753,Shuicheng Yan,https://orcid.org/0000-0001-8906-3777
A5011253128,Ju Sun,https://orcid.org/0000-0002-2017-5903
A5062841020,Yi Ma,https://orcid.org/0000-0001-5485-419X
A5100337209,Min Chen,https://orcid.org/0000-0002-0960-4447
A5080122431,Shiwen Mao,https://orcid.org/0000-0002-7052-0007
A5101877971,Yunhao Liu,https://orcid.org/0000-0002-6262-3313
A5103009752,Jiarui Xu,https://orcid.org/0000-0003-2568-9492
A5025114648,Stephen Lin,https://orcid.org/0000-0002-5616-558X
A5090973869,Fangyun Wei,https://orcid.org/0000-0001-8784-4916
A5067994505,Xiaosheng Si,https://orcid.org/0000-0001-5226-9923
A5100329735,Wenbin Wang,https://orcid.org/0000-0003-4950-005X
A5111530453,Chang-Hua Hu,
A5110042075,Dong-Hua Zhou,
A5101819284,Yifan Feng,https://orcid.org/0000-0003-0878-2986
A5084753767,Haoxuan You,https://orcid.org/0000-0002-7912-4035
A5101566829,Zizhao Zhang,https://orcid.org/0000-0001-7329-6461
A5016080094,Rongrong Ji,https://orcid.org/0000-0001-9163-2932
A5028459386,Ya Su,https://orcid.org/0000-0002-4432-1135
A5101491459,Youjian Zhao,https://orcid.org/0000-0001-9841-1796
A5010833451,Chenhao Niu,
A5100346454,Rong Liu,https://orcid.org/0000-0001-7176-1999
A5101618534,Wei Sun,https://orcid.org/0000-0002-0317-583X
A5008668773,Qu Guihong,
A5021385278,Dali Zhang,https://orcid.org/0000-0002-7945-4042
A5100900087,Yan Pingfan,
A5070328223,Wangjiang Zhu,
A5043630267,Shuang Liang,https://orcid.org/0000-0003-0457-6093
A5037419606,Jian Sun,https://orcid.org/0000-0001-7206-0641
A5100764495,Yi Wang,https://orcid.org/0000-0003-1143-0666
A5043873168,Qixin Chen,https://orcid.org/0000-0002-3733-8641
A5083607419,Tao Hong,https://orcid.org/0000-0003-2421-7290
A5100447205,Chongqing Kang,https://orcid.org/0000-0003-2296-8250
A5100621138,Zhi‐Hua Zhou,https://orcid.org/0000-0003-0746-1494
A5060673071,Xuying Liu,https://orcid.org/0000-0001-9190-4651
A5100320372,Zhongheng Zhang,https://orcid.org/0000-0002-2336-5323
A5100411469,Xiao Wang,https://orcid.org/0000-0002-4444-7811
A5080121059,Eric W.T. Ngai,https://orcid.org/0000-0002-7278-7434
A5024364300,Dennis Chau,
A5101740194,Qiyi Tang,https://orcid.org/0000-0002-9265-3011
A5055500444,Chuan‐Xi Zhang,https://orcid.org/0000-0002-7784-1188
A5103123809,Weitao Shen,https://orcid.org/0000-0002-9947-418X
A5102789626,Ziguang Song,https://orcid.org/0000-0002-9517-5641
A5069052553,Xiao Yan Zhong,https://orcid.org/0000-0003-2883-3664
A5101894451,Mei Huang,https://orcid.org/0000-0003-0685-7841
A5079209153,Danting Shen,https://orcid.org/0000-0002-0742-7686
A5100992718,Pingping Gao,
A5103010017,Xiaoqian Qian,https://orcid.org/0009-0009-6033-1024
A5100429658,Mengmeng Wang,https://orcid.org/0000-0001-8833-8644
A5101911268,Xiubin He,https://orcid.org/0000-0001-6786-1284
A5060833227,Tonglian Wang,
A5100415965,Shuang Li,https://orcid.org/0000-0003-3647-9802
A5035942249,Xiang Song,https://orcid.org/0000-0002-1575-2307
A5112985153,Zhenda Xie,
A5074566006,Jianmin Bao,
A5012287052,Zhuliang Yao,
A5101456786,Qi Dai,https://orcid.org/0000-0002-4693-2968
A5033418193,Tien Tuan Anh Dinh,https://orcid.org/0000-0002-8158-3636
A5100448620,Rui Liu,https://orcid.org/0000-0003-2115-8491
A5032263010,Meihui Zhang,https://orcid.org/0000-0002-0752-9877
A5100389286,Gang Chen,https://orcid.org/0000-0002-7483-0045
A5024892041,Beng Chin Ooi,https://orcid.org/0000-0003-4446-1100
A5046184004,Ji Wang,https://orcid.org/0000-0002-4199-2793
A5065090299,Li Fu,https://orcid.org/0009-0002-1800-757X
A5031269444,Shaohua Shi,https://orcid.org/0000-0002-0402-9244
A5066240587,Jiacai Yi,https://orcid.org/0000-0001-6823-1882
A5115591364,Ningning Wang,https://orcid.org/0000-0002-8947-7619
A5029317075,Yuanhang He,https://orcid.org/0000-0001-7853-7439
A5100611600,Zhenhua Wu,https://orcid.org/0000-0003-4552-883X
A5112111434,Jinfu Peng,
A5082807643,Youchao Deng,https://orcid.org/0000-0003-1367-2677
A5106746626,Wenxuan Wang,https://orcid.org/0000-0002-9803-8204
A5054335730,Chengkun Wu,https://orcid.org/0000-0002-9688-5311
A5112127369,Aiping Lyu,
A5103149594,Wentao Zhao,https://orcid.org/0000-0002-2906-3238
A5083809384,Dongsheng Cao,https://orcid.org/0000-0003-3604-3785
A5008847016,Nai Ding,https://orcid.org/0000-0003-3428-2723
A5019045358,Lucía Melloni,https://orcid.org/0000-0001-8743-5071
A5100438469,Hang Zhang,https://orcid.org/0000-0002-9771-0660
A5049073273,Xing Tian,https://orcid.org/0000-0003-1629-6304
A5033417964,David Poeppel,https://orcid.org/0000-0003-0184-163X
A5100413882,Yitong Li,https://orcid.org/0000-0003-3567-1544
A5100462815,Jiawei Zhang,https://orcid.org/0000-0001-8682-1763
A5025213473,Yizhou Sun,https://orcid.org/0000-0003-1812-6843
A5061963412,Yan Song,https://orcid.org/0000-0002-6729-2672
A5057666375,Ying Lü,https://orcid.org/0000-0002-7698-8962
A5016054994,Chiyuan Zhang,
A5051324698,Predrag Radivojac,https://orcid.org/0000-0002-6769-0793
A5091494022,Wyatt T. Clark,https://orcid.org/0000-0002-5041-3669
A5088095437,Tal Oron,https://orcid.org/0000-0001-9485-2738
A5017236112,Alexandra M. Schnoes,https://orcid.org/0000-0003-2727-7758
A5003257949,Tobias Wittkop,
A5081885843,Artem Sokolov,https://orcid.org/0000-0002-8056-0504
A5009087038,Kiley Graim,https://orcid.org/0000-0002-4569-8444
A5103564288,Christopher S. Funk,
A5067214173,Karin Verspoor,https://orcid.org/0000-0002-8661-1544
A5005013902,Asa Ben‐Hur,https://orcid.org/0000-0001-8269-6942
A5004812994,Gaurav Pandey,https://orcid.org/0000-0003-1939-679X
A5061281385,Jeffrey M. Yunes,https://orcid.org/0000-0003-1869-3231
A5029768722,Ameet Talwalkar,https://orcid.org/0000-0001-6650-1893
A5044075177,Susanna Repo,https://orcid.org/0000-0003-3488-4767
A5045117723,Michael L Souza,
A5000882827,Damiano Piovesan,https://orcid.org/0000-0001-8210-2390
A5053410790,Rita Casadio,https://orcid.org/0000-0002-7462-7039
A5100401128,Zheng Wang,https://orcid.org/0009-0005-6678-8106
A5044354277,Jianlin Cheng,https://orcid.org/0000-0003-0305-2853
A5015356302,Hai Fang,https://orcid.org/0000-0003-3961-8572
A5064008781,Julian Gough,https://orcid.org/0000-0002-1965-4982
A5110295182,Patrik Koskinen,
A5030987435,Petri Törönen,https://orcid.org/0000-0003-4764-9790
A5063152758,Jussi Nokso-Koivisto,
A5064498279,Liisa Holm,https://orcid.org/0000-0002-7807-2966
A5078956440,Domenico Cozzetto,https://orcid.org/0000-0001-6752-5432
A5087098726,Daniel Buchan,https://orcid.org/0000-0001-7391-4696
A5063296381,Kevin Bryson,https://orcid.org/0000-0002-1163-6368
A5068654082,David T. Jones,https://orcid.org/0000-0001-8626-3765
A5076801999,Bhakti Limaye,
A5039299193,Harshal Inamdar,
A5020270902,Avik Datta,https://orcid.org/0000-0002-1411-8638
A5031301033,Sunitha K Manjari,
A5041136744,Rajendra Joshi,https://orcid.org/0000-0003-1299-0091
A5052043994,Meghana Chitale,
A5062293219,Daisuke Kihara,https://orcid.org/0000-0003-4091-6614
A5076793372,Andreas Martin Lisewski,https://orcid.org/0000-0003-3403-6880
A5083076717,Serkan Erdin,https://orcid.org/0000-0001-6587-2625
A5069797911,Eric Venner,https://orcid.org/0000-0002-3319-6690
A5023680746,Olivier Lichtarge,https://orcid.org/0000-0003-4057-7122
A5066040388,Robert Rentzsch,https://orcid.org/0000-0003-0932-8777
A5090395493,Haixuan Yang,https://orcid.org/0000-0002-8724-4192
A5000459620,Alfonso E. Romero,https://orcid.org/0000-0001-8855-5569
A5005567984,Prajwal Bhat,
A5030607460,Alberto Paccanaro,https://orcid.org/0000-0001-8059-1346
A5004159021,Tobias Hamp,
A5002198133,Rebecca Kaßner,
A5048703355,Stefan Seemayer,https://orcid.org/0000-0002-7530-9841
A5037592641,Esmeralda Vicedo,
A5100736379,Christian Schaefer,https://orcid.org/0000-0003-1867-0988
A5060340943,Dominik Achten,
A5075084280,Florian Auer,https://orcid.org/0000-0002-5320-8900
A5016525277,Ariane C. Boehm,
A5070946958,Tatjana Braun,
A5051257421,Maximilian Hecht,https://orcid.org/0000-0002-1265-4701
A5066717562,B. Mark Heron,https://orcid.org/0000-0002-2675-1369
A5020154626,Peter Hönigschmid,
A5010467904,Thomas A. Hopf,https://orcid.org/0000-0002-7476-9539
A5085630486,Stefanie Kaufmann,
A5013985684,Michael Kiening,
A5055134806,Denis Krompaß,
A5001740824,Cedric Landerer,https://orcid.org/0000-0002-2122-6506
A5090706824,Yannick Mahlich,https://orcid.org/0000-0002-0717-2927
A5041667597,Manfred Roos,
A5049143500,Jari Björne,https://orcid.org/0000-0003-1722-6404
A5105839982,Tapio Salakoski,
A5091599935,Andrew Wong,https://orcid.org/0000-0002-3127-8270
A5043310715,Hagit Shatkay,https://orcid.org/0000-0001-6953-3970
A5022216163,Fanny Gatzmann,
A5102778617,I. Sommer,https://orcid.org/0000-0002-2682-5313
A5054810742,Mark N. Wass,https://orcid.org/0000-0001-5428-6479
A5023619547,Michael J.E. Sternberg,https://orcid.org/0000-0002-1884-5445
A5062768683,Nives Škunca,
A5025364437,Fran Supek,https://orcid.org/0000-0002-7811-6711
A5016424155,Matko Bošnjak,
A5077223857,Panče Panov,https://orcid.org/0000-0002-7685-9140
A5064609702,Sašo Džeroski,https://orcid.org/0000-0003-2363-712X
A5072943068,Tomislav Šmuc,https://orcid.org/0000-0002-9185-9384
A5073342435,Yiannis Kourmpetis,
A5015936316,Aalt D. J. van Dijk,https://orcid.org/0000-0002-8872-5123
A5015139042,Cajo J. F. ter Braak,https://orcid.org/0000-0002-0414-8745
A5110411491,Yuanpeng Zhou,
A5088701980,Qingtian Gong,https://orcid.org/0000-0003-3095-0309
A5000053269,Xinran Dong,https://orcid.org/0000-0001-9868-8795
A5076347170,Weidong Tian,https://orcid.org/0000-0003-0175-1132
A5032127010,Marco Falda,https://orcid.org/0000-0003-2642-519X
A5042600667,Paolo Fontana,https://orcid.org/0000-0002-4523-4818
A5021297661,Enrico Lavezzo,https://orcid.org/0000-0002-3902-8356
A5077821068,Barbara Di Camillo,https://orcid.org/0000-0001-8415-4688
A5071924678,Stefano Toppo,https://orcid.org/0000-0002-0246-3119
A5069308334,Liang Lan,https://orcid.org/0000-0002-0427-977X
A5082498217,Nemanja Djuric,https://orcid.org/0000-0002-6502-7891
A5043824291,Yuhong Guo,https://orcid.org/0000-0002-7621-342X
A5059847153,Slobodan Vučetić,https://orcid.org/0000-0001-5884-6293
A5069843378,Amos Bairoch,https://orcid.org/0000-0003-2826-6444
A5085924022,Michal Linial,https://orcid.org/0000-0002-9357-4526
A5020002876,Patricia C. Babbitt,https://orcid.org/0000-0003-0375-9015
A5046334676,Steven E. Brenner,https://orcid.org/0000-0001-7559-6185
A5081250379,Christine Orengo,
A5064905883,Burkhard Rost,https://orcid.org/0000-0003-0179-8424
A5091092106,Dongqi Yang,
A5036179952,Huahong Shi,https://orcid.org/0000-0003-2978-0680
A5003103553,Li Lan,https://orcid.org/0000-0003-3431-9266
A5014545352,Jiana Li,https://orcid.org/0000-0002-1605-8528
A5005253316,Khalida Jabeen,
A5102984921,Prabhu Kolandhasamy,https://orcid.org/0000-0002-8452-5589
A5101919635,Shiqi Shen,https://orcid.org/0009-0002-5442-2121
A5101988542,Weiting Chen,https://orcid.org/0000-0001-5993-0737
A5100687864,Zhizhong Wang,https://orcid.org/0000-0003-4438-1143
A5101863243,Hong-Bo Xie,https://orcid.org/0000-0002-7739-3047
A5008204088,Wangxin Yu,
A5071842436,Qun Zhang,https://orcid.org/0000-0002-2388-4190
A5049789262,Elvis Genbo Xu,https://orcid.org/0000-0002-4414-1978
A5090705501,Qiqing Chen,https://orcid.org/0000-0002-3247-7861
A5044093768,Liping Ma,https://orcid.org/0000-0002-1646-6767
A5061759963,Eddy Y. Zeng,https://orcid.org/0000-0002-0859-7572
A5054648434,Y.J. Zhang,https://orcid.org/0009-0008-0978-5381
A5060301743,Huai Sun,https://orcid.org/0000-0002-0783-8194
A5108771873,Zhao Jin,https://orcid.org/0009-0001-8996-5022
A5102976555,Chunwei Yang,https://orcid.org/0009-0006-4906-340X
A5103006859,Reinier Akkermans,https://orcid.org/0000-0003-0182-6587
A5065161029,Struan H. Robertson,
A5058346558,Neil A. Spenley,
A5032947544,Simon Miller,https://orcid.org/0000-0002-2626-4034
A5109277250,Stephen M. Todd,
A5100786007,Feng Li,https://orcid.org/0000-0002-6198-0896
A5100396813,Hao Zhang,https://orcid.org/0000-0001-8232-1665
A5115076783,Shilong Liu,https://orcid.org/0009-0003-5796-0627
A5115076622,Jian Guo,https://orcid.org/0009-0003-5046-2588
A5021357065,Lionel M. Ni,https://orcid.org/0000-0002-2325-6215
A5100433824,Lei Zhang,https://orcid.org/0000-0001-6926-0538
A5083055362,Li Cai,https://orcid.org/0000-0002-8298-0449
A5020370754,Yangyong Zhu,https://orcid.org/0000-0002-6258-0747
A5100452891,Geng Chen,https://orcid.org/0000-0002-3452-9434
A5107972187,Baitang Ning,https://orcid.org/0000-0003-0798-0331
A5048591018,Tieliu Shi,https://orcid.org/0000-0001-5592-2836
A5100746908,Feng Cao,https://orcid.org/0000-0002-2446-5094
A5114931512,Martin Estert,
A5089931216,Weining Qian,https://orcid.org/0000-0002-4132-8630
A5000624568,Ruben Dries,https://orcid.org/0000-0001-7650-7754
A5100616624,Qian Zhu,https://orcid.org/0000-0001-7062-8221
A5023450438,Rui Dong,https://orcid.org/0000-0003-0985-6211
A5064631487,Chee-Huat Linus Eng,
A5018376106,Huipeng Li,https://orcid.org/0000-0002-7830-849X
A5085011918,Kan Liu,https://orcid.org/0000-0002-3167-1718
A5025790314,Yuntian Fu,
A5102784755,Tianxiao Zhao,https://orcid.org/0000-0002-1591-3529
A5103075873,Arpan Sarkar,https://orcid.org/0000-0003-0362-2123
A5002000126,Rani E. George,https://orcid.org/0000-0003-4206-1779
A5005679393,Nico Pierson,https://orcid.org/0000-0002-2451-0633
A5061996201,Long Cai,https://orcid.org/0000-0002-7154-5361
A5038587862,Guo‐Cheng Yuan,https://orcid.org/0000-0002-2283-4714
A5100407681,Zhe Wang,https://orcid.org/0000-0003-4102-1353
A5011434518,Huiyong Sun,https://orcid.org/0000-0002-7107-7481
A5037785133,Xiaojun Yao,https://orcid.org/0000-0002-8974-0173
A5101489737,Dan Li,https://orcid.org/0000-0002-0391-6490
A5061654403,Lei Xu,https://orcid.org/0000-0002-4095-6539
A5035944985,Youyong Li,https://orcid.org/0000-0002-5248-2756
A5042084472,Sheng Tian,https://orcid.org/0000-0003-4767-6262
A5050394116,Nicolas Chenouard,https://orcid.org/0000-0001-6730-4066
A5026507016,Ihor Smal,https://orcid.org/0000-0001-7576-7028
A5089374942,Fabrice de Chaumont,https://orcid.org/0000-0001-7613-7204
A5090070303,Martin Maška,https://orcid.org/0000-0003-3544-6494
A5088460001,Ivo F. Sbalzarini,https://orcid.org/0000-0003-4414-4340
A5022214509,Yuanhao Gong,https://orcid.org/0000-0001-5702-1927
A5066720063,Janick Cardinale,
A5030828682,Craig Carthel,
A5051570075,Stefano Coraluppi,https://orcid.org/0000-0003-0071-0654
A5048557014,Mark Winter,https://orcid.org/0000-0003-1180-1957
A5038423276,Andrew R. Cohen,https://orcid.org/0000-0002-7707-5970
A5017717870,William J. Godinez,https://orcid.org/0000-0003-4753-4942
A5105166471,Karl Rohr,
A5078646809,Yannis Kalaidzidis,https://orcid.org/0000-0002-6137-1193
A5100426911,Liang Liang,https://orcid.org/0000-0001-7215-8577
A5046673670,James S. Duncan,https://orcid.org/0000-0002-5167-9856
A5005621524,Hongying Shen,https://orcid.org/0000-0002-2115-7037
A5008781594,Yingke Xu,https://orcid.org/0000-0002-8317-0608
A5003328943,Klas E. G. Magnusson,
A5059936184,Joakim Jaldén,https://orcid.org/0000-0001-6630-243X
A5081185233,Helen M. Blau,https://orcid.org/0000-0001-6503-5480
A5041759383,Philippe Roudot,https://orcid.org/0000-0001-6632-8728
A5033807512,Charles Kervrann,https://orcid.org/0000-0001-6263-0452
A5108035719,François Waharte,https://orcid.org/0000-0002-7425-2548
A5068316606,Jean-Yves Tinévez,https://orcid.org/0000-0002-0998-4718
A5065193513,Spencer Shorte,https://orcid.org/0000-0002-2125-8663
A5054940135,Joost Willemse,https://orcid.org/0000-0001-5210-650X
A5054036375,Katherine Celler,
A5091052284,Gilles P. van Wezel,https://orcid.org/0000-0003-0341-1561
A5030289437,Han-Wei Dan,
A5011723282,Yuh‐Show Tsai,https://orcid.org/0000-0002-2415-0789
A5051564773,Carlos Ortíz-de-Solórzano,https://orcid.org/0000-0001-8720-0205
A5003562216,Jean‐Christophe Olivo‐Marín,https://orcid.org/0000-0001-6796-0696
A5023548565,Erik Meijering,https://orcid.org/0000-0001-8015-8358
A5026553094,Furui Liu,https://orcid.org/0000-0003-3997-3822
A5007626411,Hsun-Ping Hsieh,https://orcid.org/0000-0001-6924-1337
A5040139742,Yunan Luo,https://orcid.org/0000-0001-7728-6412
A5040801189,Xinbin Zhao,https://orcid.org/0000-0002-6242-017X
A5068072367,Jingtian Zhou,https://orcid.org/0000-0003-2060-1922
A5102270738,Jinglin Yang,
A5100612100,Yanqing Zhang,https://orcid.org/0000-0001-9849-8422
A5016375802,Wenhua Kuang,https://orcid.org/0000-0002-5005-2330
A5061177999,Jian Peng,https://orcid.org/0000-0002-1736-2978
A5101686164,Ligong Chen,https://orcid.org/0000-0002-7893-7173
A5009826239,Jianyang Zeng,https://orcid.org/0000-0003-0950-7716
A5041312244,Leming Shi,https://orcid.org/0000-0002-2981-4150
A5007166385,Zhining Wen,https://orcid.org/0000-0002-0477-4906
A5101637130,Minjun Chen,https://orcid.org/0009-0001-7755-2466
A5100742819,Huixiao Hong,https://orcid.org/0000-0001-8087-3968
A5048655816,Roger Perkins,
A5018882292,James C. Fuscoe,
A5109700398,Weigong Ge,
A5102982187,Stephen Harris,https://orcid.org/0009-0006-8660-5597
A5100703998,Zhiguang Li,https://orcid.org/0000-0003-2474-3485
A5100454012,Jie Liu,https://orcid.org/0000-0001-6988-5773
A5100459811,Zhichao Liu,https://orcid.org/0000-0003-3542-0905
A5043949763,Qiang Shi,https://orcid.org/0000-0002-9030-8572
A5079305919,Brett T. Thorn,
A5039203018,Lei Xu,https://orcid.org/0000-0001-6422-7210
A5102084645,Lun Yang,
A5100402892,Min Zhang,https://orcid.org/0000-0002-2225-8024
A5068886380,Weida Tong,https://orcid.org/0000-0003-3488-6148
A5033262856,Gregory Campbell,https://orcid.org/0000-0001-5122-7801
A5100686048,Weijie Chen,https://orcid.org/0000-0002-4559-6317
A5067893440,Brandon D. Gallas,https://orcid.org/0000-0001-7332-1620
A5056394743,Gene Pennello,https://orcid.org/0000-0002-9779-1165
A5025068569,Reena Philip,https://orcid.org/0000-0001-5276-1344
A5026010147,Lakshmi Vishnuvajjala,
A5057332758,Francisco Martínez-Murillo,
A5050029701,F. W. Samuelson,https://orcid.org/0000-0002-1130-0303
A5100685403,Rong Tang,https://orcid.org/0000-0001-7468-8424
A5051215826,Živana Težak,https://orcid.org/0009-0007-0338-7991
A5073935605,Uwe Scherf,https://orcid.org/0000-0003-2811-6323
A5064995841,Wendell Jones,https://orcid.org/0000-0002-9676-5387
A5054811851,Joel S. Parker,https://orcid.org/0000-0003-2080-6901
A5047846741,Fabien Campagne,https://orcid.org/0000-0001-6237-3564
A5023243308,Stephen J. Walker,https://orcid.org/0000-0002-0732-2366
A5110507775,Zhenqiang Su,
A5103228349,Hong Fang,https://orcid.org/0000-0002-2330-1469
A5103179938,Feng Qian,https://orcid.org/0000-0002-9437-4622
A5045102506,Dhivya Arasappan,
A5143126910,Joseph Meehan,
A5024782080,Joshua Xu,https://orcid.org/0000-0001-5313-5847
A5111899582,Tzu‐Ming Chu,
A5101847187,Li Li,https://orcid.org/0000-0002-2803-3803
A5086234334,Wenjun Bao,https://orcid.org/0000-0001-8448-1689
A5049431953,Wendy Czika,
A5090010896,Kelci Miclaus,https://orcid.org/0000-0002-1977-4124
A5046671932,Padraic Neville,
A5110037362,Pei-Yi Tan,
A5111713789,Russell D. Wolfinger,
A5076838888,Federico Goodsaid,https://orcid.org/0009-0000-8824-9502
A5112611138,Sue Jane Wang,
A5036673955,Mat Soukup,
A5100764596,Jialü Zhang,https://orcid.org/0000-0002-0287-6677
A5100425448,Li Zhang,https://orcid.org/0000-0001-7914-0679
A5021113979,Lajos Pusztai,https://orcid.org/0000-0001-9632-6686
A5027806317,John D. Shaughnessy,https://orcid.org/0000-0002-2017-6236
A5000879635,Bart Barlogie,https://orcid.org/0000-0001-6116-1017
A5101936145,Yiming Zhou,https://orcid.org/0000-0002-7601-6960
A5061265036,André Oberthuer,https://orcid.org/0000-0002-6856-9872
A5061831442,Matthias Fischer,https://orcid.org/0000-0003-1363-1242
A5046328006,Frank Berthold,https://orcid.org/0000-0002-7613-1723
A5084357587,Yvonne Kahlert,https://orcid.org/0009-0006-0556-0439
A5036400318,Russell S. Thomas,https://orcid.org/0000-0002-2340-0301
A5076450281,Richard S. Paules,https://orcid.org/0000-0001-9106-7486
A5034242407,Pierre R. Bushel,https://orcid.org/0000-0001-5188-8693
A5111859630,J.-H Chou,
A5006229200,Jennifer Fostel,https://orcid.org/0000-0001-5858-4393
A5014385139,Mark R. Fielden,
A5075682354,Pan Du,https://orcid.org/0000-0002-4561-6883
A5044867776,Simon Lin,https://orcid.org/0000-0001-9870-2198
A5072609433,Cesare Furlanello,https://orcid.org/0000-0002-5384-3605
A5090829168,Giuseppe Jurman,https://orcid.org/0000-0002-2705-5728
A5005492417,Samantha Riccadonna,https://orcid.org/0000-0002-9737-8274
A5015603009,Roberto Visintainer,https://orcid.org/0000-0003-1289-6871
A5044721646,Xijin Ge,https://orcid.org/0000-0001-7406-3782
A5001646142,Dalila B. Megherbi,https://orcid.org/0000-0002-1282-597X
A5089994078,Manuel Madera,
A5001315712,W. Fraser Symmans,https://orcid.org/0000-0002-1526-184X
A5030096887,May D. Wang,https://orcid.org/0000-0003-3961-3608
A5022550153,Richard A. Moffitt,https://orcid.org/0000-0003-2723-5902
A5113673988,R. Mitchell Parry,
A5074230084,John H. Phan,https://orcid.org/0000-0002-4670-2660
A5103552975,Todd H. Stokes,
A5100342753,John H. Zhang,https://orcid.org/0000-0002-4319-4285
A5077552075,Jun Luo,https://orcid.org/0000-0002-1414-473X
A5100746977,Eric W. Wang,https://orcid.org/0000-0002-1180-5854
A5109201579,Matthew Woods,
A5003934063,Hans Bitter,https://orcid.org/0000-0002-9218-8498
A5057450854,Benedikt Brors,https://orcid.org/0000-0001-5940-3101
A5053656440,Dilafruz Juraeva,https://orcid.org/0000-0003-0035-3503
A5044191947,Roland Eils,https://orcid.org/0000-0002-0034-4036
A5018385122,Frank Westermann,https://orcid.org/0000-0003-1584-3636
A5019466501,Max Bylesjö,
A5001681126,Johan Trygg,https://orcid.org/0000-0003-3799-6094
A5069518751,Jie Cheng,https://orcid.org/0000-0002-0838-0090
A5101550498,Jing Cheng,https://orcid.org/0009-0009-8746-0125
A5109387546,Timothy S. Davison,
A5078722669,Mauro Delorenzi,https://orcid.org/0000-0001-7631-3263
A5057025096,Vlad Popovici,https://orcid.org/0000-0002-1311-9188
A5042435594,Youping Deng,https://orcid.org/0000-0002-5951-8213
A5041938256,Viswanath Devanarayan,https://orcid.org/0000-0003-2059-9252
A5055975259,David J. Dix,
A5112232087,Sujun Hua,
A5101577441,Zhirong Sun,https://orcid.org/0000-0003-0703-0221
A5109131793,Zeshui Xu,
A5103007159,Shiliang Sun,https://orcid.org/0000-0002-5022-565X
A5100460071,Chao Zhang,https://orcid.org/0000-0001-6357-1095
A5101919018,Ganglin Yu,https://orcid.org/0000-0001-6704-3177
A5075352865,Weining Lu,https://orcid.org/0000-0002-0927-1259
A5101626172,Bin Liang,https://orcid.org/0000-0001-6310-6214
A5010130426,Deshan Meng,https://orcid.org/0000-0002-9588-6662
A5101912623,Jun Yang,https://orcid.org/0000-0002-9386-5825
A5077845043,Yun Chen,https://orcid.org/0000-0001-6819-6562
A5086434607,Jia Yu,https://orcid.org/0000-0003-0741-7303
A5100733895,Shahbaz Khan,https://orcid.org/0000-0002-3885-3688
A5100455958,Fei Wang,https://orcid.org/0000-0003-3462-8472
A5082458788,Tianwen Zhang,
A5100385993,Xiaoling Zhang,https://orcid.org/0000-0003-2343-3055
A5100410890,Jianwei Li,https://orcid.org/0000-0002-5005-9305
A5031785449,Xiaowo Xu,https://orcid.org/0000-0001-9977-613X
A5054496976,Baoyou Wang,https://orcid.org/0009-0006-1781-9014
A5071272571,Xu Zhan,https://orcid.org/0000-0003-2816-9791
A5083917550,Yanqin Xu,https://orcid.org/0000-0001-9185-2433
A5025474158,Xiao Ke,https://orcid.org/0000-0001-5895-2766
A5060158251,Tianjiao Zeng,https://orcid.org/0000-0002-6780-6100
A5063492117,Hao Su,https://orcid.org/0000-0002-4013-7728
A5091573094,Israr Ahmad,https://orcid.org/0000-0001-8710-1100
A5047033055,Dece Pan,https://orcid.org/0009-0006-2757-521X
A5024868681,Chang Liu,https://orcid.org/0009-0003-2661-5222
A5012286535,Yue Zhou,https://orcid.org/0000-0002-3080-6721
A5066834799,Jun Shi,https://orcid.org/0000-0001-7676-8380
A5080246113,Shunjun Wei,https://orcid.org/0000-0001-8091-9540
A5083868707,Tanveer Ahmad,https://orcid.org/0000-0001-7307-7947
A5040423326,Rafał Madoński,https://orcid.org/0000-0002-1798-0717
A5100416390,Dongdong Zhang,https://orcid.org/0000-0003-4332-3873
A5070357433,Chao Huang,https://orcid.org/0000-0002-8012-3697
A5001756165,Asad Mujeeb,https://orcid.org/0000-0002-5866-1405
A5057732142,Guiguang Ding,https://orcid.org/0000-0003-0137-9975
A5035519525,Yuchen Guo,https://orcid.org/0000-0001-9808-9805
A5028464154,Jile Zhou,
A5018164370,Runmin Wei,https://orcid.org/0000-0001-7707-0160
A5057578539,Jingye Wang,https://orcid.org/0000-0003-4626-0003
A5036071031,Mingming Su,https://orcid.org/0000-0002-9996-9094
A5107892123,Erik Jia,
A5041939201,Shaoqiu Chen,https://orcid.org/0000-0001-6532-1575
A5101987223,Tianlu Chen,https://orcid.org/0000-0003-1798-5435
A5055572946,Yan Ni,https://orcid.org/0000-0003-1779-7266
A5102862727,Yan Ma,https://orcid.org/0009-0000-2525-0055
A5002997318,Haiping Wu,https://orcid.org/0000-0003-1904-652X
A5009116003,Lizhe Wang,https://orcid.org/0000-0003-2766-0845
A5060262250,Bormin Huang,https://orcid.org/0000-0001-8275-9536
A5072670483,Rajiv Ranjan,https://orcid.org/0000-0002-6610-1328
A5015993565,Albert Y. Zomaya,https://orcid.org/0000-0002-3090-1059
A5100371774,Xing Chen,https://orcid.org/0000-0001-9641-3528
A5037657152,Xiaotian Zhang,https://orcid.org/0000-0002-9533-4761
A5100437220,Xu Zhang,https://orcid.org/0000-0002-3313-5070
A5103354467,Feng Dai,
A5101847664,Jian Yin,https://orcid.org/0000-0001-7832-7482
A5027448460,Weibin Meng,https://orcid.org/0000-0002-9384-9016
A5100414241,Ying Liu,https://orcid.org/0000-0002-4919-1130
A5054623682,Yichen Zhu,https://orcid.org/0000-0001-5126-838X
A5027755253,Yuqing Liu,https://orcid.org/0000-0001-6159-3514
A5101732741,Yihao Chen,https://orcid.org/0000-0002-3317-1995
A5101944948,Ruizhi Zhang,https://orcid.org/0000-0002-1317-0063
A5006709668,Shimin Tao,https://orcid.org/0000-0002-2795-6921
A5034890698,Pei Sun,https://orcid.org/0000-0002-9109-0536
A5066405059,Rong Zhou,https://orcid.org/0000-0002-8527-0020
A5109845737,Gui-Rong Xue,
A5028846979,Chenxi Lin,https://orcid.org/0000-0003-4439-290X
A5100636286,Qiang Yang,https://orcid.org/0000-0001-5059-8360
A5110883071,Wensi Xi,
A5016928764,Hua-Jun Zeng,
A5088372348,Zheng Chen,https://orcid.org/0000-0003-4013-3492
A5052900302,Dejun Jiang,https://orcid.org/0000-0002-2035-5074
A5002763479,Guangyong Chen,https://orcid.org/0000-0003-2088-9188
A5064163623,Ben Liao,https://orcid.org/0000-0002-5084-2682
A5066323913,Chao Shen,https://orcid.org/0000-0003-2783-5529
A5101674460,Jian Wu,https://orcid.org/0000-0002-3101-7011
A5101794519,Changhua Hu,https://orcid.org/0000-0002-9983-5061
A5001517167,Donghua Zhou,https://orcid.org/0000-0003-0169-8490
A5013287421,Michael Pecht,https://orcid.org/0000-0003-1126-8662
A5082943987,Jinsong Deng,https://orcid.org/0000-0002-1412-478X
A5082825861,Kai Wang,https://orcid.org/0000-0002-6134-5876
A5064020477,Yingbin Deng,https://orcid.org/0000-0002-0015-147X
A5000223388,Guo-xin Qi,
A5075628720,Fangao Zeng,
A5035683291,Bin Dong,https://orcid.org/0000-0003-1295-3362
A5101793600,Yuang Zhang,https://orcid.org/0000-0002-4702-3352
A5110647238,Tiancai Wang,https://orcid.org/0009-0001-6517-4293
A5050010563,Yu‐Sung Su,https://orcid.org/0000-0001-5021-8209
A5111926322,Andrew Gelman,
A5022860483,Jennifer Hill,https://orcid.org/0000-0003-4983-2206
A5075614374,Masanao Yajima,https://orcid.org/0000-0002-7583-3707
A5111643862,Dongqing Zhang,
A5101402002,Wu-Jun Li,https://orcid.org/0000-0003-2499-4006
A5100348803,Chong Chen,https://orcid.org/0000-0003-4751-1134
A5100455868,Fei Wang,https://orcid.org/0000-0002-7332-9726
A5020234559,Zhiming Xuan,https://orcid.org/0000-0002-9164-0964
A5100665356,Zhao Zhen,https://orcid.org/0000-0001-5406-6441
A5021855763,Kangping Li,https://orcid.org/0000-0002-9046-7127
A5086360066,Tieqiang Wang,https://orcid.org/0000-0003-3104-8421
A5076712745,Min Shi,https://orcid.org/0000-0002-7200-1702
A5021640070,Shuyu Xiong,
A5069902566,Padmaja Sankaridurg,https://orcid.org/0000-0001-5537-6193
A5075988337,Thomas Naduvilath,https://orcid.org/0000-0001-8813-2048
A5023276519,Jiajie Zang,https://orcid.org/0000-0003-2476-2176
A5088559151,Jianfeng Zhu,https://orcid.org/0000-0002-4453-611X
A5078193310,Minzhi Lv,https://orcid.org/0000-0002-7994-2257
A5112321281,Xiangui He,https://orcid.org/0000-0002-8938-1879
A5100451924,Xun Xu,https://orcid.org/0000-0002-4246-4343
A5114255235,Chih Yuan Yang,
A5100781025,Lei Xu,https://orcid.org/0000-0001-6435-6055
A5005072193,Chunxiao Jiang,https://orcid.org/0000-0002-3703-121X
A5100623819,Jian Wang,https://orcid.org/0000-0002-9173-4979
A5100347994,Jian Yuan,https://orcid.org/0000-0001-9734-6056
A5100413319,Yong Ren,https://orcid.org/0000-0002-6016-5582
A5043239430,Hao Zhu,https://orcid.org/0000-0003-1596-4366
A5102017383,Pengfei Yu,https://orcid.org/0000-0002-9926-9442
A5100744707,Ziyun Wang,https://orcid.org/0000-0002-3058-3054
A5101868311,Yuan Yao,https://orcid.org/0000-0002-8276-3620
A5040673285,Shiming Xiang,https://orcid.org/0000-0002-2089-9733
A5003222421,Feiping Nie,https://orcid.org/0000-0002-0871-6519
A5101448143,Boyi Xu,https://orcid.org/0009-0008-2531-044X
A5110110458,Li Da Xu,
A5046396291,Hongmin Cai,https://orcid.org/0000-0002-2747-7234
A5044796317,Cheng Xie,https://orcid.org/0000-0002-4484-7428
A5035296514,Jingyuan Hu,https://orcid.org/0000-0002-7250-1344
A5023287725,Fenglin Bu,
A5014326389,Ke Wu,https://orcid.org/0000-0001-9692-4221
A5101608751,Song Yang,https://orcid.org/0000-0002-9797-1158
A5101906756,Kenny Q. Zhu,https://orcid.org/0000-0003-3782-3230
A5100408358,Chao Chen,https://orcid.org/0000-0002-5114-2282
A5049316851,Kay Grennan,
A5109376464,Judith A. Badner,
A5100386756,Dandan Zhang,https://orcid.org/0000-0001-5305-9856
A5029129951,Elliot S. Gershon,https://orcid.org/0000-0003-4818-8631
A5100364769,Jin Li,https://orcid.org/0000-0001-9201-2321
A5100343306,Chunyu Liu,https://orcid.org/0000-0002-5986-4415
A5064788948,Yuli Shan,https://orcid.org/0000-0002-5215-8657
A5089681312,Dabo Guan,https://orcid.org/0000-0003-3773-3403
A5043385269,Jianghua Liu,https://orcid.org/0000-0002-0933-1485
A5084869905,Zhifu Mi,https://orcid.org/0000-0001-8106-0694
A5075836096,Zhu Liu,https://orcid.org/0000-0002-8968-7050
A5079598171,Jingru Liu,https://orcid.org/0000-0002-7436-8321
A5030724120,Heike Schroeder,https://orcid.org/0000-0003-2342-2030
A5101430618,Bofeng Cai,https://orcid.org/0000-0002-3475-069X
A5009255272,Yang Chen,https://orcid.org/0000-0001-8685-4805
A5000043923,Shuai Shao,https://orcid.org/0000-0002-9525-6310
A5101695858,Qiang Zhang,https://orcid.org/0000-0002-9578-3137
A5061585298,Zhankui He,https://orcid.org/0000-0002-9139-8004
A5036987388,Jingkuan Song,https://orcid.org/0000-0002-2549-8322
A5110622785,Siwei Rao,
A5100339586,Song Liu,https://orcid.org/0000-0002-2340-4556
A5057267422,Mingmin Chi,https://orcid.org/0000-0003-2650-4146
A5054292278,Antonio Plaza,https://orcid.org/0000-0002-9613-1659
A5035508615,Jón Atli Benediktsson,https://orcid.org/0000-0003-0621-9647
A5002427493,Zhongyi Sun,https://orcid.org/0000-0002-5099-5363
A5034466750,Jinsheng Shen,
A5102998108,Hongming Cai,https://orcid.org/0000-0003-0190-6907
A5081086453,Lihong Jiang,https://orcid.org/0000-0001-6403-040X
A5074022699,Athanasios V. Vasilakos,https://orcid.org/0000-0003-1902-9877
A5033085089,Yu Zheng,https://orcid.org/0000-0002-1803-8678
A5101416488,Sen Yang,https://orcid.org/0000-0002-1293-8990
A5073961162,Huanchong Cheng,https://orcid.org/0000-0001-6183-1762
A5114374395,Huanfeng Shen,https://orcid.org/0000-0002-4140-1869
A5100626955,Xinghua Li,https://orcid.org/0000-0002-2094-6480
A5087539183,Qing Cheng,https://orcid.org/0000-0002-0571-4083
A5079445353,Chao Zeng,https://orcid.org/0000-0002-3012-2493
A5074018705,Gang Yang,https://orcid.org/0000-0002-7001-2037
A5100395267,Huifang Li,https://orcid.org/0000-0003-4626-7416
A5100673818,Liangpei Zhang,https://orcid.org/0000-0001-6890-3650
A5038996322,Huchang Liao,https://orcid.org/0000-0001-8278-3384
A5100437308,Zeshui Xu,https://orcid.org/0000-0003-3547-2908
A5077623520,Xiao‐Jun Zeng,https://orcid.org/0000-0002-2320-2495
A5077882811,Zijia Lin,https://orcid.org/0000-0002-1390-7424
A5100804855,Mingqing Hu,
A5100630868,Jianyong Wang,https://orcid.org/0000-0002-7555-170X
A5111664929,Chew Lim Tan,
A5101860993,Jian Su,https://orcid.org/0009-0001-9484-5885
A5101615349,Yue Lu,https://orcid.org/0000-0002-8784-4657
A5063181504,Wenchao Xu,https://orcid.org/0000-0003-0983-387X
A5043286765,Haibo Zhou,https://orcid.org/0000-0002-6549-8917
A5050651525,Nan Cheng,https://orcid.org/0000-0001-7907-2071
A5035157184,Feng Lyu,https://orcid.org/0000-0002-2990-5415
A5066710499,Weisen Shi,https://orcid.org/0000-0002-0627-7567
A5009814221,Jiayin Chen,https://orcid.org/0000-0002-7468-8990
A5100773343,Xuemin Shen,https://orcid.org/0000-0002-4140-287X
A5032626016,Haiyang Mei,https://orcid.org/0000-0003-3549-9684
A5001285878,Ge-Peng Ji,https://orcid.org/0000-0001-7092-2877
A5079553918,Ziqi Wei,https://orcid.org/0000-0001-9402-8386
A5068792201,Xin Yang,https://orcid.org/0000-0002-8046-722X
A5003257736,Xiaopeng Wei,https://orcid.org/0000-0002-8497-611X
A5056294284,Deng-Ping Fan,https://orcid.org/0000-0002-5245-7518
A5030768561,Xiao-Ming Lu,https://orcid.org/0000-0001-9822-5387
A5100379572,Xiaoguang Wang,https://orcid.org/0000-0002-5598-062X
A5101708632,C. P. Sun,https://orcid.org/0000-0002-0862-2491
A5046085212,Deming Ye,
A5081141964,Lixin Huang,https://orcid.org/0000-0002-7877-8459
A5100770464,Jie Zhou,https://orcid.org/0000-0002-5899-5165
A5049451858,E. Mark Haacke,https://orcid.org/0000-0003-4965-7954
A5055914117,Saifeng Liu,https://orcid.org/0000-0002-3642-8282
A5029379745,Sagar Buch,https://orcid.org/0000-0001-9483-269X
A5052648220,Weili Zheng,https://orcid.org/0000-0002-7978-0569
A5101840129,Dongmei Wu,https://orcid.org/0000-0003-0380-7224
A5010998239,Yongquan Ye,https://orcid.org/0000-0002-6673-6753
A5039611523,Ke Yan,https://orcid.org/0000-0002-1611-6636
A5100325058,David Zhang,https://orcid.org/0000-0002-5027-5286
A5018301052,Sanjiv Kumar,https://orcid.org/0000-0002-4080-1414
A5013889855,Xiuwen Yi,https://orcid.org/0000-0003-2703-6794
A5074761737,Juan Shen,https://orcid.org/0000-0001-5048-3838
A5101850961,Jiannan Wang,https://orcid.org/0009-0002-8978-312X
A5034086130,Tim Kraska,https://orcid.org/0009-0003-2414-2759
A5102019638,Michael J. Franklin,https://orcid.org/0000-0003-3332-8574
A5035158496,Guoyu Yang,https://orcid.org/0000-0002-8134-9292
A5024531860,Jie Lei,https://orcid.org/0000-0003-2523-5810
A5102529527,Zhikuan Zhu,
A5051607982,Siyu Cheng,https://orcid.org/0009-0007-3554-4365
A5043914348,Zunlei Feng,https://orcid.org/0000-0001-8640-8434
A5001531117,Ronghua Liang,https://orcid.org/0000-0003-2077-9608
A5052842454,Zitian Huang,https://orcid.org/0009-0003-6217-564X
A5113907549,Yikuan Yu,
A5083638473,Jiawen Xu,https://orcid.org/0000-0002-5398-0394
A5071940538,Feng Ni,https://orcid.org/0009-0006-7308-9968
A5052481491,Xinyi Le,https://orcid.org/0000-0003-0318-9497
A5100728762,Yong Rui,https://orcid.org/0000-0002-9142-5914
A5101457342,Thomas S. Huang,https://orcid.org/0000-0001-8474-5859
A5010114060,Sharad Mehrotra,https://orcid.org/0000-0003-1667-5435
A5100976259,Zhizhen Liang,
A5049695253,Pengfei Shi,https://orcid.org/0000-0002-4467-7641
A5037899479,Jinhao Lei,
A5006190887,Chao Liu,https://orcid.org/0000-0001-8917-7256
A5100349006,Linlin Wang,https://orcid.org/0000-0003-0304-7560
A5031753985,Zhu Cao,https://orcid.org/0000-0003-3126-0510
A5067617335,Gang Wang,https://orcid.org/0000-0002-6395-9409
A5100507018,Jin‐Xing Hao,
A5053122805,Jian Ma,https://orcid.org/0000-0003-2644-5756
A5043942510,Lihua Huang,https://orcid.org/0000-0003-4013-310X
A5016284649,Kaichao You,https://orcid.org/0000-0002-1955-3743
A5033222141,Junru Gu,
A5100722237,Chen Sun,https://orcid.org/0000-0002-4142-4008
A5104009095,Hang Zhao,
A5101440100,You Tang,https://orcid.org/0000-0002-2873-4212
A5100442748,Xiaolei Liu,https://orcid.org/0000-0002-9954-1426
A5100665802,Jiabo Wang,https://orcid.org/0000-0002-1386-0435
A5100608923,Meng Li,https://orcid.org/0000-0002-9936-8563
A5009588850,Qishan Wang,https://orcid.org/0000-0002-6475-0009
A5061736056,Feng Tian,https://orcid.org/0000-0003-3552-4536
A5039469534,Zhongbin Su,https://orcid.org/0000-0002-8966-8933
A5073916751,Yuchun Pan,https://orcid.org/0000-0002-1163-5963
A5100324209,Di Liu,https://orcid.org/0000-0001-5838-0219
A5071000917,Alexander E. Lipka,https://orcid.org/0000-0003-1571-8528
A5020150778,Edward S. Buckler,https://orcid.org/0000-0002-3100-371X
A5065237213,Zhiwu Zhang,https://orcid.org/0000-0002-5784-9684
A5103196150,Zhaojing Wang,https://orcid.org/0000-0001-6705-6082
A5101788327,Tengyu Wang,https://orcid.org/0000-0002-1899-1063
A5084214981,Hao Hu,https://orcid.org/0000-0002-1103-0243
A5103091593,Jie Gong,https://orcid.org/0000-0002-7915-7304
A5069226247,Xu Ren,https://orcid.org/0000-0003-3282-8593
A5102152660,Qiying Xiao,https://orcid.org/0000-0002-3676-2790
A5102841107,Lizhu Zhang,https://orcid.org/0009-0004-5707-5326
A5100937323,Zhengxin Ma,
A5103733614,Wei‐Ying Ma,https://orcid.org/0000-0002-7384-0735
A5101672477,Yukun Chen,https://orcid.org/0000-0002-3639-5847
A5066838116,Quannan Li,
A5100458657,Xiaoxiao Li,https://orcid.org/0000-0002-8833-0244
A5079739109,Yufeng Gu,https://orcid.org/0000-0003-1196-6997
A5030309917,Nicha C. Dvornek,https://orcid.org/0000-0002-1648-6055
A5078494006,Lawrence H. Staib,https://orcid.org/0000-0002-9516-5136
A5007566576,Pamela Ventola,https://orcid.org/0000-0002-8062-0626
A5080738591,Xindong Wu,https://orcid.org/0000-0003-2396-1704
A5100438525,Chengqi Zhang,https://orcid.org/0000-0001-5715-7154
A5100764176,Shichao Zhang,https://orcid.org/0000-0001-6558-7875
A5067004420,R.Z. Wang,https://orcid.org/0000-0003-3586-5728
A5007958593,R.G. Oliveira,https://orcid.org/0000-0002-9965-1350
A5108362264,Tianyi Wang,https://orcid.org/0000-0003-0349-9444
A5041454124,Jianbo Yu,https://orcid.org/0000-0003-3204-2486
A5103643649,David Siegel,
A5100686648,Jay Lee,https://orcid.org/0000-0002-4022-4274
A5109927178,Maoyin Chen,
A5100744865,Huang Li,https://orcid.org/0000-0003-4669-3466
A5032337347,Andrew Shea,
A5040005245,Huining Qian,
A5064093237,Aditya Masurkar,
A5072044890,Hao Deng,https://orcid.org/0000-0002-0331-2427
A5014407399,Dianbo Liu,https://orcid.org/0000-0002-3042-9161
A5059763207,Jian Zhou,https://orcid.org/0000-0002-0896-5662
A5100412598,Hongyu Zhang,https://orcid.org/0000-0002-3063-9425
A5029182057,Yuxiang Jiang,https://orcid.org/0000-0003-4657-925X
A5001337593,Asma Bankapur,
A5089475669,Daniel D’Andrea,https://orcid.org/0000-0002-7843-3856
A5057595671,Rosalba Lepore,https://orcid.org/0000-0002-9481-2557
A5010719226,Indika Kahanda,https://orcid.org/0000-0002-4536-6917
A5085027718,Da Chen Emily Koo,https://orcid.org/0000-0001-9379-4548
A5008619338,Duncan Penfold-Brown,
A5055576104,Dennis Shasha,https://orcid.org/0000-0002-7036-3312
A5052713652,Noah Youngs,
A5055203249,Richard Bonneau,https://orcid.org/0000-0003-4354-7906
A5065093590,Alexandra J. Lin,
A5030390726,Sayed Mohammad Ebrahim Sahraeian,
A5044479288,Pier Luigi Martelli,https://orcid.org/0000-0002-0274-5669
A5068295490,Giuseppe Profiti,https://orcid.org/0000-0001-6067-6174
A5085487073,Renzhi Cao,https://orcid.org/0000-0002-8345-343X
A5020922302,Zhaolong Zhong,
A5084558956,Adrian Altenhoff,https://orcid.org/0000-0001-7492-1273
A5050068380,Christophe Dessimoz,https://orcid.org/0000-0002-2170-853X
A5003981652,Tunca Doğan,https://orcid.org/0000-0002-1298-9763
A5058939594,Kai Hakala,https://orcid.org/0000-0001-8943-7011
A5000080545,Suwisa Kaewphan,https://orcid.org/0000-0001-8534-1215
A5086256360,Farrokh Mehryary,https://orcid.org/0000-0002-5555-2828
A5019929457,Filip Ginter,https://orcid.org/0000-0002-5484-6103
A5018880619,Ben Smithers,https://orcid.org/0000-0001-9508-8065
A5076884487,Matt E. Oates,https://orcid.org/0000-0002-0001-3675
A5023298209,Ching-Tai Chen,
A5119558606,Wen−Lian Hsu,https://orcid.org/0000-0001-7061-3513
A5009253078,Federico Minneci,
A5081197590,Samuel Chapman,
A5046550109,Dukka Bkc,
A5068424092,Ishita Khan,
A5045008246,Dan Ofer,https://orcid.org/0000-0001-5136-8014
A5080111333,Nadav Rappoport,https://orcid.org/0000-0002-7218-2558
A5053008766,Amos Stern,https://orcid.org/0009-0000-9091-9595
A5017743629,Elena Cibrián–Uhalte,https://orcid.org/0000-0002-0987-9862
A5011711071,Paul Denny,https://orcid.org/0000-0003-4659-6893
A5077945810,Rebecca E. Foulger,https://orcid.org/0000-0001-8682-8754
A5006221161,Reija Hieta,https://orcid.org/0000-0001-5724-6253
A5057948391,Duncan Legge,
A5007344080,Ruth C. Lovering,https://orcid.org/0000-0002-9791-0064
A5004635493,Michele Magrane,https://orcid.org/0000-0003-3544-996X
A5029782864,Anna N. Melidoni,https://orcid.org/0000-0002-2535-883X
A5048821155,Prudence Mutowo,https://orcid.org/0000-0002-4646-4172
A5083831949,Klemens Pichler,https://orcid.org/0000-0001-6099-8931
A5084767082,Aleksandra Shypitsyna,
A5100334873,Biao Li,https://orcid.org/0000-0002-8952-1990
A5086156399,Pooya Zakeri,https://orcid.org/0000-0003-1199-3012
A5032606749,Sarah ElShal,
A5018411129,Léon-Charles Tranchevent,https://orcid.org/0000-0002-1257-4824
A5051471593,Sayoni Das,https://orcid.org/0000-0001-6256-5646
A5113968067,Natalie L. Dawson,
A5115591570,David Lee,https://orcid.org/0009-0009-1318-3823
A5029559361,Jonathan Lees,https://orcid.org/0000-0003-3925-1424
A5036351252,Ian Sillitoe,https://orcid.org/0000-0003-1091-9144
A5014141585,Tamás Nepusz,https://orcid.org/0000-0002-1451-338X
A5054520414,Rajkumar Sasidharan,
A5021003479,Jesse Gillis,https://orcid.org/0000-0002-0936-9774
A5000040112,Adriana E. Sedeño-Cortés,https://orcid.org/0000-0001-7959-8970
A5012991069,Paul Pavlidis,https://orcid.org/0000-0002-0426-5028
A5072245508,Shou Feng,https://orcid.org/0000-0002-7308-9590
A5052162892,Juan Miguel Cejuela,https://orcid.org/0000-0001-9588-984X
A5108748492,Tatyana Goldberg,
A5114259817,Lothar Richter,
A5051229050,Asaf Salamov,https://orcid.org/0000-0002-3349-8138
A5003394700,Toni Gabaldón,https://orcid.org/0000-0003-0019-1735
A5064295564,Marina Marcet‐Houben,https://orcid.org/0000-0003-4838-187X
A5037656730,Wei Ning,
A5101735746,Weidong Tian,https://orcid.org/0000-0002-0742-2682
A5029176853,Carlo Ferrari,https://orcid.org/0000-0003-3665-0446
A5087447838,Manuel Giollo,https://orcid.org/0000-0001-9434-2383
A5027887810,Jian Chen,https://orcid.org/0000-0003-0938-5704
A5035293475,Junjie Wu,https://orcid.org/0000-0001-7650-3657
A5100626442,Wei Tian,https://orcid.org/0000-0003-3447-2287
A5112658854,Yeonsook Heo,
A5067719787,Pieter de Wilde,https://orcid.org/0000-0003-3376-9775
A5101550784,Zhanyong Li,https://orcid.org/0000-0003-2381-9249
A5044218586,Da Yan,https://orcid.org/0000-0003-2399-723X
A5044427961,Cheol Soo Park,https://orcid.org/0000-0003-4061-208X
A5014350442,Xiaohang Feng,https://orcid.org/0000-0002-1073-6092
A5108718378,Godfried Augenbroe,
A5003572809,Bojia Zi,
A5066475359,Minghao Chang,
A5100373492,Jingjing Chen,https://orcid.org/0000-0003-3148-264X
A5001398914,Jiafu Wan,https://orcid.org/0000-0001-9188-4179
A5037737513,Shenglong Tang,
A5100446347,Di Li,https://orcid.org/0000-0001-5065-9565
A5101493107,Shiyong Wang,https://orcid.org/0000-0002-0297-4525
A5108555426,Chengliang Liu,
A5100777102,Haider Abbas,https://orcid.org/0000-0002-2437-4870
A5076024045,Hong‐Bin Shen,https://orcid.org/0000-0002-4029-3325
A5113500576,Kuo‐Chen Chou,
A5000567846,Li Qu,
A5101570773,Jianming Hu,https://orcid.org/0000-0001-8065-7309
A5100653787,Yi Zhang,https://orcid.org/0000-0001-5526-866X
A5101814491,Yudian Zheng,https://orcid.org/0000-0001-6537-1521
A5109885554,Yuanbing Li,
A5102980268,Caihua Shan,https://orcid.org/0000-0003-2607-1598
A5005847882,Reynold Cheng,https://orcid.org/0000-0002-9480-9809
A5048432969,Jianxin Chang,https://orcid.org/0000-0002-7886-9238
A5078622343,Chen Gao,https://orcid.org/0000-0002-7561-5646
A5100681020,Yu Zheng,https://orcid.org/0000-0002-1837-6730
A5063163595,Yiqun Hui,https://orcid.org/0009-0001-8628-8003
A5101904758,Yanan Niu,https://orcid.org/0009-0007-8662-3696
A5083873109,Yang Song,https://orcid.org/0000-0002-1714-5527
A5100750237,Yong Li,https://orcid.org/0000-0002-0985-8471
A5109374705,Li Xiang,https://orcid.org/0000-0002-9946-7000
A5100361625,Jun Li,https://orcid.org/0000-0001-5845-8602
A5035112538,Jinhui Tang,https://orcid.org/0000-0001-9008-222X
A5100726984,Jian Yang,https://orcid.org/0000-0003-4800-832X
A5100435599,Jianguo Chen,https://orcid.org/0000-0001-5009-578X
A5078793726,Kenli Li,https://orcid.org/0000-0002-2635-7716
A5008574161,Zhuo Tang,https://orcid.org/0000-0001-9081-8153
A5055197093,Kashif Bilal,https://orcid.org/0000-0002-4381-8094
A5005228053,Shui Yu,https://orcid.org/0000-0003-4485-6743
A5025387109,Chuliang Weng,https://orcid.org/0000-0003-0293-5857
A5087894632,Keqin Li,https://orcid.org/0000-0001-5224-4048
A5085431435,Xiuzhuang Zhou,https://orcid.org/0000-0003-1458-4118
A5101924784,Yuanyuan Shang,https://orcid.org/0000-0001-9991-0124
A5029129567,Daniel T. L. Shek,https://orcid.org/0000-0003-3359-6229
A5060427874,Cecilia M.S.,https://orcid.org/0000-0001-7092-7715
A5089670294,Adeleke Maradesa,https://orcid.org/0000-0002-2692-4290
A5051121252,Baptiste Py,https://orcid.org/0000-0003-1294-6138
A5071161045,Jake Huang,https://orcid.org/0000-0002-9487-5128
A5013658387,Yang Lu,https://orcid.org/0000-0002-0946-7155
A5073942332,Pietro Iurilli,https://orcid.org/0000-0003-2484-805X
A5032916939,Aleksander Mroziński,https://orcid.org/0000-0003-1235-2735
A5080598507,Ho Mei Law,
A5100370111,Yuhao Wang,https://orcid.org/0000-0003-2943-434X
A5100384106,Zilong Wang,https://orcid.org/0000-0002-3843-2111
A5100416932,Jingwei Li,https://orcid.org/0000-0002-2508-4859
A5100566110,Shengjun Xu,
A5057510328,Quentin Meyer,https://orcid.org/0000-0001-6418-9680
A5100743473,Jiapeng Liu,https://orcid.org/0000-0001-8667-1929
A5077004789,Claudio Brivio,https://orcid.org/0000-0002-4517-5870
A5111847562,A. G. Gavrilyuk,
A5024508467,Kiyoshi Kobayashi,https://orcid.org/0000-0001-9644-1879
A5011405193,Antonio Bertei,https://orcid.org/0000-0002-3202-6825
A5066418930,Nicholas J. Williams,https://orcid.org/0000-0002-9028-4750
A5046268649,Chuan Zhao,https://orcid.org/0000-0001-7007-5946
A5020277918,Michael A. Danzer,https://orcid.org/0000-0002-4135-7263
A5091828774,Mark P. Zic,https://orcid.org/0000-0002-5074-2657
A5011315516,Phillip M. Wu,https://orcid.org/0000-0002-3210-9823
A5057641257,Ville Yrjänä,https://orcid.org/0000-0001-5779-5201
A5109294259,Sergei V. Pereverzyev,
A5063337505,Yuhui Chen,https://orcid.org/0000-0002-3498-0057
A5042219806,André Weber,https://orcid.org/0000-0003-1744-3732
A5048552375,Sergei V. Kalinin,https://orcid.org/0000-0001-5354-6152
A5068483766,Jan Philipp Schmidt,https://orcid.org/0000-0001-7220-377X
A5041492055,Yoed Tsur,https://orcid.org/0000-0003-4506-2494
A5070762365,Bernard A. Boukamp,https://orcid.org/0000-0001-7348-5385
A5100381911,Qiang Zhang,https://orcid.org/0000-0002-3929-1541
A5068105642,Miran Gaberšček,https://orcid.org/0000-0002-8104-1693
A5047213890,Ryan O’Hayre,https://orcid.org/0000-0003-3762-3052
A5029424400,Francesco Ciucci,https://orcid.org/0000-0003-0614-5537
A5025017745,Anbang Yao,https://orcid.org/0000-0002-3878-8679
A5041101317,Huaping Liu,https://orcid.org/0000-0002-4042-6044
A5102014973,Ming Lu,https://orcid.org/0000-0001-6174-7528
A5101733791,Jie Tang,https://orcid.org/0000-0001-5556-2084
A5100421812,Yi Li,https://orcid.org/0000-0003-4562-8208
A5034823616,Qiong Luo,https://orcid.org/0000-0002-2861-9492
A5033005387,Ahmad Ali,https://orcid.org/0000-0002-6029-5889
A5081759167,Yanmin Zhu,https://orcid.org/0000-0001-6406-4992
A5012944437,Muhammad Zakarya,https://orcid.org/0000-0001-7070-6699
A5085460431,Guoqing Chao,https://orcid.org/0000-0002-2410-650X
A5051393532,Jinbo Bi,https://orcid.org/0000-0001-6996-4092
A5100743369,Jian Xu,https://orcid.org/0000-0002-3521-6843
A5100392089,Wei Wang,https://orcid.org/0000-0002-8180-2886
A5114348335,Xiaoyuan Wang,
A5100830074,Baile Shi,
A5110164824,Ada Wai-Chee Fu,
A5013878129,Lanqing Huang,https://orcid.org/0000-0002-5180-7491
A5023722608,Bin Liu,https://orcid.org/0000-0001-9873-6160
A5103170991,Boying Li,https://orcid.org/0000-0001-7616-080X
A5027639981,Weiwei Guo,https://orcid.org/0000-0001-5037-0972
A5101593293,Wenhao Yu,https://orcid.org/0000-0002-5315-2417
A5059094652,Zenghui Zhang,https://orcid.org/0000-0002-1238-8538
A5100445293,Wenxian Yu,https://orcid.org/0000-0002-8741-776X
A5075619170,Luyi Tian,https://orcid.org/0000-0003-3420-3685
A5056492561,Xueyi Dong,https://orcid.org/0000-0003-1136-3117
A5090864358,Saskia Freytag,https://orcid.org/0000-0002-2185-7068
A5091163780,Kim‐Anh Lê Cao,https://orcid.org/0000-0003-3923-1116
A5054240555,Shian Su,https://orcid.org/0000-0003-0800-3567
A5113923730,Abolfazl JalalAbadi,
A5009825116,Daniela Amann‐Zalcenstein,https://orcid.org/0000-0003-4928-1846
A5103056585,Tom Weber,https://orcid.org/0000-0003-3836-3299
A5078395814,Azadeh Seidi,https://orcid.org/0000-0002-8024-8633
A5072422661,Jafar S. Jabbari,https://orcid.org/0000-0002-6302-4857
A5056109480,Shalin H. Naik,https://orcid.org/0000-0003-0299-3301
A5015434839,Matthew E. Ritchie,https://orcid.org/0000-0002-7383-0609
A5024483449,Jun Wu,https://orcid.org/0000-0002-7444-550X
A5100639866,Jinsong Wang,https://orcid.org/0000-0002-1010-6699
A5041300353,Zheng You,https://orcid.org/0000-0002-3941-1371
A5100506974,Wen Jin,https://orcid.org/0009-0004-7187-7296
A5023925931,Anthony K. H. Tung,https://orcid.org/0000-0002-5125-855X
A5019539533,Jiawei Han,https://orcid.org/0000-0002-3629-2696
A5100392156,Wei Wang,https://orcid.org/0000-0003-0264-788X
A5100605168,Zhihan Li,https://orcid.org/0000-0002-6290-6575
A5067077438,Jiaqi Han,https://orcid.org/0000-0002-5229-8609
A5063798691,Rui Jiao,https://orcid.org/0000-0002-7516-0469
A5001239748,Xidao Wen,https://orcid.org/0000-0003-0527-947X
A5113689151,Yaya Xie,
A5029626046,Weiyun Ying,
A5090412627,Xiao Yuan,https://orcid.org/0000-0003-0205-6545
A5064691262,Hongyi Zhou,https://orcid.org/0000-0002-1434-0431
A5055298323,Xiongfeng Ma,https://orcid.org/0000-0002-9441-4006
A5078091030,Anping Wan,https://orcid.org/0000-0002-1939-8309
A5075485324,Qing Chang,https://orcid.org/0000-0002-2655-5309
A5047288520,Khalil AL-Bukhaiti,https://orcid.org/0000-0003-1286-8774
A5066366509,Jiabo He,
A5082181536,Dong Xu,https://orcid.org/0000-0003-2775-9730
A5055469774,Jiebo Luo,https://orcid.org/0000-0002-4516-9729
A5012707925,Yunhe Pan,https://orcid.org/0000-0002-0608-3826
A5028066599,Deyu Bo,https://orcid.org/0000-0003-2063-8223
A5028965727,Shaohua Fan,https://orcid.org/0000-0002-1224-4243
A5027601906,Yanfang Ye,https://orcid.org/0000-0002-6038-2173
A5109175587,Roderick V. Jensen,
A5079261300,Lei Guo,https://orcid.org/0000-0002-0402-4152
A5077446386,Lisa J. Croner,https://orcid.org/0000-0002-3921-1484
A5015216573,Cecilie Boysen,
A5083301167,Shashi Amur,
A5001633495,Cátálin Bárbácioru,
A5078370697,Vincent Bertholet,
A5031909133,Xiaoxi Cao,
A5003849228,Patrick Collins,https://orcid.org/0000-0002-7141-7503
A5056523134,Felix W. Frueh,https://orcid.org/0000-0003-0995-8939
A5032273680,Xu Guo,https://orcid.org/0000-0002-8617-3476
A5101535588,Jing Han,https://orcid.org/0000-0002-8657-4851
A5075794110,Damir Herman,
A5043590676,Ernest S. Kawasaki,
A5078441453,Quan‐Zhen Li,https://orcid.org/0000-0002-7257-0489
A5112127033,Yuling Luo,https://orcid.org/0009-0002-2826-4780
A5102710279,Yunqing Ma,https://orcid.org/0009-0009-9204-8960
A5006406931,Nan Mei,https://orcid.org/0000-0002-3501-9014
A5110143690,Ron Peterson,
A5067972591,Raj K. Puri,https://orcid.org/0000-0003-2548-346X
A5009054100,Richard Shippy,
A5067123720,Yongming Sun,https://orcid.org/0000-0002-3398-4267
A5029076691,Hongmei Sun,https://orcid.org/0000-0002-9253-8857
A5091238252,Yaron Turpaz,https://orcid.org/0000-0001-9480-869X
A5100778961,Charles Wang,
A5062332192,Janet A. Warrington,
A5103524503,James C. Willey,https://orcid.org/0000-0002-1192-6824
A5101473970,Jie Wu,https://orcid.org/0000-0002-5737-8608
A5010087179,Qian Xie,https://orcid.org/0000-0002-3755-8599
A5100425262,Liang Zhang,https://orcid.org/0000-0003-0782-0688
A5100388566,Lu Zhang,https://orcid.org/0000-0001-7141-6730
A5047976044,Sheng Zhong,https://orcid.org/0000-0001-6419-7453
A5107941559,Mengchen Liu,https://orcid.org/0000-0002-4160-8608
A5101599156,Xiang Zhou,https://orcid.org/0000-0002-9181-5939
A5048118068,Tao Xie,https://orcid.org/0000-0002-6731-216X
A5100429004,Jun Sun,https://orcid.org/0000-0002-3545-1392
A5014258731,Chao Ji,https://orcid.org/0000-0002-2282-3505
A5102970144,Wenhai Li,https://orcid.org/0000-0003-3662-6024
A5061272871,Dan Ding,https://orcid.org/0000-0002-4049-424X
A5013097435,Hanjun Shin,
A5088947252,Yi Shi,https://orcid.org/0000-0002-5279-3239
A5074446712,Chao Dai,https://orcid.org/0000-0003-4117-6486
A5040894049,Harianto Tjong,https://orcid.org/0000-0001-7992-2697
A5000091844,Ke Gong,https://orcid.org/0000-0003-0337-297X
A5045820772,Frank Alber,https://orcid.org/0000-0003-1981-8390
A5050577808,Xianghong Jasmine Zhou,https://orcid.org/0000-0002-4522-7490
A5100689470,Fang Wan,https://orcid.org/0000-0003-1647-3278
A5076008539,Lixiang Hong,https://orcid.org/0000-0002-4753-7660
A5017898444,An Xiao,https://orcid.org/0000-0003-0909-3234
A5101911266,Tao Jiang,https://orcid.org/0000-0003-3833-4498
A5016095713,Xinlei Chen,https://orcid.org/0000-0001-8271-5023
A5101505982,Peng Zhou,https://orcid.org/0000-0002-0674-9296
A5107885738,Cong Geng,https://orcid.org/0000-0002-3129-8941
A5102311417,Jianguo Hu,https://orcid.org/0009-0007-5988-6888
A5044541383,Ke Gu,https://orcid.org/0000-0001-5540-3235
A5100403129,Weisi Lin,https://orcid.org/0000-0001-9866-1947
A5100343894,Min Liu,https://orcid.org/0000-0002-3785-6932
A5006863331,Tianyu Gao,https://orcid.org/0000-0002-5178-0866
A5054822682,Rongxin Wu,https://orcid.org/0000-0002-4648-3795
A5100695695,Sunghun Kim,https://orcid.org/0000-0001-6530-8733
A5034057959,Shing-Chi Cheung,https://orcid.org/0000-0002-3508-7172
A5082331221,Haitao Yuan,https://orcid.org/0000-0001-7403-2871
A5109309781,Lizhu Zhou,
A5047030842,Meng Shen,https://orcid.org/0000-0002-1867-0972
A5100685019,Jinpeng Zhang,https://orcid.org/0000-0003-0524-9190
A5100634361,Liehuang Zhu,https://orcid.org/0000-0003-3277-3887
A5100665814,Ke Xu,https://orcid.org/0000-0003-2587-8517
A5060514022,Xiaojiang Du,https://orcid.org/0000-0003-4235-9671
A5040661461,Blagoj Ristevski,https://orcid.org/0000-0002-8356-1203
A5100423292,Ming Chen,https://orcid.org/0000-0002-9677-1699
A5060766494,Kunjin Chen,https://orcid.org/0000-0002-9301-6532
A5049329567,Caowei Huang,https://orcid.org/0000-0001-9936-2850
A5108056583,Jinliang He,
A5042107634,Shucai Li,https://orcid.org/0000-0002-4914-0325
A5101783387,Bin Liu,https://orcid.org/0000-0002-5188-3320
A5006793709,Yuxiao Ren,https://orcid.org/0000-0002-7023-0632
A5019972279,Yangkang Chen,https://orcid.org/0000-0001-6429-4261
A5077933989,Senlin Yang,https://orcid.org/0000-0002-5236-4258
A5068526974,Yunhai Wang,https://orcid.org/0000-0003-0059-6580
A5091117089,Peng Jiang,https://orcid.org/0000-0002-7342-7940
A5100387512,Hui Liu,https://orcid.org/0000-0001-7158-913X
A5006030510,Jianjiang Sun,
A5086316879,Jihong Guan,https://orcid.org/0000-0003-2313-7635
A5014529529,Jie Zheng,https://orcid.org/0000-0001-6774-9786
A5101873531,Jinlong Peng,https://orcid.org/0009-0003-1887-6406
A5100645728,Changan Wang,https://orcid.org/0000-0001-8262-9491
A5009328745,Fangbin Wan,
A5028731909,Yabiao Wang,https://orcid.org/0000-0002-6592-8411
A5023834700,Chengjie Wang,https://orcid.org/0000-0003-4216-8090
A5100403440,Fan Zhang,https://orcid.org/0000-0002-1792-5195
A5055597439,Hasan Fleyeh,https://orcid.org/0000-0002-1429-2345
A5100599679,Xinru Wang,https://orcid.org/0000-0002-8340-243X
A5102426335,Minghui Lu,https://orcid.org/0009-0008-2086-3379
A5101691100,Tao Zheng,https://orcid.org/0009-0002-9587-1695
A5000426279,Wei Xie,https://orcid.org/0000-0002-1871-6846
A5102871273,Liling Xu,https://orcid.org/0000-0002-2095-0906
A5102267094,Xiaoying He,https://orcid.org/0000-0002-9350-8721
A5100342828,Ya Zhang,https://orcid.org/0000-0002-5390-9053
A5083935406,Mingrong You,https://orcid.org/0000-0001-7315-8405
A5040085389,Gong Yang,https://orcid.org/0000-0002-7006-5825
A5100714052,You Chen,https://orcid.org/0000-0001-8232-8840
A5032439086,Xiang Chen,https://orcid.org/0000-0002-6058-0049
A5075649212,Junfan Wang,https://orcid.org/0000-0001-8403-2875
A5100693929,Yi Chen,https://orcid.org/0000-0001-5919-6413
A5061517548,Zhekang Dong,https://orcid.org/0000-0003-4639-3834
A5101577487,Mingyu Gao,https://orcid.org/0000-0003-4678-6937
A5100374384,Bo Li,https://orcid.org/0000-0001-9944-0003
A5101518929,Jing Tang,https://orcid.org/0000-0002-1491-6787
A5044909162,Qingxia Yang,https://orcid.org/0000-0001-9607-7026
A5033600988,Shuang Li,https://orcid.org/0000-0003-4658-9765
A5110613625,Xuejiao Cui,
A5052672374,Yinghong Li,https://orcid.org/0000-0003-3629-519X
A5027345342,Weiwei Xue,https://orcid.org/0000-0002-3285-0574
A5100347686,Xiaofeng Li,https://orcid.org/0000-0002-3888-6359
A5100755257,Feng Zhu,https://orcid.org/0000-0001-8069-0053
A5112378161,Hongling Guo,
A5016293783,Yantao Yu,https://orcid.org/0000-0003-0400-3068
A5004114267,Martin Skitmore,https://orcid.org/0000-0001-7135-1201
A5100738980,Haiyan Zhao,https://orcid.org/0009-0006-5358-6895
A5101511644,Hanjie Chen,https://orcid.org/0009-0001-5547-6634
A5101790532,Fan Yang,https://orcid.org/0000-0003-3442-754X
A5007489034,Ninghao Liu,https://orcid.org/0000-0002-9170-2424
A5075858724,Huiqi Deng,https://orcid.org/0000-0002-2946-6678
A5062665223,Hengyi Cai,https://orcid.org/0000-0002-7147-5666
A5050255638,Shuaiqiang Wang,https://orcid.org/0000-0002-9212-1947
A5103029035,Dawei Yin,https://orcid.org/0000-0001-6813-680X
A5072191151,Mengnan Du,https://orcid.org/0000-0002-1614-6069
A5036875405,Zhiheng Xi,
A5100687441,Wen-Xiang Chen,https://orcid.org/0000-0002-0560-8280
A5101809968,Xin Hua Guo,https://orcid.org/0000-0001-8089-1007
A5070006732,Wei He,https://orcid.org/0000-0002-3671-8650
A5108961327,Yiwen Ding,
A5109730221,Boyang Hong,
A5100447280,Ming Zhang,https://orcid.org/0000-0002-5834-0994
A5114723683,Junzhe Wang,https://orcid.org/0009-0006-8449-5419
A5108893565,Senjie Jin,
A5087033501,Enyu Zhou,
A5041006174,Rui Zheng,https://orcid.org/0000-0003-0391-2454
A5101588749,Xiaoran Fan,https://orcid.org/0000-0002-6368-9250
A5100411426,Xiao Wang,https://orcid.org/0000-0001-6117-6745
A5060618975,Limao Xiong,
A5043656661,Y. Z. Zhou,https://orcid.org/0009-0008-8665-3999
A5101432591,Weiran Wang,https://orcid.org/0009-0000-0843-707X
A5101729628,Changhao Jiang,https://orcid.org/0000-0002-3098-3891
A5100341808,Xiangyang Liu,https://orcid.org/0000-0002-8636-1610
A5083955516,Zhangyue Yin,https://orcid.org/0009-0008-0620-8271
A5083173421,Shihan Dou,https://orcid.org/0009-0002-6013-3035
A5081667345,Rongxiang Weng,
A5102945489,Wenjuan Qin,https://orcid.org/0009-0004-6782-2321
A5067758524,Yongyan Zheng,https://orcid.org/0000-0002-0664-3942
A5100360436,Qi Zhang,https://orcid.org/0000-0003-3165-9740
A5058353652,Tao Gui,https://orcid.org/0000-0002-6154-0751
A5070461768,Zhenhua Xu,https://orcid.org/0000-0003-0700-2335
A5041031140,Enze Xie,https://orcid.org/0000-0001-6890-1049
A5058406424,Yong Guo,https://orcid.org/0000-0002-3444-4588
A5109582975,Kenneth K. Wong,https://orcid.org/0000-0001-8560-9007
A5103196797,Zhenguo Li,https://orcid.org/0000-0002-8492-3069
A5012003354,Xinbei Ma,https://orcid.org/0000-0003-1505-8603
A5041448669,Yeyun Gong,https://orcid.org/0000-0001-9954-9674
A5019259019,Pengcheng He,https://orcid.org/0000-0002-7860-503X
A5036050911,Hai Zhao,https://orcid.org/0000-0001-7290-0487
A5042018181,Nan Duan,https://orcid.org/0000-0002-3387-4674
A5014777126,Xiaofei Sun,https://orcid.org/0000-0003-0976-5715
A5100651417,Xiaoya Li,https://orcid.org/0009-0008-5742-4855
A5100758099,Jiwei Li,https://orcid.org/0000-0003-3655-7313
A5073264981,Shangwei Guo,https://orcid.org/0000-0002-6443-5308
A5101591101,Tianwei Zhang,https://orcid.org/0000-0001-6595-6650
A5031220156,Guoyin Wang,https://orcid.org/0000-0002-8521-5232
A5043082246,Bjorn Kaijun Betzler,https://orcid.org/0000-0002-4843-7514
A5101675440,Haichao Chen,https://orcid.org/0000-0003-1898-3976
A5032933669,Ching‐Yu Cheng,https://orcid.org/0000-0003-0655-885X
A5067663922,Cecilia S. Lee,https://orcid.org/0000-0003-1994-7213
A5031766048,Guochen Ning,https://orcid.org/0000-0003-0282-7303
A5082460884,Su Jeong Song,https://orcid.org/0000-0003-2110-1874
A5029283104,Aaron Lee,https://orcid.org/0000-0002-7452-1648
A5025647523,Ryo Kawasaki,https://orcid.org/0000-0002-7492-6303
A5054184199,Peter van Wijngaarden,https://orcid.org/0000-0002-8800-7834
A5006822597,Andrzej Grzybowski,https://orcid.org/0000-0002-3724-2391
A5015914756,Mingguang He,https://orcid.org/0000-0002-6912-2810
A5100324969,Dawei Li,https://orcid.org/0000-0003-0813-7821
A5017279723,An Ran Ran,https://orcid.org/0000-0003-4592-4867
A5032625133,Daniel Shu Wei Ting,https://orcid.org/0000-0003-2264-7174
A5024030578,Kelvin Yi Chong Teo,https://orcid.org/0000-0002-7458-7081
A5082967971,Paisan Ruamviboonsuk,https://orcid.org/0000-0001-6114-6220
A5066434934,Sobha Sivaprasad,https://orcid.org/0000-0001-8952-0659
A5046574977,Varun Chaudhary,https://orcid.org/0000-0002-9988-4146
A5083564913,Ramin Tadayoni,https://orcid.org/0000-0001-5616-3579
A5100363454,Xiaofei Wang,https://orcid.org/0000-0001-9000-9022
A5084913828,Carol Y. Cheung,https://orcid.org/0000-0003-0869-859X
A5021782904,Yingfeng Zheng,https://orcid.org/0000-0002-0914-7864
A5016857233,Ya Xing Wang,https://orcid.org/0000-0003-2749-7793
A5085096438,Yih Chung Tham,https://orcid.org/0000-0002-6752-797X
A5072258594,Tien Yin Wong,https://orcid.org/0000-0002-8448-1264
A5045832099,Xiaochong Lan,https://orcid.org/0000-0001-8960-4246
A5100400585,Nian Li,https://orcid.org/0000-0003-4689-2289
A5100334743,Yuan Yuan,https://orcid.org/0000-0002-1074-8667
A5110294523,Zhilun Zhou,
A5062365263,Fengli Xu,https://orcid.org/0000-0002-5720-4026
A5100436099,Lei Wang,https://orcid.org/0000-0003-1810-3019
A5059782572,Wanyu Xu,
A5063409665,Yihuai Lan,
A5090588589,Yunshi Lan,https://orcid.org/0000-0002-0192-8498
A5089793938,Roy Ka-Wei Lee,https://orcid.org/0000-0002-1986-7750
A5039617569,Ee‐Peng Lim,https://orcid.org/0000-0003-0065-8665
A5034614141,Liang Tian,https://orcid.org/0000-0002-6595-445X
A5100669278,Zhiwei He,https://orcid.org/0000-0002-4807-0062
A5023250445,Wenxiang Jiao,https://orcid.org/0000-0003-4951-9420
A5100365484,Xing Wang,https://orcid.org/0000-0001-8704-7861
A5100322712,Yan Wang,https://orcid.org/0000-0002-5344-1884
A5101696592,Rui Wang,https://orcid.org/0000-0002-4495-6405
A5020953714,Yujiu Yang,https://orcid.org/0000-0002-6427-1024
A5087920747,Shuming Shi,https://orcid.org/0000-0001-7018-0682
A5110579339,Zhaopeng Tu,https://orcid.org/0000-0002-7900-6055
A5111125513,Xianda Wang,
A5093875978,Yaqi Qiao,
A5103258769,Junchen Jiang,https://orcid.org/0000-0002-6877-1683
A5009164482,Shuguang Cui,https://orcid.org/0000-0003-2608-775X
A5101686970,Fangxin Wang,https://orcid.org/0000-0003-2559-045X
A5050708741,Sarah Sandmann,https://orcid.org/0000-0002-5011-0641
A5053402317,Stefan Hegselmann,https://orcid.org/0000-0002-2145-3258
A5016937929,Michael Fujarski,
A5091980022,Lucas Bickmann,https://orcid.org/0000-0001-9043-7844
A5041913433,Benjamin Wild,https://orcid.org/0000-0002-7492-8448
A5033176798,Julian Varghese,https://orcid.org/0000-0002-7206-3719
A5030177160,Xuena Wang,https://orcid.org/0000-0003-3703-2674
A5100685997,Xueting Li,https://orcid.org/0000-0002-4680-6996
A5053778747,Zi Yin,
A5101490744,Yue Wu,https://orcid.org/0009-0002-5423-7217
A5100409741,Jia Liu,https://orcid.org/0000-0003-0383-0934
A5103066136,Zhi Wei Lim,https://orcid.org/0000-0002-6642-4290
A5075448224,Krithi Pushpanathan,https://orcid.org/0000-0001-6263-8489
A5092683731,Samantha Min Er Yew,
A5069499692,Yien Lai,https://orcid.org/0000-0003-4745-1354
A5051108261,Chen‐Hsin Sun,
A5112986368,Janice Sing Harn Lam,
A5032242330,David Ziyou Chen,https://orcid.org/0000-0002-2153-3100
A5009380042,Jocelyn Hui Lin Goh,https://orcid.org/0000-0002-5052-6081
A5076605908,Marcus Chun Jin Tan,https://orcid.org/0000-0002-4849-6194
A5017063138,Victor Koh,https://orcid.org/0000-0003-4134-7142
A5036057873,Jianghao Lin,https://orcid.org/0000-0002-8953-3203
A5012370987,Xinyi Dai,https://orcid.org/0000-0002-3351-5401
A5013513956,Yunjia Xi,https://orcid.org/0000-0001-6883-881X
A5101500385,Weiwen Liu,https://orcid.org/0000-0002-9148-3997
A5100427434,Bo Chen,https://orcid.org/0000-0003-3750-2533
A5067846625,Hao Zhang,https://orcid.org/0000-0002-2725-6458
A5072988055,Yong Liu,https://orcid.org/0000-0001-9031-9696
A5001967239,Chuhan Wu,https://orcid.org/0000-0001-5730-8792
A5100341816,Xiangyang Li,https://orcid.org/0000-0003-2862-0239
A5008281909,Chenxu Zhu,https://orcid.org/0000-0001-8320-6845
A5019541869,Huifeng Guo,https://orcid.org/0000-0002-7393-8994
A5054330014,Ruiming Tang,https://orcid.org/0000-0002-9224-2431
A5100632772,Fenglin Liu,https://orcid.org/0000-0001-7715-5228
A5055850985,Tingting Zhu,https://orcid.org/0000-0002-1552-5630
A5100352418,Xian Wu,https://orcid.org/0000-0003-1118-9710
A5101695004,Bang Yang,https://orcid.org/0000-0003-2019-0377
A5076320750,Chenyu You,https://orcid.org/0000-0001-8365-7822
A5100424709,Chenyang Wang,https://orcid.org/0000-0003-1851-9866
A5053733933,Lei Lü,https://orcid.org/0000-0001-9139-8955
A5040149528,Zhangdaihong Liu,https://orcid.org/0000-0003-2142-477X
A5111863979,Xu Sun,https://orcid.org/0000-0001-5389-7251
A5100397381,Yang Yang,https://orcid.org/0000-0001-5720-773X
A5055138562,Lei Clifton,https://orcid.org/0000-0001-5595-8468
A5040302008,David A. Clifton,https://orcid.org/0000-0002-9848-8555
A5114402756,Yuren Mao,
A5114402757,Yuhang Ge,
A5114402758,Yijiang Fan,
A5114402759,Wenyi Xu,
A5114402760,Yu Mi,
A5114402761,Zhonghao Hu,
A5114402762,Yunjun Gao,
A5060885589,Xueying Du,https://orcid.org/0009-0005-0004-9183
A5039575081,Kaixin Wang,https://orcid.org/0009-0002-6414-2174
A5087522507,Hanlin Wang,https://orcid.org/0009-0008-2374-1246
A5060758777,Liu Jun-wei,https://orcid.org/0009-0005-7299-3851
A5026843654,Yixuan Chen,https://orcid.org/0009-0006-8804-1828
A5008124792,Jiayi Feng,https://orcid.org/0009-0000-0258-030X
A5083750020,Chaofeng Sha,https://orcid.org/0009-0004-4195-0122
A5024354460,Yiling Lou,https://orcid.org/0000-0002-4066-3365
A5100366146,Dong Zhang,https://orcid.org/0000-0003-2322-9644
A5100622912,Shimin Li,https://orcid.org/0000-0003-0216-2639
A5100327490,Xin Zhang,https://orcid.org/0000-0002-6070-1592
A5107006256,Jun Zhan,https://orcid.org/0009-0004-2594-5446
A5077595559,Pengyu Wang,https://orcid.org/0009-0007-2330-6650
A5102514765,Yaqian Zhou,
A5103100933,Zhihong Shao,https://orcid.org/0000-0001-7290-5958
A5101180037,Yelong Shen,
A5051745436,Weizhu Chen,
A5100321270,Yuhao Chen,https://orcid.org/0000-0002-9905-5823
A5029554732,Bin Qian,https://orcid.org/0000-0001-7058-0360
A5055589153,Xiufang Shi,https://orcid.org/0000-0002-2945-8344
A5016472874,Yuanchao Shu,https://orcid.org/0000-0002-9542-7095
A5100726041,Jiming Chen,https://orcid.org/0000-0003-3155-3145
A5029082837,Libo Qin,https://orcid.org/0000-0002-3619-675X
A5103207823,Qiguang Chen,https://orcid.org/0000-0002-9154-7858
A5101972658,Yuhang Zhou,https://orcid.org/0000-0003-2563-3712
A5028349844,Cheng Zhi,https://orcid.org/0000-0002-3026-7334
A5101752106,Yinghui Li,https://orcid.org/0000-0002-7596-9508
A5081165986,Lizi Liao,https://orcid.org/0000-0002-9973-3305
A5100400777,Min Li,https://orcid.org/0000-0003-2606-5315
A5019108029,Wanxiang Che,https://orcid.org/0000-0002-3907-0335
A5051629595,Daocheng Fu,
A5100353701,Xin Li,https://orcid.org/0000-0001-6003-7719
A5056126166,Licheng Wen,https://orcid.org/0000-0003-2707-3165
A5002832266,Min Dou,https://orcid.org/0000-0003-0987-5578
A5062614549,Pinlong Cai,https://orcid.org/0000-0002-3993-0913
A5058342038,Botian Shi,https://orcid.org/0000-0003-3677-7252
A5078410186,Xiao Fang,https://orcid.org/0000-0002-9429-5748
A5103120458,Shangkun Che,https://orcid.org/0000-0001-5012-6515
A5111071295,Minjia Mao,
A5109653981,Hongzhe Zhang,
A5001906215,Ming Zhao,https://orcid.org/0000-0002-3605-6773
A5083493705,Xiaohang Zhao,https://orcid.org/0000-0001-7766-6730
A5100959340,Zhen Wan,
A5062469562,Fei Cheng,https://orcid.org/0000-0003-4808-8470
A5017982536,Zhuoyuan Mao,https://orcid.org/0000-0001-5273-2738
A5101901747,Qianying Liu,https://orcid.org/0000-0003-2008-1082
A5033608663,Haiyue Song,https://orcid.org/0000-0003-1159-0918
A5100758089,Jiwei Li,https://orcid.org/0000-0001-5294-8504
A5028836340,Sadao Kurohashi,https://orcid.org/0000-0001-5398-8399
A5100777553,Sheng Wang,https://orcid.org/0000-0002-5472-6929
A5060612867,Zihao Zhao,https://orcid.org/0009-0001-8044-7683
A5040769857,Xi Ouyang,https://orcid.org/0000-0002-7841-5359
A5100647156,Tianming Liu,https://orcid.org/0000-0002-8132-9048
A5101649969,Wenhao Zhu,https://orcid.org/0000-0002-0249-2817
A5116644737,Hongyi Liu,https://orcid.org/0000-0001-6404-369X
A5113750837,Qingxiu Dong,
A5100735418,Jingjing Xu,https://orcid.org/0000-0003-1082-2262
A5102865824,Shujian Huang,https://orcid.org/0000-0003-4869-0832
A5101497114,Lingpeng Kong,https://orcid.org/0000-0002-9407-7193
A5100427076,Jiajun Chen,https://orcid.org/0000-0001-5618-3932
A5100440407,Lei Li,https://orcid.org/0000-0003-3095-9776
A5017606722,Xiangru Tang,https://orcid.org/0000-0001-7943-4474
A5003931816,Anni Zou,https://orcid.org/0000-0001-6378-6475
A5070962435,Zhuosheng Zhang,https://orcid.org/0000-0002-4183-3645
A5101651746,Ziming Li,https://orcid.org/0000-0002-4686-2883
A5103004488,Yilun Zhao,https://orcid.org/0000-0002-7470-6124
A5010481801,Xingyao Zhang,https://orcid.org/0000-0002-8874-9520
A5064858748,Arman Cohan,https://orcid.org/0000-0002-8954-2724
A5042321575,Mark Gerstein,https://orcid.org/0000-0002-9746-3719
A5103872008,Xiaoling Cai,https://orcid.org/0009-0000-3366-5437
A5102878488,Hong Zhu,https://orcid.org/0000-0003-2943-7997
A5048669373,Jieming Zhu,https://orcid.org/0000-0002-5666-8320
A5081084638,Yixin Song,https://orcid.org/0009-0001-4605-7382
A5051857167,Zeyu Mi,https://orcid.org/0000-0001-8395-1319
A5102595992,Haotong Xie,
A5100406215,Haibo Chen,https://orcid.org/0000-0002-9720-0361
A5026831784,Shulin Zeng,https://orcid.org/0000-0002-1030-3748
A5058051415,J Liu,https://orcid.org/0009-0003-8280-9072
A5015946486,Guohao Dai,https://orcid.org/0000-0003-0849-3252
A5020244808,Xinhao Yang,https://orcid.org/0009-0001-9739-2930
A5083724554,Tianyu Fu,https://orcid.org/0000-0003-3508-1755
A5023007010,Hongyi Wang,https://orcid.org/0009-0008-7095-7963
A5074195618,Wenheng Ma,https://orcid.org/0000-0003-2349-7286
A5000640882,Hanbo Sun,https://orcid.org/0000-0002-7875-2064
A5005872704,Shiyao Li,https://orcid.org/0009-0007-4755-6881
A5101728676,Zixiao Huang,https://orcid.org/0009-0000-1273-2573
A5043844741,Yadong Dai,https://orcid.org/0009-0009-9193-8494
A5053894346,Jintao Li,https://orcid.org/0009-0006-8903-8276
A5003892449,Zehao Wang,
A5002311002,R. Zhang,https://orcid.org/0009-0006-3401-5237
A5031548623,Kairui Wen,
A5086217226,Xuefei Ning,https://orcid.org/0000-0003-2209-8312
A5101706991,Cong Guo,https://orcid.org/0000-0002-4479-5525
A5103244882,Jiaming Tang,https://orcid.org/0009-0004-4186-6561
A5101721549,Weiming Hu,https://orcid.org/0009-0003-5115-0498
A5003939279,Jingwen Leng,https://orcid.org/0000-0002-5660-5493
A5100374175,Chen Zhang,https://orcid.org/0000-0003-2762-2726
A5100346602,Fan Yang,https://orcid.org/0000-0002-0378-060X
A5102880548,Yunxin Liu,https://orcid.org/0000-0001-7352-8955
A5023684582,Yuhao Zhu,https://orcid.org/0000-0002-2802-0578
A5025897218,Wei Zhang,https://orcid.org/0000-0003-3688-4381
A5104323110,Qinggong Wang,
A5026479709,Xiangtai Kong,https://orcid.org/0000-0002-6257-2560
A5018727768,Jiacheng Xiong,
A5102580148,Shengkun Ni,
A5042139747,Duanhua Cao,https://orcid.org/0000-0003-1721-1528
A5041726005,Buying Niu,
A5050781010,Mingan Chen,https://orcid.org/0000-0002-8559-3671
A5111064139,Yameng Li,
A5022159272,Runze Zhang,https://orcid.org/0000-0001-9698-0178
A5101482250,Yitian Wang,https://orcid.org/0000-0003-3064-1020
A5010683013,Lehan Zhang,
A5046574920,Xutong Li,https://orcid.org/0000-0001-9547-0643
A5073414026,Zhaoping Xiong,https://orcid.org/0000-0001-5041-9385
A5010856973,Qian Shi,https://orcid.org/0000-0002-1276-0352
A5101880338,Ziming Huang,https://orcid.org/0009-0009-9890-1395
A5018206556,Zunyun Fu,
A5075749706,Mingyue Zheng,https://orcid.org/0000-0002-3323-3092
A5031172849,Dongfu Jiang,https://orcid.org/0009-0007-9442-6721
A5061781904,Bill Lin,https://orcid.org/0000-0003-0965-7247
A5100330010,Xi Chen,https://orcid.org/0000-0003-0165-6426
A5060429045,Huahui Yi,https://orcid.org/0009-0007-9361-5491
A5006449329,Mingke You,https://orcid.org/0000-0002-7608-5456
A5106481242,Weizhi Liu,https://orcid.org/0009-0004-5917-212X
A5100382439,Wang Li,https://orcid.org/0000-0003-3260-5998
A5051337300,Hairui Li,https://orcid.org/0000-0001-6592-7876
A5100445849,Xue Zhang,https://orcid.org/0000-0002-5840-9349
A5101954336,Yingman Guo,https://orcid.org/0000-0002-3566-4945
A5059040724,Lei Fan,https://orcid.org/0000-0001-9472-7152
A5101454968,Gang Chen,https://orcid.org/0000-0001-7322-5292
A5013010213,Qicheng Lao,https://orcid.org/0000-0002-6032-8548
A5035622610,Weili Fu,https://orcid.org/0000-0003-4438-2760
A5100456986,Kang Li,https://orcid.org/0000-0002-8136-9816
A5048514009,Minze Chen,https://orcid.org/0000-0003-4925-1604
A5003484932,Zhenxiang Tao,https://orcid.org/0000-0001-5200-6234
A5108878628,Weitong Tang,
A5031538881,Tingxin Qin,
A5031592704,Rui Yang,https://orcid.org/0000-0002-4035-4191
A5042218238,Chunli Zhu,https://orcid.org/0000-0002-6109-9484
A5100728766,Rui Ye,https://orcid.org/0009-0007-5998-8200
A5064810450,Jingyi Chai,https://orcid.org/0009-0000-2959-3274
A5080866991,Dihan Li,
A5031648019,Zexi Li,
A5078544994,Yaxin Du,
A5064101065,Yanfeng Wang,
A5070837391,Siheng Chen,https://orcid.org/0000-0001-6199-529X
A5056912386,Xuanhe Zhou,https://orcid.org/0000-0002-2285-7836
A5053352268,Zhaoyan Sun,https://orcid.org/0009-0000-2688-4981
A5019343947,Trista M. Benítez,
A5109695029,Yueyuan Xu,
A5028815058,J. Donald Boudreau,https://orcid.org/0000-0003-0826-9015
A5001029365,Alfred Wei Chieh Kow,https://orcid.org/0000-0001-8942-8262
A5031207765,Fernando Bello,https://orcid.org/0000-0003-4136-0355
A5015655352,Le Van Phuoc,
A5100875166,Xiaodong Sun,
A5050516829,Gkk Leung,https://orcid.org/0000-0003-3147-3057
A5109520123,Davy Cheng,https://orcid.org/0009-0006-8773-8885
A5046132723,Kevin C. Chung,https://orcid.org/0000-0002-2822-3164
A5075229879,Runsen Xu,
A5006555821,Xiaolong Wang,https://orcid.org/0000-0003-1201-3530
A5101521590,Tai Wang,https://orcid.org/0000-0002-3308-9262
A5101537282,Yilun Chen,https://orcid.org/0000-0002-8888-2209
A5114177727,Jiangmiao Pang,
A5032086683,Keyan Ding,https://orcid.org/0000-0003-2900-7313
A5081178619,Xinda Wang,https://orcid.org/0009-0004-5559-1714
A5111338018,Qingyu Yin,https://orcid.org/0009-0000-5612-5521
A5100546116,Yu Jing,https://orcid.org/0009-0002-1156-9326
A5104236159,Zhuoyi Xiang,https://orcid.org/0009-0003-4230-3026
A5047455876,Zeyuan Wang,https://orcid.org/0000-0002-5036-9602
A5084788142,Ming Qin,https://orcid.org/0000-0001-8607-8965
A5074629340,Mengyao Zhang,https://orcid.org/0009-0009-6545-8171
A5102967507,Jinlu Zhang,https://orcid.org/0009-0002-3336-8074
A5066729745,Jiyu Cui,https://orcid.org/0009-0005-1409-7338
A5023754227,Renjun Xu,https://orcid.org/0000-0002-7566-7948
A5008473103,Hongyang Chen,https://orcid.org/0000-0002-7626-0162
A5001967373,Huabin Xing,https://orcid.org/0000-0002-7418-0046
A5108839435,Yikang Pan,
A5011007223,Liangming Pan,https://orcid.org/0000-0002-4636-397X
A5103103242,Wenhu Chen,https://orcid.org/0000-0002-8609-7821
A5012055259,Preslav Nakov,https://orcid.org/0000-0002-3600-1510
A5066305082,Min‐Yen Kan,https://orcid.org/0000-0001-8507-3716
A5060201245,Yuyan Chen,https://orcid.org/0000-0002-4381-486X
A5086820941,Qiang Fu,https://orcid.org/0000-0002-5821-7267
A5030760316,Yichen Yuan,https://orcid.org/0009-0009-1321-3850
A5088110992,Zhihao Wen,https://orcid.org/0000-0002-7688-5381
A5101589508,Ge Fan,https://orcid.org/0000-0001-5653-1626
A5062188134,Dayiheng Liu,https://orcid.org/0000-0002-8755-8941
A5110850309,Yanghua Xiao,
A5100305162,Zhihong Lu,
A5051273331,Jinzhu Mao,https://orcid.org/0009-0008-0276-9338
A5055592366,Jinghua Piao,https://orcid.org/0000-0003-2256-4256
A5114100372,Huandong Wang,
A5100757087,Shengyu Zhang,https://orcid.org/0000-0002-0030-8289
A5111028407,Linfeng Dong,https://orcid.org/0000-0001-9839-0438
A5101289283,Jiwei Li,https://orcid.org/0000-0002-3851-191X
A5101285238,Runyi Hu,https://orcid.org/0009-0001-6974-2542
A5091299759,Guoyin Wang,https://orcid.org/0009-0005-5030-3469
A5056430531,Yixiang Ruan,https://orcid.org/0000-0002-2816-3712
A5102661658,Chenyin Lu,
A5100735736,Ning Xu,https://orcid.org/0000-0003-3254-7118
A5100642689,Yuchen He,https://orcid.org/0000-0001-6271-041X
A5100393436,Yi-Xin Chen,https://orcid.org/0000-0001-5104-6031
A5100721565,Jian Zhang,https://orcid.org/0000-0002-6662-2967
A5076061804,Jun Xuan,https://orcid.org/0000-0003-0578-9330
A5060311326,Jian‐Zhang Pan,https://orcid.org/0000-0001-8164-7161
A5028381556,Qun Fang,
A5060799967,Hanyu Gao,https://orcid.org/0000-0002-6346-0739
A5087779837,Xiaodong Shen,https://orcid.org/0009-0008-3790-5539
A5079048867,Ning Ye,https://orcid.org/0000-0003-2637-6893
A5031948547,Yiming Mo,https://orcid.org/0000-0002-7031-1133
A5002066189,Cheng Chang,https://orcid.org/0000-0003-2768-5866
A5103072224,Siqi Wang,https://orcid.org/0009-0000-8947-4621
A5100462845,Jiawei Zhang,https://orcid.org/0000-0002-8634-1687
A5020672096,Jingwei Ge,https://orcid.org/0000-0003-2309-9739
A5101509556,Tian Liang,https://orcid.org/0009-0004-6406-0077
A5100431149,Rui Wang,https://orcid.org/0000-0001-8007-2503
A5100609321,Xing Wang,https://orcid.org/0000-0001-9296-9043
A5102894085,Yujia Qin,https://orcid.org/0000-0003-3608-5061
A5059211235,Guang Yang,https://orcid.org/0000-0003-1181-4862
A5049088062,Fuchao Wei,
A5042856545,Zonghan Yang,https://orcid.org/0000-0001-5774-5298
A5101474800,Yusheng Su,https://orcid.org/0000-0001-9509-9573
A5100398894,Yulin Chen,https://orcid.org/0000-0001-8960-9725
A5044330945,Chi-Min Chan,https://orcid.org/0009-0006-0218-3412
A5025388406,Weize Chen,https://orcid.org/0009-0007-5882-8870
A5017575883,Jing Yi,https://orcid.org/0000-0002-7424-9605
A5091743314,Weilin Zhao,https://orcid.org/0000-0001-8016-1952
A5100775958,Xiaozhi Wang,https://orcid.org/0000-0002-5727-143X
A5100641283,Jianfei Chen,https://orcid.org/0000-0003-4107-5706
A5015552951,Xupeng Miao,https://orcid.org/0000-0002-9371-8358
A5073183750,Gabriele Oliaro,https://orcid.org/0000-0001-5406-0736
A5072348433,Zhihao Zhang,https://orcid.org/0009-0002-8409-2717
A5040267796,Xinhao Cheng,https://orcid.org/0009-0009-3375-497X
A5006081199,Zeyu Wang,https://orcid.org/0009-0002-5756-2744
A5076465867,Zhengxin Zhang,https://orcid.org/0000-0003-1578-2597
A5101882411,Rae Ying Yee Wong,https://orcid.org/0009-0008-2677-0659
A5007886144,Alan Zhu,https://orcid.org/0009-0001-8694-9246
A5103135377,Lijie Yang,https://orcid.org/0009-0004-7909-5416
A5054091574,Xiaoxiang Shi,https://orcid.org/0009-0000-6840-4691
A5010483833,Chunan Shi,https://orcid.org/0009-0009-7197-4965
A5018889907,Zhuoming Chen,https://orcid.org/0009-0006-7797-573X
A5027897868,Daiyaan Arfeen,https://orcid.org/0009-0009-5626-4551
A5082159350,Reyna Abhyankar,https://orcid.org/0009-0005-6763-0108
A5062437461,Zhihao Jia,https://orcid.org/0000-0002-1270-5185
A5041224976,Yuebing Liang,https://orcid.org/0000-0003-2089-4606
A5003236313,Zhan Zhao,https://orcid.org/0000-0001-5170-9608
A5003418365,Zhouyu Guan,https://orcid.org/0009-0008-5102-0067
A5090244480,Lee‐Ling Lim,https://orcid.org/0000-0002-6214-6924
A5064235063,Zehua Jiang,https://orcid.org/0009-0005-2868-324X
A5051572835,Nestoras Mathioudakis,https://orcid.org/0000-0002-0210-655X
A5100454275,Jiajia Li,https://orcid.org/0000-0001-8158-3970
A5012709162,Yuqian Bao,https://orcid.org/0000-0002-4754-3470
A5060561623,Yong Mong Bee,https://orcid.org/0000-0002-5482-2646
A5074359287,Gavin Siew Wei Tan,https://orcid.org/0000-0001-5383-7136
A5033852093,Hongwei Ji,https://orcid.org/0000-0003-3657-4666
A5061312708,Josip Car,https://orcid.org/0000-0001-8969-371X
A5100328799,Haibo Wang,https://orcid.org/0000-0003-0818-138X
A5086077960,David C. Klonoff,https://orcid.org/0000-0001-6394-6862
A5058717031,Simon Razniewski,https://orcid.org/0000-0002-5410-218X
A5082776564,Jan-Christoph Kalo,https://orcid.org/0000-0002-5492-2292
A5059897786,Sneha Singhania,https://orcid.org/0000-0002-2803-9973
A5070728314,Stefan Dietze,https://orcid.org/0009-0001-4364-9243
A5034642813,Hajira Jabeen,https://orcid.org/0000-0003-1476-2121
A5077914007,Janna Omeliyanenko,https://orcid.org/0009-0006-2159-9413
A5084898176,Matteo Lissandrini,https://orcid.org/0000-0001-7922-5998
A5003389081,Russa Biswas,https://orcid.org/0000-0002-7421-3389
A5085664755,Angela Bonifati,https://orcid.org/0000-0002-9582-869X
A5079126034,Edlira Vakaj,https://orcid.org/0000-0002-0712-0959
A5069303169,Mauro Dragoni,https://orcid.org/0000-0003-0380-6571
A5056690478,Damien Graux,https://orcid.org/0000-0003-3392-3162
A5111114902,Kai Lv,https://orcid.org/0009-0005-7675-5711
A5101421201,Yuqing Yang,https://orcid.org/0000-0003-3518-5212
A5008056255,Tengxiao Liu,
A5030290474,Qipeng Guo,https://orcid.org/0000-0001-7113-651X
A5033233243,Feiran Huang,https://orcid.org/0000-0003-4294-0212
A5035660751,Yuanchen Bei,https://orcid.org/0000-0003-2834-2873
A5069498678,Zhenghang Yang,
A5069557211,Hao Chen,https://orcid.org/0000-0001-6816-5344
A5002273131,Qijie Shen,https://orcid.org/0000-0002-8673-2696
A5035708362,Senzhang Wang,https://orcid.org/0000-0002-3615-4859
A5115780993,Fakhri Karray,
A5102395586,Yun Liang Long,
A5101849515,Haifeng Luo,https://orcid.org/0009-0004-9459-7887
A5037837738,Yu Zhang,https://orcid.org/0000-0002-0059-270X
A5078324582,Jiaqi Ruan,https://orcid.org/0000-0003-2584-0738
A5090253720,Gaoqi Liang,https://orcid.org/0000-0001-9060-1675
A5011902043,Huan Zhao,https://orcid.org/0000-0002-3133-3137
A5101462397,Guolong Liu,https://orcid.org/0000-0002-3726-4216
A5086771045,Xianzhuo Sun,https://orcid.org/0000-0002-0473-5659
A5040046000,Jing Qiu,https://orcid.org/0000-0001-8507-0558
A5068791753,Zhao Xu,https://orcid.org/0000-0003-4480-7394
A5085698673,Fushuan Wen,https://orcid.org/0000-0002-6838-2602
A5100366084,Zhao Yang Dong,https://orcid.org/0000-0001-9659-0858
A5102797436,Zhuofan Xia,https://orcid.org/0009-0001-7965-364X
A5102210006,Dongchen Han,
A5101086461,Xuran Pan,
A5101868177,Shiji Song,https://orcid.org/0000-0002-4258-5217
A5102845658,Aiwei Liu,https://orcid.org/0000-0002-4965-8263
A5101279848,Leyi Pan,
A5073276043,Yijian Lu,
A5086265590,Jingjing Li,https://orcid.org/0000-0001-9018-3039
A5043651092,Xuming Hu,https://orcid.org/0000-0001-6075-4224
A5100672722,Xi Zhang,https://orcid.org/0000-0002-2111-7385
A5030845033,Lijie Wen,https://orcid.org/0000-0003-0358-3160
A5042251906,Irwin King,https://orcid.org/0000-0001-8106-6447
A5101862104,Hui Xiong,https://orcid.org/0000-0001-6016-6465
A5051341496,Chuanpeng Yang,https://orcid.org/0000-0003-0601-2224
A5101567069,Yao Zhu,https://orcid.org/0000-0003-0991-1970
A5100774978,Lu Wang,https://orcid.org/0000-0003-4035-0737
A5100685716,Yidong Wang,https://orcid.org/0009-0007-9969-8259
A5100737741,Qian Chen,https://orcid.org/0009-0002-2579-4380
A5044069461,Chenlong Gao,https://orcid.org/0000-0001-8827-7271
A5103069683,Bingjie Yan,https://orcid.org/0000-0002-8810-9689
A5008558592,Yiqiang Chen,https://orcid.org/0000-0002-8407-0780
A5102245113,Zhexin Zhang,
A5113392235,Leqi Lei,
A5088135049,Lindong Wu,https://orcid.org/0000-0001-5985-4308
A5111684213,Rui Sun,https://orcid.org/0000-0002-7378-7997
A5101434153,Yongkang Huang,https://orcid.org/0000-0001-8021-3169
A5033824727,Chong Long,https://orcid.org/0009-0001-3841-6760
A5115596171,Xiao Liu,https://orcid.org/0000-0002-8029-0217
A5081763489,Xuanyu Lei,
A5070009671,Jie Tang,https://orcid.org/0000-0002-5131-7652
A5102007400,Qiushi Sun,https://orcid.org/0000-0002-5207-818X
A5072558594,Jiawen Wu,https://orcid.org/0000-0001-7448-3605
A5028791879,Chaochao Chen,https://orcid.org/0000-0003-1419-964X
A5101074920,Xiaohua Feng,https://orcid.org/0009-0001-6829-7088
A5070734581,Yuyuan Li,https://orcid.org/0009-0004-4533-8248
A5052577882,Lingjuan Lyu,https://orcid.org/0000-0003-3170-4994
A5045140292,Jun Zhou,https://orcid.org/0000-0001-6033-6102
A5074603286,Xiaolin Zheng,https://orcid.org/0000-0001-5483-0366
A5069353502,Jianwei Yin,https://orcid.org/0000-0003-4703-7348
A5008694159,Hongzheng Chen,https://orcid.org/0000-0002-6617-0075
A5100445508,Jiahao Zhang,https://orcid.org/0009-0000-8379-7489
A5039033697,Yixiao Du,https://orcid.org/0000-0002-6106-1283
A5032824854,Shaojie Xiang,https://orcid.org/0000-0002-6901-8837
A5029785504,Zichao Yue,https://orcid.org/0009-0003-8585-5947
A5059293268,Niansong Zhang,https://orcid.org/0000-0002-2850-0176
A5050643298,Yaohui Cai,https://orcid.org/0000-0003-3785-3413
A5037210004,Zhiru Zhang,https://orcid.org/0000-0002-0778-0308
A5102717493,Haifeng Song,https://orcid.org/0000-0001-8581-0085
A5100646575,Yi Xia,https://orcid.org/0009-0009-4746-5845
A5043580952,Zhi‐Chao Luo,https://orcid.org/0000-0003-1692-2678
A5100381751,Yan Song,https://orcid.org/0000-0001-7050-4368
A5100759504,Xue Zeng,https://orcid.org/0000-0001-6433-2272
A5101585779,Tianjie Li,https://orcid.org/0000-0001-5820-8531
A5071536603,Guangxin Zhong,
A5100611115,Jianxing Li,https://orcid.org/0000-0002-9291-2351
A5100423264,Ming Chen,https://orcid.org/0000-0002-3572-6886
A5015084537,Guangyuan Zhang,https://orcid.org/0009-0009-1728-770X
A5100631920,Bo Xiao,https://orcid.org/0000-0002-2992-6435
A5021825994,Lingxuan Zhu,https://orcid.org/0009-0001-9077-408X
A5063138720,Weiming Mou,https://orcid.org/0009-0007-1089-6516
A5100403693,Rui Chen,https://orcid.org/0000-0003-3728-2577
A5101680899,Junyi Lu,https://orcid.org/0009-0002-5381-1790
A5087040200,Lei Yu,https://orcid.org/0000-0002-5504-0259
A5078844764,LI Xiao-jia,
A5100421407,Yang Li,https://orcid.org/0000-0002-0403-7287
A5109622633,Chun Zuo,
A5035507554,Yuheng Zhao,https://orcid.org/0000-0003-1573-8772
A5100619290,Yu Zhang,https://orcid.org/0000-0002-9035-0463
A5032190168,Xinyi Zhao,https://orcid.org/0000-0003-0555-243X
A5116337660,Junjie Wang,https://orcid.org/0009-0003-5130-3036
A5066496299,Zekai Shao,https://orcid.org/0000-0003-2014-5293
A5065040154,Çağatay Turkay,https://orcid.org/0000-0001-6788-251X
A5109616081,Siming Chen,https://orcid.org/0000-0002-2690-3588
A5110753609,Z.H. Wang,https://orcid.org/0009-0005-5779-9049
A5109649372,Z.G Liu,https://orcid.org/0000-0001-8035-1991
A5020704767,Y. Zhang,https://orcid.org/0009-0005-1574-922X
A5074448454,Aoxiao Zhong,https://orcid.org/0000-0002-7584-5476
A5100669498,Jihong Wang,https://orcid.org/0000-0003-2529-3244
A5055024089,Lunting Fan,https://orcid.org/0009-0005-1865-6731
A5101478122,Lingfei Wu,https://orcid.org/0009-0008-8081-6275
A5048346353,Qingsong Wen,https://orcid.org/0000-0003-4516-2524
A5044326908,Yile Wang,https://orcid.org/0000-0001-8705-9598
A5101953295,Peng Li,https://orcid.org/0009-0008-0942-6565
A5021993585,Ze‐Min Liu,https://orcid.org/0000-0001-9331-1374
A5112411994,Gwo-Jen Hwang,https://orcid.org/0000-0003-1081-5484
A5053731575,Chuangqi Chen,https://orcid.org/0000-0003-0361-1301
A5100648527,Xiangdong Chen,https://orcid.org/0000-0002-9310-5105
A5056141409,Xindong Ye,https://orcid.org/0000-0003-4187-0160
A5089655391,Qingyao Ai,https://orcid.org/0000-0002-5030-709X
A5101588982,Ting Bai,https://orcid.org/0000-0001-8466-4223
A5000839824,Zhao Cao,https://orcid.org/0000-0002-4214-7858
A5029392006,Yi Chang,https://orcid.org/0000-0003-2697-8093
A5100362815,Jiawei Chen,https://orcid.org/0000-0002-4752-2629
A5050947285,Zhumin Chen,https://orcid.org/0000-0003-4592-4074
A5037495777,Zhiyong Cheng,https://orcid.org/0000-0001-7615-9788
A5052760299,Shoubin Dong,https://orcid.org/0000-0003-0153-850X
A5010558184,Zhicheng Dou,https://orcid.org/0000-0002-9781-948X
A5051925942,Fuli Feng,https://orcid.org/0000-0002-5828-9842
A5109302882,Shen Gao,
A5088621320,Jiafeng Guo,https://orcid.org/0000-0002-9509-8674
A5100643097,Jun Ma,https://orcid.org/0000-0003-0203-4610
A5100384130,Zhaochun Ren,https://orcid.org/0000-0002-9076-6565
A5046700486,Pengjie Ren,https://orcid.org/0000-0003-2964-6422
A5100404770,Zhiqiang Wang,https://orcid.org/0009-0008-7768-4646
A5033849258,Mingwen Wang,https://orcid.org/0000-0002-8118-9612
A5112896233,Wu Le,
A5100393241,Xin Xin,https://orcid.org/0000-0001-6116-9115
A5011446678,Jun Xu,https://orcid.org/0000-0001-6221-4627
A5054482111,Dawei Yin,https://orcid.org/0000-0002-8846-2001
A5100364188,Peng Zhang,https://orcid.org/0000-0002-8671-3292
A5100403562,Fan Zhang,https://orcid.org/0000-0003-2629-2104
A5100671580,Min Zhang,https://orcid.org/0000-0003-2795-3955
A5021268896,Xiaofei Zhu,https://orcid.org/0000-0001-8239-7176
A5007867221,Runchu Tian,
A5064978939,Yining Ye,https://orcid.org/0000-0001-8937-6917
A5100546036,Xin Cong,
A5102604331,Yinxu Pan,
A5111334408,Yesai Wu,
A5107544881,Hui Haotian,
A5107420633,Liu Weichuan,
A5113273326,Xuhui Lin,
A5014930690,Hai Jiang,https://orcid.org/0000-0003-3414-9682
A5003105240,Yi An,https://orcid.org/0000-0002-2667-122X
A5091465907,Jiabo Ye,https://orcid.org/0009-0009-5451-8984
A5019498452,Anwen Hu,https://orcid.org/0000-0001-8839-4996
A5078053186,Haiyang Xu,https://orcid.org/0000-0002-9457-4552
A5005965903,Qinghao Ye,https://orcid.org/0000-0002-7977-5540
A5000844861,Ming Yan,https://orcid.org/0000-0002-4388-6708
A5100656763,Guohai Xu,https://orcid.org/0000-0002-0063-7410
A5102413215,Junfeng Tian,https://orcid.org/0000-0001-6638-6418
A5111800002,Qi Qian,
A5100329282,Ji Zhang,https://orcid.org/0000-0003-3512-6589
A5100317860,Liang He,https://orcid.org/0000-0002-4006-993X
A5103203299,Xin Lin,https://orcid.org/0000-0003-3000-9068
A5100620486,Fei Huang,https://orcid.org/0000-0001-9665-6642
A5100754217,Xiaolan Chen,https://orcid.org/0000-0002-4765-6096
A5102665051,Shanfu Lu,
A5059205682,Yexin Liu,https://orcid.org/0000-0001-7468-5629
A5027501723,Danli Shi,https://orcid.org/0000-0001-6094-137X
A5028483464,Lingzhe Zhang,https://orcid.org/0009-0005-9500-4489
A5069358025,Tong Jia,https://orcid.org/0000-0002-5946-9829
A5074366979,Mengxi Jia,https://orcid.org/0000-0002-0979-9803
A5048488478,Yifan Wu,https://orcid.org/0000-0001-5847-3132
A5100670362,Yong Yang,https://orcid.org/0000-0001-9667-2423
A5041563693,Zhonghai Wu,https://orcid.org/0000-0003-1268-836X
A5100414277,Ying Li,https://orcid.org/0000-0002-6278-2357
A5062254598,Chuwei Luo,
A5101292450,Yufan Shen,https://orcid.org/0009-0007-5166-6848
A5007608248,Zhaoqing Zhu,
A5100750527,Qi Zheng,https://orcid.org/0009-0001-3822-2616
A5117233230,Zhi Yu,https://orcid.org/0009-0001-8608-5628
A5100669593,Cong Yao,https://orcid.org/0000-0001-6564-4796
A5100433725,Yu Zhang,https://orcid.org/0000-0003-3145-7823
A5117823111,Yang Han,https://orcid.org/0000-0002-0871-5882
A5100396688,Shuai Chen,https://orcid.org/0000-0002-8562-5784
A5053507809,Ruijie Yu,https://orcid.org/0009-0009-5249-5491
A5101488121,Xin Zhao,https://orcid.org/0000-0002-3064-4734
A5073063939,Kaipeng Zeng,https://orcid.org/0000-0002-4798-7784
A5102487833,Mengdi Yu,
A5024874825,Jidong Tian,
A5062439322,Feng Zhu,https://orcid.org/0000-0003-3012-789X
A5100704962,Yanyan Xu,https://orcid.org/0000-0001-5429-3177
A5051224603,Shuo Jiang,https://orcid.org/0000-0003-3645-6301
A5101456545,Weifeng Li,https://orcid.org/0000-0002-5688-0815
A5100913069,Yuping Qian,
A5115596208,Yangjun Zhang,
A5031475851,Jianxi Luo,https://orcid.org/0000-0001-5892-8432
A5033286111,Xiaodong Gu,https://orcid.org/0000-0002-0529-6408
A5101059608,Yalan Lin,https://orcid.org/0009-0008-2588-6027
A5016446062,Chengcheng Wan,https://orcid.org/0000-0001-9162-9688
A5107117869,Zhao Wei,https://orcid.org/0009-0007-4462-3153
A5107115318,Yong Xu,https://orcid.org/0009-0004-7488-3704
A5008636957,Juhong Wang,https://orcid.org/0009-0005-0864-0082
A5100390708,Xinyu Zhang,https://orcid.org/0000-0002-7427-5774
A5111145020,Huiyu Xu,https://orcid.org/0000-0003-3797-846X
A5072485378,Zhongjie Ba,https://orcid.org/0000-0003-0921-8869
A5100422345,Zhibo Wang,https://orcid.org/0000-0002-5804-3279
A5100725148,Yuan Hong,https://orcid.org/0000-0003-4095-4506
A5100659367,Jian Liu,https://orcid.org/0000-0003-2636-5561
A5089094818,Zheng Lin,https://orcid.org/0000-0002-4463-5652
A5023676698,Guanqiao Qu,https://orcid.org/0000-0002-5291-3317
A5032554701,Qiyuan Chen,https://orcid.org/0000-0002-2315-4972
A5083484070,Xianhao Chen,https://orcid.org/0000-0002-4295-940X
A5100656819,Zhe Chen,https://orcid.org/0000-0002-3215-2696
A5007131492,Kaibin Huang,https://orcid.org/0000-0001-8773-4629
A5109693003,Wenyi Yu,
A5039664887,Changli Tang,https://orcid.org/0000-0002-6550-1901
A5007755497,Guangzhi Sun,https://orcid.org/0000-0003-3190-497X
A5109692700,Xianzhao Chen,
A5100318020,Wei Li,https://orcid.org/0000-0001-7824-4839
A5100366029,Lu Lu,https://orcid.org/0000-0002-5476-5768
A5101108160,Zejun Ma,
A5100460206,Chao Zhang,https://orcid.org/0000-0002-7730-5131
A5078681943,Chaoyi Wu,https://orcid.org/0009-0004-1374-011X
A5103203558,Pengcheng Qiu,https://orcid.org/0000-0003-4956-4643
A5044497830,Jinxin Liu,https://orcid.org/0009-0004-0569-3042
A5050086640,Hongfei Gu,https://orcid.org/0000-0001-7976-0341
A5100368110,Na Li,https://orcid.org/0000-0002-4112-0944
A5100645703,Yanfeng Wang,https://orcid.org/0000-0001-7873-6577
A5053549250,Weidi Xie,https://orcid.org/0009-0002-8609-6826
A5021584440,Yujun Cheng,https://orcid.org/0000-0002-2396-8917
A5076675337,Weiting Zhang,https://orcid.org/0000-0003-2626-4883
A5101857588,Zhewei Zhang,https://orcid.org/0000-0003-0117-6668
A5100380072,Chuan Zhang,https://orcid.org/0000-0001-7684-8540
A5030965866,Shengjin Wang,https://orcid.org/0000-0001-7809-1932
A5100386690,Yixin Liu,https://orcid.org/0000-0003-3856-439X
A5114339862,Kejian Shi,https://orcid.org/0009-0000-9633-1792
A5049211958,Katherine He,https://orcid.org/0000-0001-6402-8537
A5104205155,Longtian Ye,
A5023648764,Alexander R. Fabbri,https://orcid.org/0000-0002-4670-704X
A5100354997,Pengfei Liu,https://orcid.org/0000-0001-9030-1875
A5081787254,Dragomir Radev,https://orcid.org/0000-0001-7830-6489
A5022985852,Tonghui Ren,
A5003519043,Yuankai Fan,https://orcid.org/0000-0002-1362-9954
A5059000467,Zhenying He,https://orcid.org/0000-0002-2926-4814
A5101602976,Ren Huang,https://orcid.org/0000-0001-8626-539X
A5102638294,Jiaqi Dai,https://orcid.org/0009-0001-4994-6468
A5000202631,Can Huang,https://orcid.org/0000-0003-0223-0494
A5087411191,Yinan Jing,https://orcid.org/0000-0002-1169-8032
A5077800960,Kai Zhang,https://orcid.org/0000-0003-4426-1897
A5100629264,Y. F. Yang,https://orcid.org/0000-0003-4237-5874
A5069680984,X. Sean Wang,https://orcid.org/0000-0002-9059-3713
A5108943714,Changhui Shao,https://orcid.org/0009-0003-4145-165X
A5100345753,Yu Li,https://orcid.org/0000-0002-3664-6722
A5079740424,Jingwei Wang,https://orcid.org/0000-0002-2301-7409
A5029008539,Yunke Zhang,
A5100736338,Jing‐Yi Wang,https://orcid.org/0000-0001-5434-3891
A5064476095,Jiahui Gong,
A5101384210,Tianjian Ouyang,
A5088412858,Fanjin Meng,
A5102628672,Yuwei Yan,https://orcid.org/0009-0005-6418-0412
A5100554202,Qinglong Yang,
A5101574402,Xinyuan Hu,https://orcid.org/0000-0002-9652-222X
A5100686543,Jie Feng,https://orcid.org/0000-0002-1827-5577
A5102836746,Chen Gao,https://orcid.org/0000-0002-9262-080X
A5100355347,Yong Li,https://orcid.org/0000-0002-2268-6205
A5104280823,Hongxuan Liu,https://orcid.org/0009-0001-9899-9830
A5033618286,Haoyu Yin,
A5020502914,Zhiyao Luo,https://orcid.org/0000-0003-0015-2023
A5100410939,Xiaonan Wang,https://orcid.org/0000-0001-9775-2417
A5100449447,Kunpeng Zhang,https://orcid.org/0000-0003-1979-4261
A5017436949,Li Ma,https://orcid.org/0000-0003-0831-332X
A5024330044,Beibei Cui,https://orcid.org/0000-0002-3247-0213
A5100354100,Xin Li,https://orcid.org/0009-0008-1831-7459
A5074315017,Boqiang Zhang,https://orcid.org/0000-0002-2976-4157
A5090740656,Na Xie,https://orcid.org/0000-0003-3775-6277
A5061684974,Senyun Kuang,https://orcid.org/0000-0001-7565-8841
A5100657670,Yang Liu,https://orcid.org/0000-0002-1297-676X
A5004031004,Xinhua Wu,https://orcid.org/0000-0003-4625-9635
A5100722062,Yintao Wei,https://orcid.org/0000-0003-0673-9095
A5010758235,Cunxiang Wang,https://orcid.org/0000-0002-3023-8082
A5101282883,Yuanhao Yue,https://orcid.org/0009-0008-3612-5805
A5009730624,Xiangkun Hu,https://orcid.org/0009-0006-2165-9236
A5108999586,Xiangru Tang,https://orcid.org/0009-0006-2700-4513
A5102019907,Tianhang Zhang,https://orcid.org/0009-0006-6234-4409
A5117804341,Cheng Jiayang,https://orcid.org/0000-0003-1140-6084
A5101384215,Zehan Qi,https://orcid.org/0009-0007-5232-9130
A5035629029,Wenyang Gao,https://orcid.org/0000-0003-1143-064X
A5035082722,Linyi Yang,https://orcid.org/0000-0003-0667-7349
A5100700956,Jindong Wang,https://orcid.org/0000-0002-4833-0880
A5045897021,Zheng Zhang,https://orcid.org/0009-0007-2007-2019
A5100333729,Yue Zhang,https://orcid.org/0000-0002-5214-2268
A5100739546,Ju Fan,https://orcid.org/0000-0003-4729-9903
A5030726587,Zihui Gu,https://orcid.org/0000-0002-9413-2068
A5078175663,Songyue Zhang,
A5104254031,Yuxin Zhang,https://orcid.org/0009-0000-6729-0004
A5101718220,Zui Chen,https://orcid.org/0009-0008-3488-7312
A5049926126,Lei Cao,https://orcid.org/0000-0001-9909-8607
A5107953531,Guoliang Li,https://orcid.org/0000-0003-4211-851X
A5037742794,Samuel Madden,
A5008721449,Xiaoyong Du,https://orcid.org/0000-0002-5757-9135
A5101824160,Nan Tang,https://orcid.org/0000-0003-2832-0295
A5053132840,Lilong Xue,
A5101952574,Dan Zhang,https://orcid.org/0000-0001-8523-7944
A5030006503,Rong Shan,https://orcid.org/0009-0006-8905-1817
A5052977037,Shigang Quan,https://orcid.org/0009-0000-3761-5242
A5050522863,Zifan Zheng,
A5108988109,Yezhaohui Wang,
A5102000307,Yuxin Huang,https://orcid.org/0000-0003-1277-6212
A5102747119,Shichao Song,https://orcid.org/0009-0005-4575-9592
A5101650654,Mingchuan Yang,https://orcid.org/0009-0004-9057-9710
A5057816960,Bo Tang,https://orcid.org/0000-0001-7129-0250
A5100390297,Zhiyu Li,https://orcid.org/0000-0002-8187-4177
A5019662637,Weihang Su,https://orcid.org/0000-0002-8718-9402
A5084811163,Yichen Tang,https://orcid.org/0000-0002-9081-2736
A5002597610,Zhijing Wu,https://orcid.org/0000-0003-2473-3746
A5108047851,Jianming Wu,https://orcid.org/0000-0002-6136-7469
A5077653363,Jiesi Liu,
A5054307218,Ruohang Feng,
A5087934040,Guoyang Zeng,
A5100586328,Jiabao Zhao,
A5066394555,Deniz S. Öneş,https://orcid.org/0000-0003-1739-8951
A5101320369,Liang He,
A5101926667,Xu Xin,https://orcid.org/0000-0002-8195-9699
A5061699251,Cuiyun Gao,https://orcid.org/0000-0003-4774-2434
A5047688641,Xing Hu,https://orcid.org/0000-0003-0093-3292
A5082429541,Shan Gao,https://orcid.org/0009-0006-2695-2968
A5049100391,Zhi Jin,https://orcid.org/0000-0003-1087-226X
A5074956841,Lanyun Zhu,https://orcid.org/0000-0001-7309-3330
A5054714748,Tianrun Chen,https://orcid.org/0000-0003-0177-0157
A5089146499,Deyi Ji,https://orcid.org/0000-0001-7561-9789
A5010419481,Jieping Ye,https://orcid.org/0000-0001-8662-5818
A5032748650,Yuming Lin,https://orcid.org/0000-0003-0442-7071
A5021463856,Paolo Santi,https://orcid.org/0000-0002-8942-8702
A5103326255,Carlo Ratti,
A5100341195,Qi Wang,https://orcid.org/0000-0001-6804-1173
A5103286483,Yue Wang,https://orcid.org/0009-0006-7181-9971
A5003226543,Tianfan Fu,https://orcid.org/0000-0002-5574-2541
A5100498608,Yinlong Xu,
A5113283976,Zihan Ma,
A5101880727,Hongxia Xu,https://orcid.org/0000-0001-5384-4627
A5102727729,Bang Du,https://orcid.org/0009-0004-0353-4371
A5046890926,Yingzhou Lu,https://orcid.org/0009-0008-7774-6018
A5087225784,Honghao Gao,https://orcid.org/0000-0001-6861-9684
A5023258354,Jintai Chen,https://orcid.org/0000-0002-3199-2597
A5015396622,Yaoxun Xu,
A5048946763,Hangting Chen,https://orcid.org/0000-0002-4085-4364
A5004643540,Jianwei Yu,https://orcid.org/0000-0002-2449-1436
A5008169830,Qiaochu Huang,https://orcid.org/0009-0004-8113-6459
A5102869280,Zhiyong Wu,https://orcid.org/0000-0001-8533-0524
A5101785327,Shi-Xiong Zhang,https://orcid.org/0009-0007-7803-2407
A5062105912,Guangzhi Li,https://orcid.org/0009-0004-9197-7737
A5100614741,Yi Luo,https://orcid.org/0009-0004-2304-3684
A5038895203,Rongzhi Gu,https://orcid.org/0000-0003-1861-9170
A5043548141,Daphne Koller,https://orcid.org/0009-0007-1645-951X
A5077007622,Andrew L. Beam,https://orcid.org/0000-0002-6657-2787
A5036448016,Arjun K. Manrai,https://orcid.org/0000-0001-9657-9800
A5075711252,Euan A. Ashley,https://orcid.org/0000-0001-9418-9577
A5041641749,Xiaoxuan Liu,https://orcid.org/0000-0002-1286-0038
A5076075666,Judy Wawira Gichoya,https://orcid.org/0000-0002-1097-316X
A5100649922,Chris Holmes,https://orcid.org/0000-0002-6667-4943
A5005779176,James Zou,https://orcid.org/0000-0001-8880-4764
A5057364990,Noa Dagan,https://orcid.org/0000-0001-8811-7825
A5103036496,David Blumenthal,https://orcid.org/0000-0003-1504-3559
A5088509061,Isaac S. Kohane,https://orcid.org/0000-0003-2192-5160
A5101770273,Haoran Yang,https://orcid.org/0009-0000-3060-0910
A5100718165,Yumeng Zhang,https://orcid.org/0000-0003-1247-0299
A5080606906,Jiaqi Xu,https://orcid.org/0000-0002-4625-4132
A5101128711,Hongyuan Lu,https://orcid.org/0000-0001-9763-7865
A5018582154,Wai Lam,https://orcid.org/0000-0001-5479-377X
A5103015399,Xin Liu,https://orcid.org/0009-0004-0341-3860
A5055994909,Jindong Gu,https://orcid.org/0009-0000-0574-0129
A5114321221,Chao Yang,https://orcid.org/0000-0002-7922-5557
A5114230304,Mingyu Li,https://orcid.org/0009-0001-1018-0944
A5107429681,Yong Li,
A5016537530,Hanyu Lai,https://orcid.org/0000-0003-3106-320X
A5095094764,Iat Long Iong,https://orcid.org/0009-0002-3580-7851
A5101100713,Shuntian Yao,https://orcid.org/0009-0009-2650-3910
A5048441865,Pengbo Shen,
A5101576507,Hao Yu,https://orcid.org/0009-0004-1695-8499
A5066085792,Xiaohan Zhang,https://orcid.org/0000-0003-3295-7758
A5016924921,Chujie Zheng,https://orcid.org/0000-0002-7364-972X
A5084758279,Sahand Sabour,
A5101153906,Jiaxin Wen,
A5060171040,Yizhen Luo,https://orcid.org/0000-0002-7107-378X
A5082537643,Jiahuan Zhang,https://orcid.org/0000-0001-7722-6022
A5015752254,Siqi Fan,https://orcid.org/0000-0002-6496-8761
A5085421548,Kai Yang,https://orcid.org/0009-0005-4961-2715
A5019862582,Massimo Hong,
A5040143925,Yushuai Wu,https://orcid.org/0000-0002-2738-0387
A5047496977,Zaiqing Nie,https://orcid.org/0000-0002-1134-2343
A5101470389,Jin Li,https://orcid.org/0009-0006-2316-9169
A5090535232,Yiyan Deng,https://orcid.org/0009-0002-1381-9966
A5101778224,Qi Sun,https://orcid.org/0000-0001-8276-0027
A5057311321,Yu Tian,https://orcid.org/0000-0002-6791-8217
A5023138112,Jingsong Li,https://orcid.org/0000-0002-1064-637X
A5113052534,Yizhang Jin,https://orcid.org/0009-0008-6892-2964
A5100402508,Jian Li,https://orcid.org/0000-0002-0242-6481
A5113222156,Tianjun Gu,https://orcid.org/0009-0001-4757-2685
A5021084391,Yexin Liu,
A5069245621,Bo Zhao,https://orcid.org/0000-0002-7834-6672
A5057352675,Jinxiang Lai,
A5075598739,Zhenye Gan,https://orcid.org/0000-0002-2431-1159
A5080281882,Xin Tan,https://orcid.org/0000-0001-9346-1196
A5084218062,Lizhuang Ma,https://orcid.org/0000-0003-1653-4341
A5103326686,Shenghao Yang,https://orcid.org/0009-0004-6896-4268
A5054609020,Peijie Sun,https://orcid.org/0000-0001-9733-0521
A5040545892,Hongwei Yao,https://orcid.org/0000-0003-4680-5536
A5041918034,Jian Lou,https://orcid.org/0000-0002-4110-2068
A5083285849,Zhengfu He,https://orcid.org/0000-0003-3167-9493
A5101586921,Hong Qian,https://orcid.org/0000-0003-0364-6301
A5102710198,Yunhua Zhou,https://orcid.org/0000-0002-6907-7167
A5101774928,Hao Hao,https://orcid.org/0000-0003-3171-6194
A5052123856,Xiaoqun Zhang,https://orcid.org/0000-0002-2723-4451
A5050248676,Aimin Zhou,https://orcid.org/0000-0002-4768-5946
A5110357310,Han Zhao,
A5100671757,M. Zhang,https://orcid.org/0000-0001-8659-5727
A5079359230,Wei Zhao,https://orcid.org/0000-0001-7388-0692
A5060665856,Pengxiang Ding,https://orcid.org/0000-0002-4049-7467
A5043876209,Siteng Huang,https://orcid.org/0000-0002-9735-1186
A5100665181,Donglin Wang,https://orcid.org/0000-0002-8188-3735
A5100351068,Yan Liu,https://orcid.org/0000-0002-3108-3721
A5050969774,Songyang Gao,
A5062049138,Weiming Shen,https://orcid.org/0000-0001-5204-7992
A5022304469,Yuhao Zhou,https://orcid.org/0000-0002-9878-7969
A5100438586,Xiaohua Wang,https://orcid.org/0000-0002-6551-151X
A5085955762,Shiliang Pu,https://orcid.org/0000-0001-5269-7821
A5100707563,Jiang Zhu,https://orcid.org/0000-0002-7750-7948
A5019866365,Qi Zhang,https://orcid.org/0000-0002-2553-4493
A5102334293,Xiaohui Xie,
A5080142175,Xinggong Zhang,https://orcid.org/0000-0003-0484-5951
A5091090025,Yong Cui,https://orcid.org/0000-0002-5171-739X
A5023290252,Shipu Wang,
A5101709265,Ning Jia,https://orcid.org/0000-0003-0669-179X
A5101836736,Liang Zhao,https://orcid.org/0000-0003-1556-969X
A5031038629,Chunyang Han,https://orcid.org/0000-0001-9876-8824
A5042692605,Ce Hou,https://orcid.org/0000-0002-6163-3982
A5100403456,Fan Zhang,https://orcid.org/0000-0002-3643-018X
A5100398342,Haifeng Li,https://orcid.org/0000-0002-1953-1210
A5036007312,Gengchen Mai,https://orcid.org/0000-0002-7818-7309
A5067122850,Yuhao Kang,https://orcid.org/0000-0003-3810-9450
A5050927955,Yao Ling,https://orcid.org/0000-0001-5797-3231
A5039394884,Wenhao Yu,https://orcid.org/0000-0003-1521-2674
A5100389430,Yao Yao,https://orcid.org/0000-0002-5882-0058
A5101938899,Song Gao,https://orcid.org/0000-0003-4359-6302
A5062581654,Min Chen,https://orcid.org/0000-0001-8922-8789
A5100345691,Yu Liu,https://orcid.org/0000-0002-0016-2902
A5107589197,Mengyao Li,
A5056327997,Junjun He,https://orcid.org/0000-0002-1813-1784
A5108993015,Zhongruo Wang,
A5111339908,Erfan Darzi,
A5101500691,Zan Chen,https://orcid.org/0000-0003-4252-4761
A5107640963,Tianbin Li,
A5107589199,Yanzhou Su,
A5100622704,Jing Ke,https://orcid.org/0000-0001-7459-257X
A5107555218,Kaili Qu,
A5101976907,Shuxin Li,https://orcid.org/0000-0002-2971-4811
A5108762092,Yi Yu,
A5056748708,Píetro Lió,https://orcid.org/0000-0002-0540-5053
A5114236205,Tianyun Wang,
A5111345669,Yu Guang Wang,
A5072622467,Yiqing Shen,https://orcid.org/0000-0001-7866-3339
A5092201032,Xiaoyu Zhang,https://orcid.org/0000-0002-0985-6636
A5068211530,Yishan Li,https://orcid.org/0009-0006-2837-1358
A5035135048,Jiayin Wang,https://orcid.org/0000-0001-8875-1850
A5012202707,Bowen Sun,https://orcid.org/0009-0007-4596-0047
A5086429938,Xiaolan Chen,
A5101746012,Ziwei Zhao,https://orcid.org/0009-0008-4551-348X
A5115393951,Weiyi Zhang,https://orcid.org/0009-0008-2780-9121
A5115393940,Pusheng Xu,
A5101313498,Mingpu Xu,https://orcid.org/0000-0002-0052-0837
A5115393937,Yinwen Li,https://orcid.org/0000-0003-4254-0972
A5077821675,Xianwen Shang,https://orcid.org/0000-0002-2362-3222
A5068480804,Fujun Xu,https://orcid.org/0000-0002-0751-6566
A5100678900,Jun Ma,https://orcid.org/0000-0002-9739-0855
A5100341036,Nan Li,https://orcid.org/0000-0002-0873-0927
A5088561209,Jack C.P. Cheng,https://orcid.org/0000-0002-1722-2617
A5062115445,Jiaan Wang,https://orcid.org/0000-0002-2587-7648
A5102206923,Yunlong Liang,
A5024849044,Fandong Meng,https://orcid.org/0000-0002-8158-2377
A5083845893,Beiqi Zou,
A5055672506,Jianfeng Qu,https://orcid.org/0000-0002-2596-2850
A5102624832,Sizhong Qin,https://orcid.org/0009-0000-8237-6535
A5056093953,Hong Guan,https://orcid.org/0000-0001-5053-5052
A5031833695,Wenjie Liao,https://orcid.org/0000-0002-9309-0054
A5100621682,Yi Gu,https://orcid.org/0000-0003-1651-1406
A5029223095,Zhe Zheng,https://orcid.org/0000-0002-0286-748X
A5044755053,Hongjing Xue,https://orcid.org/0000-0002-0028-1469
A5091489017,Xinzheng Lu,https://orcid.org/0000-0002-3313-7420
A5101963628,Jiahuan Zhang,https://orcid.org/0000-0002-3111-943X
A5092120655,Suyuan Zhao,
A5115517198,Ou Zhang,
A5113418139,Xueling Yu,
A5070841252,Jiawen Zhou,https://orcid.org/0000-0002-8369-9827
A5100405781,Ping Zhang,https://orcid.org/0000-0001-9163-6191
A5101954414,Mu Qiao,https://orcid.org/0000-0001-7309-4237
A5032723793,Jiageng Wu,https://orcid.org/0000-0003-0984-0818
A5101474765,Xiaocong Liu,https://orcid.org/0000-0001-5323-2954
A5100400064,Minghui Li,https://orcid.org/0000-0003-3673-5925
A5020534921,Wanxin Li,https://orcid.org/0000-0002-7981-3228
A5057485069,Zichang Su,https://orcid.org/0009-0004-2917-7317
A5088551332,Shixu Lin,
A5051633211,Lucas Garay,https://orcid.org/0009-0002-3838-6749
A5107748595,Zhiyun Zhang,https://orcid.org/0009-0008-0095-6236
A5100412277,Yujie Zhang,https://orcid.org/0000-0002-3202-3675
A5023848002,Qingcheng Zeng,https://orcid.org/0000-0002-8697-2729
A5079464961,Jie Shen,https://orcid.org/0000-0002-3678-7891
A5037013675,Changzheng Yuan,https://orcid.org/0000-0002-2389-8752
A5078108605,Jie Yang,https://orcid.org/0000-0001-5696-363X
A5057093904,Xiaoteng Shen,https://orcid.org/0009-0002-9559-3293
A5101600503,Xi Xiao,https://orcid.org/0000-0003-1521-9542
A5063972231,Tianhe Wu,
A5020029652,Kede Ma,https://orcid.org/0000-0001-8608-1128
A5101963312,Jie Liang,https://orcid.org/0000-0003-2822-5466
A5104280660,Deshiwei Zhang,
A5102934510,Xiaojuan Xue,https://orcid.org/0009-0009-0963-6279
A5051836631,Peng Gao,https://orcid.org/0000-0003-3253-6996
A5100931991,Zhijuan Jin,
A5058455658,Menghan Hu,https://orcid.org/0000-0002-8557-8930
A5110266017,Yue Wu,https://orcid.org/0000-0002-1929-4462
A5091459053,Xiayang Ying,
A5010961909,Yawei Luo,https://orcid.org/0000-0002-7037-1806
A5025242024,Yen‐Jen Wang,https://orcid.org/0000-0002-0425-9154
A5071068600,Bike Zhang,https://orcid.org/0000-0002-2652-4318
A5100611366,Jianyu Chen,https://orcid.org/0000-0002-2354-0240
A5054075105,Koushil Sreenath,https://orcid.org/0000-0002-5346-3637
A5101234856,Yan Cai,
A5101596824,Linlin Wang,https://orcid.org/0000-0002-1748-8853
A5100423435,Ye Wang,https://orcid.org/0000-0002-0123-1260
A5100645705,Yanfeng Wang,https://orcid.org/0000-0002-3196-2347
A5010540039,Liang He,https://orcid.org/0000-0002-4723-5486
A5101934597,Shuo Zhao,https://orcid.org/0000-0001-8075-8521
A5009352567,Sihui Chen,
A5032108833,Jiayi Zhou,https://orcid.org/0000-0003-4669-4872
A5067392273,Chao Li,https://orcid.org/0000-0003-4943-489X
A5018322383,Tan Tang,https://orcid.org/0000-0002-5260-3087
A5053459622,Stephen J. Harris,https://orcid.org/0000-0002-5211-3934
A5101686405,Yang Liu,https://orcid.org/0000-0001-6283-9221
A5011654167,Jiayu Wan,https://orcid.org/0000-0003-4603-3265
A5100353869,Xin Li,https://orcid.org/0000-0002-4510-2436
A5053412071,Meiyue Song,https://orcid.org/0000-0002-4475-1792
A5032229400,Jiarui Wang,https://orcid.org/0009-0000-0035-9361
A5060428350,Zhihua Yu,https://orcid.org/0000-0003-2794-1014
A5090955429,Jiaxin Wang,https://orcid.org/0000-0002-4828-321X
A5059560149,Yuting Lü,https://orcid.org/0000-0001-7632-2928
A5062650633,Baicun Li,
A5147552013,Xue Wang,
A5108148234,Xiaoxu Wang,https://orcid.org/0009-0008-6089-3978
A5147651977,Qinghua Huang,
A5008108221,Nikolaos I. Kanellakis,https://orcid.org/0000-0002-0065-2282
A5147496241,Jiangfeng Liu,
A5147577393,Jing Wang,
A5043220498,Binglu Wang,https://orcid.org/0000-0002-9266-4685
A5147478173,Juntao Yang,
A5100377935,Yiming Wang,https://orcid.org/0000-0002-5932-4371
A5092013127,Rui Wang,https://orcid.org/0009-0003-0840-7008
A5100629469,Haoxuan Li,https://orcid.org/0000-0002-3483-4914
A5035370376,Zehua Jiang,https://orcid.org/0000-0001-9100-0986
A5114036926,Tingting Hu,
A5008803333,Di Cheng,https://orcid.org/0000-0001-9388-376X
A5100424347,Yong Wang,https://orcid.org/0000-0001-6002-4299
A5019493583,Carol Y. Cheung,https://orcid.org/0000-0002-9672-1819
A5009714276,Yingfeng Zheng,https://orcid.org/0000-0002-9952-6445
A5100669497,Jihong Wang,https://orcid.org/0000-0001-6965-7949
A5100680998,Zhen Li,https://orcid.org/0000-0001-8145-460X
A5086578975,Weibing Wu,https://orcid.org/0000-0001-5655-8861
A5048987562,Cynthia Ciwei Lim,https://orcid.org/0000-0003-0021-4861
A5065273742,Hong Chang Tan,
A5006069892,Elif I. Ekinci,https://orcid.org/0000-0003-2372-395X
A5029175176,Justin B. Echouffo‐Tcheugui,https://orcid.org/0000-0002-8460-1617
A5041271242,Leonor Corsino,
A5091908088,Rafael Simó,https://orcid.org/0000-0003-0475-3096
A5010771830,Charumathi Sabanayagam,https://orcid.org/0000-0002-4042-4719
A5102953037,Lijuan Mao,https://orcid.org/0000-0002-9160-7697
A5102765877,Bin Sheng,https://orcid.org/0000-0001-8510-2556
A5102708697,Honghua Chen,https://orcid.org/0009-0001-3009-7128
A5067454741,Qingshi Tu,https://orcid.org/0000-0001-7113-0564
A5100765886,Jing Guo,https://orcid.org/0000-0003-1962-6559
A5084384992,Nan Li,https://orcid.org/0000-0002-2932-9649
A5000353443,Jianchuan Qi,https://orcid.org/0000-0001-7026-2442
A5100413863,Ming Xu,https://orcid.org/0000-0002-7106-8390
A5100359490,Hao Sun,https://orcid.org/0000-0002-6315-4838
A5000406335,Chengfei Li,https://orcid.org/0000-0002-1356-7466
A5036032938,Jinfeng Bai,https://orcid.org/0000-0001-8940-480X
A5010031720,Junxiao Yang,https://orcid.org/0000-0002-0020-6004
A5012014905,Fei Mi,https://orcid.org/0000-0001-6358-9922
A5101980939,Hongning Wang,https://orcid.org/0000-0002-7244-9929
A5035411047,Changyue Wang,https://orcid.org/0009-0009-5460-5279
A5032865020,Yiran Hu,https://orcid.org/0009-0003-7986-3692
A5016388137,Yujia Zhou,https://orcid.org/0000-0003-0889-2261
A5101008686,Fanyue Meng,
A5101294664,Zhaoyuan Lu,
A5003459439,Xiang Li,https://orcid.org/0000-0001-5936-8457
A5100898103,Wei Han,https://orcid.org/0009-0006-4921-2399
A5000083661,Jieyang Peng,https://orcid.org/0000-0001-6544-1825
A5100735899,Xiufeng Liu,https://orcid.org/0000-0001-5133-6688
A5042897510,Zhibin Niu,https://orcid.org/0000-0002-5171-7648
A5111333834,Songzhou Yan,
A5100321835,Sijia Liu,https://orcid.org/0000-0001-9763-1164
A5109786565,Yueze Li,
A5077614139,Mengru Wang,https://orcid.org/0000-0002-2543-4871
A5101049119,Ziwen Xu,
A5111153035,Zekun Xi,
A5007559881,Yunzhi Yao,https://orcid.org/0000-0003-4491-0260
A5005163911,Qishen Zhang,https://orcid.org/0000-0001-9964-6298
A5062726606,Zhaopeng Qiu,https://orcid.org/0000-0001-8622-2402
A5100400052,Minghui Li,https://orcid.org/0000-0002-1735-2024
A5100422729,Yingying Zhang,https://orcid.org/0000-0003-1963-9536
A5100641957,Hao Luo,https://orcid.org/0000-0002-9320-6766
A5035442855,Rui Qin,https://orcid.org/0000-0002-0185-7570
A5101919658,Mingyang Wang,https://orcid.org/0000-0003-0525-6120
A5113282700,Xiaozhe Wan,
A5104346083,Meijing Fang,
A5100287262,Qiaolin Gou,
A5087576648,Qun Su,https://orcid.org/0000-0002-7306-5716
A5109765746,Ziyi You,
A5019425843,Liwei Liu,https://orcid.org/0009-0008-8438-7500
A5053703845,Tengfei Ren,https://orcid.org/0000-0002-2937-3199
A5100410124,Zhipeng Zhang,https://orcid.org/0000-0001-9054-5263
A5020033792,Bo Jia,https://orcid.org/0000-0001-6062-389X
A5100689857,Shiwen Zhang,https://orcid.org/0000-0002-4382-0020
A5103325598,Chenxi Wang,https://orcid.org/0009-0003-1457-5120
A5108988112,Yida Xue,
A5091672267,Ningyu Zhang,
A5101707821,Xiaoyan Yang,https://orcid.org/0000-0002-2390-3144
A5100429898,Qiang Li,https://orcid.org/0000-0001-7510-4718
A5112628399,Yue Shen,
A5100322370,Lei Liang,https://orcid.org/0000-0002-5397-0284
A5053242349,Jinjie Gu,https://orcid.org/0000-0001-7596-4945
A5046118256,Lingyue Fu,https://orcid.org/0000-0002-7827-244X
A5115604679,Hao Guan,https://orcid.org/0009-0007-0337-3135
A5041791979,Wei Xia,https://orcid.org/0000-0003-2544-775X
A5072845284,Yasheng Wang,https://orcid.org/0000-0002-3221-0470
A5089968822,Ce Zheng,https://orcid.org/0000-0001-6107-1716
A5012969013,Hongfei Ye,https://orcid.org/0000-0002-7966-2466
A5112118530,Jinming Guo,
A5108052998,Junrui Yang,https://orcid.org/0000-0002-2064-5231
A5020019412,Ping Fei,https://orcid.org/0000-0001-7276-4630
A5013837286,Yuanzhi Yuan,https://orcid.org/0000-0002-5240-3915
A5007093788,Danqing Huang,https://orcid.org/0000-0002-3112-0617
A5103279400,Yuqiang Huang,https://orcid.org/0000-0003-3290-8243
A5102003987,Jie Peng,https://orcid.org/0000-0003-4040-0327
A5002173356,Xiaolin Xie,https://orcid.org/0009-0002-3255-0341
A5101315315,Meng Xie,https://orcid.org/0009-0009-3071-3101
A5055541507,Peiquan Zhao,https://orcid.org/0000-0002-5092-9550
A5102875644,Li Chen,https://orcid.org/0000-0003-2944-3262
A5100348439,Ming‐Zhi Zhang,https://orcid.org/0000-0002-8439-8989
A5100629071,Siyang Liu,https://orcid.org/0000-0001-6498-9901
A5100691430,Zheyuan Zhang,https://orcid.org/0000-0002-4146-0164
A5101785248,June Liu,https://orcid.org/0000-0002-6843-9322
A5036665467,Jinfeng Zhou,https://orcid.org/0000-0003-2479-3968
A5093967911,Alvionna S. Sunaryo,
A5082963891,Tatia Lee,
A5082450455,Rada Mihalcea,https://orcid.org/0000-0002-0767-6703
A5035332982,Cilin Yan,https://orcid.org/0000-0001-9754-129X
A5100645299,Haochen Wang,https://orcid.org/0000-0003-1191-6682
A5101782494,Shilin Yan,https://orcid.org/0000-0002-6860-9811
A5103125047,Xiaolong Jiang,https://orcid.org/0000-0002-0745-1184
A5107964612,Yao Hu,https://orcid.org/0000-0003-2758-2816
A5076097168,Weidi Xie,https://orcid.org/0000-0003-3804-2639
A5002625178,Efstratios Gavves,https://orcid.org/0000-0001-8947-1332
A5007990141,Ruolan Wu,https://orcid.org/0000-0002-6824-5894
A5043272273,Chun Yu,https://orcid.org/0000-0003-2591-7993
A5101744944,Xiaole Pan,https://orcid.org/0009-0006-6351-7893
A5077551794,Yujia Liu,https://orcid.org/0009-0003-4941-6314
A5007888005,Ningning Zhang,https://orcid.org/0009-0004-6623-3111
A5028959897,Yue Fu,https://orcid.org/0000-0001-5828-5932
A5041402907,Zhi Zheng,https://orcid.org/0009-0002-4391-1747
A5044204779,L. Z. Chen,https://orcid.org/0000-0002-0388-6017
A5060679436,Qiaolei Jiang,https://orcid.org/0000-0003-2802-4584
A5066796307,Xuhai Xu,https://orcid.org/0000-0001-5930-3899
A5057896400,Yuanchun Shi,https://orcid.org/0000-0003-2273-6927
A5114860163,Xiaotian Zhang,https://orcid.org/0000-0003-0574-4095
A5033231216,Peng Li,https://orcid.org/0000-0001-8262-7330
A5004651932,Qinyuan Cheng,
A5100341810,Xiangyang Liu,https://orcid.org/0000-0003-0698-4162
A5100856129,Hang Yan,https://orcid.org/0009-0001-5600-2748
A5113399823,Qiong Tang,
A5108933637,Shiduo Zhang,
A5101326418,Xingjian Zhao,
A5111204925,Ke Chen,https://orcid.org/0009-0004-6677-5463
A5100551022,Yining Zheng,
A5113399822,Zhejian Zhou,
A5101479594,Ruixiao Li,https://orcid.org/0009-0001-4804-4649
A5101362690,Jun Zhan,https://orcid.org/0009-0000-8405-7263
A5101481048,Yunhua Zhou,https://orcid.org/0000-0002-0180-5527
A5086682667,Linyang Li,https://orcid.org/0000-0003-1056-6406
A5060044968,Xiaogui Yang,https://orcid.org/0009-0002-2778-0572
A5101534682,Lingling Wu,https://orcid.org/0000-0002-5051-5040
A5100623136,Jian Zhang,https://orcid.org/0000-0002-1942-591X
A5101516021,Chaobo Zhang,https://orcid.org/0000-0001-6005-1051
A5059195660,Jie Lu,https://orcid.org/0000-0002-6874-7819
A5100653283,Jing Li,https://orcid.org/0000-0002-9544-8240
A5100367200,Jingyuan Li,https://orcid.org/0000-0003-0483-0944
A5100720831,Yang Guo,https://orcid.org/0000-0001-5240-657X
A5090657617,Lie Yang,https://orcid.org/0000-0002-6054-9818
A5116772078,Haozhuang Chi,
A5057787978,Lichao Yang,https://orcid.org/0000-0003-0674-3123
A5086592862,Zeyang Zhang,https://orcid.org/0000-0003-1329-1313
A5100369545,Haoyang Li,https://orcid.org/0000-0003-3544-5563
A5032488410,Yijian Qin,https://orcid.org/0000-0002-0419-5226
A5037613061,Yanjun Li,https://orcid.org/0000-0002-7475-0598
A5020017509,Qi Huang,https://orcid.org/0000-0002-6808-6504
A5029871478,Jin Jiang,https://orcid.org/0000-0002-5951-372X
A5051725193,Xusheng Du,
A5101386525,Wenxin Xiang,
A5091324639,Shiqi Zhang,https://orcid.org/0000-0002-8592-3351
A5102440794,Liyuan Zhao,
A5063801719,Limei Ke,https://orcid.org/0000-0002-5030-6716
A5112188630,Bo Yin,https://orcid.org/0009-0006-3327-0084
A5100358867,Linfeng Liu,https://orcid.org/0000-0002-0824-6203
A5100542587,Guoqing Feng,
A5088513476,S. Frank Yan,https://orcid.org/0000-0002-9121-9694
A5004474713,Liangcai Gao,https://orcid.org/0000-0001-9444-1568
A5100355855,Yang Liu,https://orcid.org/0000-0002-3332-439X
A5046438746,Yujuan Yuan,https://orcid.org/0000-0002-6763-4695
A5069055223,Yanying Guo,
A5007756165,Yuqing Yang,https://orcid.org/0009-0006-9785-0504
A5079087568,Yi‐Ning Yang,https://orcid.org/0000-0002-8332-8508
A5069649143,Qian Di,https://orcid.org/0000-0002-1584-4770
A5060945576,Qiang Sheng,https://orcid.org/0000-0002-2481-5023
A5102008731,Tong Song,https://orcid.org/0000-0002-4183-8454
A5086818874,Kai Mao,https://orcid.org/0009-0005-1426-1548
A5011008665,Zhen Huang,https://orcid.org/0000-0003-4819-373X
A5023421234,Yukun Zhao,https://orcid.org/0000-0002-9007-370X
A5103132724,Kaiping Peng,https://orcid.org/0000-0001-8515-3409
A5053843140,Jun Zhang,https://orcid.org/0000-0002-0523-5322
A5115595971,Jue Wang,https://orcid.org/0009-0007-6536-4242
A5100319225,Huan Li,https://orcid.org/0000-0002-1286-6552
A5103017455,Lidan Shou,https://orcid.org/0000-0001-8062-8356
A5100451984,Ke Chen,https://orcid.org/0000-0001-9457-9364
A5109000029,Gang Chen,https://orcid.org/0000-0002-5519-5912
A5045079244,J. Zhang,
A5100785185,Yiyi Zhao,https://orcid.org/0000-0002-8766-1383
A5115597425,Dan Chen,
A5112624834,Xing Tian,
A5100587112,Huanran Zheng,
A5100506810,Wei Zhu,https://orcid.org/0009-0002-1028-5110
A5098359121,Hailin Xu,https://orcid.org/0009-0000-7570-4078
A5103238778,Zhouyang Lu,https://orcid.org/0009-0005-6159-6914
A5076462524,Yingying Zhao,https://orcid.org/0000-0001-5902-1306
A5041649804,Rui Zhu,https://orcid.org/0000-0002-9944-0369
A5101471095,Yujiang Wang,https://orcid.org/0000-0002-6220-029X
A5029916784,Mingzhi Dong,https://orcid.org/0000-0002-8897-5931
A5004190332,Yuhu Chang,https://orcid.org/0000-0003-2607-916X
A5089831843,Qin Lv,https://orcid.org/0000-0002-9437-1376
A5068224304,Robert P. Dick,https://orcid.org/0000-0001-5428-9530
A5045464812,Fan Yang,https://orcid.org/0000-0003-2164-8175
A5004237040,Tun Lu,https://orcid.org/0000-0002-6633-4826
A5091087409,Ning Gu,https://orcid.org/0000-0002-2915-974X
A5004722925,Li Shang,https://orcid.org/0000-0003-3944-7531
A5006419976,Caoyun Fan,https://orcid.org/0000-0001-7360-3468
A5030006654,Jindou Chen,
A5087349603,HongYi Li,
A5066999889,Junfen Fu,https://orcid.org/0000-0001-6405-1251
A5045331325,André Python,https://orcid.org/0000-0001-8094-7226
A5100381737,Wenchao Li,https://orcid.org/0000-0002-7956-0742
A5100413180,Haitao Liu,https://orcid.org/0000-0003-1724-4418
A5100702750,Jiahui Hu,https://orcid.org/0000-0001-8771-7474
A5101593329,Dan Wang,https://orcid.org/0000-0002-4099-6004
A5083836256,Xiaoyi Pang,https://orcid.org/0000-0002-2763-2695
A5073342449,Huiyu Xu,https://orcid.org/0000-0003-3310-0828
A5015419107,Ju Ren,https://orcid.org/0000-0003-2782-183X
A5065391648,Kui Ren,https://orcid.org/0000-0001-6463-4561
A5115602504,Yulin Chen,https://orcid.org/0009-0008-1158-4685
A5107808331,Bowen Zhou,https://orcid.org/0000-0003-1062-9526
A5100769587,Jie Lü,https://orcid.org/0000-0001-7304-2023
A5086968700,Xiangning Tian,
A5115565883,Yang Zhao,https://orcid.org/0000-0003-1571-5394
A5015270944,Jian Zhang,https://orcid.org/0000-0001-8870-515X
A5100721587,Wenkai Zhang,https://orcid.org/0000-0002-9574-6272
A5101094602,Chenxin Feng,
A5100834457,Jianing He,
A5100711908,Jiaxi Wang,https://orcid.org/0000-0002-4574-9766
A5114140244,Fengtai He,
A5000492991,Yuan Yao,https://orcid.org/0000-0002-0025-6175
A5101790974,Tianyu Yu,https://orcid.org/0000-0003-0609-0994
A5100437598,Ao Zhang,https://orcid.org/0000-0003-1304-2181
A5109704013,Chongyi Wang,
A5100862506,Junbo Cui,
A5113234623,Tianchi Cai,
A5100435631,Chi Chen,https://orcid.org/0009-0006-7466-7870
A5091165662,Haoyu Li,https://orcid.org/0000-0001-8015-5165
A5100562151,Zhihui He,
A5101504866,Qianyu Chen,https://orcid.org/0000-0002-4098-5735
A5103064214,R. Zhou,https://orcid.org/0009-0004-4634-8309
A5038672170,Haoye Zhang,https://orcid.org/0009-0005-8324-5269
A5101492949,Zhi Zheng,https://orcid.org/0000-0002-9455-0059
A5043754028,Jie Cai,https://orcid.org/0000-0002-0582-555X
A5101525624,Han Xu,https://orcid.org/0000-0002-9514-8491
A5035530511,Dahai Li,
A5043769539,Zhaoyang Yu,https://orcid.org/0000-0003-3179-3894
A5070950193,Minghua Ma,https://orcid.org/0000-0002-6303-1731
A5030520880,Chaoyun Zhang,https://orcid.org/0000-0002-1304-6839
A5027659574,Si Qin,https://orcid.org/0000-0002-8698-1860
A5043798385,Yu Kang,https://orcid.org/0009-0004-1735-5876
A5101967802,Chetan Bansal,https://orcid.org/0000-0003-0102-8139
A5070722259,Saravan Rajmohan,https://orcid.org/0000-0002-2019-213X
A5086338440,Yingnong Dang,
A5073273454,Changhua Pei,https://orcid.org/0000-0001-9288-4787
A5088646345,Qingwei Lin,https://orcid.org/0000-0003-2559-2383
A5100331488,Dongmei Zhang,https://orcid.org/0000-0002-9230-2799
A5016621547,Bowen Zhao,https://orcid.org/0000-0003-4851-7909
A5111097611,Changkai Ji,https://orcid.org/0009-0007-7090-7360
A5070073283,Yuejie Zhang,https://orcid.org/0000-0001-7993-7223
A5100736471,Wen He,https://orcid.org/0000-0001-9270-6163
A5047812459,Yingwen Wang,https://orcid.org/0000-0002-0155-5046
A5100691702,Qing Wang,https://orcid.org/0000-0001-9504-4273
A5100680617,Rui Feng,https://orcid.org/0000-0002-4747-0574
A5100462489,Xiaobo Zhang,https://orcid.org/0000-0003-2797-6700
A5041426274,Pulin Kirin Zhang,
A5100749145,Yao Tong,https://orcid.org/0009-0004-1470-1147
A5064916807,Ying Long,https://orcid.org/0000-0002-8657-6988
A5111220718,Liangtai Sun,
A5102749858,Han Yang,https://orcid.org/0009-0002-0044-9337
A5048045743,Zihan Zhao,https://orcid.org/0000-0001-8178-8861
A5044586253,Da Ma,https://orcid.org/0000-0002-5300-7500
A5102635259,Zhennan Shen,
A5101046520,Lu Chen,https://orcid.org/0009-0005-5258-5922
A5109457448,Anqi Lin,https://orcid.org/0000-0002-8352-8219
A5083048575,Junxin Ye,
A5100340223,Chang Qi,https://orcid.org/0009-0005-3840-550X
A5114186113,Lingxuan Zhu,
A5005747969,Wenyi Gan,https://orcid.org/0000-0003-1886-8062
A5019169384,Dongqiang Zeng,https://orcid.org/0000-0002-1573-5371
A5002800784,Bufu Tang,https://orcid.org/0000-0003-3525-4433
A5059814447,Mingjia Xiao,
A5077020842,Guangdi Chu,https://orcid.org/0000-0002-2963-1741
A5001154153,Shengkun Peng,
A5042508499,Hank Z. H. Wong,
A5040295345,Lin Zhang,https://orcid.org/0000-0001-9075-2035
A5016316057,Hengguo Zhang,https://orcid.org/0000-0002-4438-8348
A5021504410,Xinpei Deng,https://orcid.org/0000-0001-9973-2559
A5063845462,Kailai Li,https://orcid.org/0000-0002-2368-3217
A5100409987,Jian Zhang,https://orcid.org/0000-0002-6558-791X
A5083484038,Aimin Jiang,https://orcid.org/0000-0002-9563-983X
A5061537451,Zhengrui Li,https://orcid.org/0000-0003-4923-0088
A5050960828,Peng Luo,https://orcid.org/0000-0002-8215-2045
A5104089217,Xinwei Long,
A5112495273,Jiali Zeng,
A5100622932,Zhiyuan Ma,https://orcid.org/0000-0003-2153-5824
A5101999478,Kaiyan Zhang,https://orcid.org/0000-0002-8059-1124
A5004875850,Bowen Zhou,https://orcid.org/0000-0003-4421-9787
A5024102664,Jie Zhou,https://orcid.org/0000-0002-3371-6780
A5047380396,Yaoyang Liu,https://orcid.org/0000-0002-0942-9650
A5103042903,Zhen Zheng,https://orcid.org/0009-0006-2692-713X
A5091139467,Feng Zhang,https://orcid.org/0000-0003-1983-7321
A5085145109,Jin-Cheng Feng,
A5008288952,Y.H. Fu,https://orcid.org/0009-0002-7187-578X
A5071200777,Jidong Zhai,https://orcid.org/0000-0002-7656-6428
A5039946576,Bingsheng He,https://orcid.org/0000-0001-8618-4581
A5100320957,Xiao Zhang,https://orcid.org/0009-0001-1857-1368
A5012614577,Liuqing Chen,https://orcid.org/0000-0002-9049-0394
A5097767667,Duowei Xia,https://orcid.org/0009-0004-1084-3949
A5114196866,Zhaojun Jiang,
A5111351890,Xinyang Tan,
A5036387698,Lingyun Sun,https://orcid.org/0000-0002-5561-0493
A5100351954,Lin Zhang,https://orcid.org/0000-0003-3889-492X
A5024765927,Jianzong Wu,https://orcid.org/0009-0007-4559-7970
A5029645676,Xiangtai Li,
A5023000066,Chenyang Si,https://orcid.org/0000-0002-3354-1968
A5023785888,Shangchen Zhou,https://orcid.org/0000-0001-8201-8877
A5102413036,Jingkang Yang,https://orcid.org/0000-0002-2923-3137
A5021861529,Jiangning Zhang,https://orcid.org/0000-0001-8891-6766
A5021727271,Yining Li,https://orcid.org/0009-0003-7613-2659
A5100437924,Kai Chen,https://orcid.org/0000-0001-6384-0355
A5024097240,Yunhai Tong,https://orcid.org/0000-0001-8735-2516
A5100406050,Ziwei Liu,https://orcid.org/0000-0002-4220-5958
A5005626854,Chen Change Loy,https://orcid.org/0000-0001-5345-1591
A5113153288,Zhaojia Liu,https://orcid.org/0009-0005-9531-118X
A5094255521,Jiawen Lyn,
A5109055821,Sihem Amer-Yahia,
A5037985010,Kyuseok Shim,https://orcid.org/0000-0002-3317-7000
A5008564713,Jianliang Xu,https://orcid.org/0000-0001-9404-5848
A5073220723,Xiaochun Yang,https://orcid.org/0000-0003-1717-865X
A5104319796,Hanyue Luo,https://orcid.org/0009-0005-3779-4830
A5048653710,Zhiduo Zhang,https://orcid.org/0000-0002-4283-3460
A5100779836,Qing Zhu,https://orcid.org/0000-0003-2262-2743
A5116403385,Nour El Houda Ben Ameur,
A5102612370,Xiao Liu,https://orcid.org/0000-0002-4405-3839
A5062837523,Ding Fan,https://orcid.org/0000-0002-2202-7322
A5057599058,Yongli Cai,https://orcid.org/0000-0002-9461-1157
A5014157286,Yiwei Qin,
A5083752471,Kaiqiang Song,https://orcid.org/0000-0001-8203-9723
A5113137573,Yebowen Hu,
A5024873469,Wenlin Yao,https://orcid.org/0000-0002-4502-0350
A5042006948,Sangwoo Cho,
A5100334496,Xiaoyang Wang,https://orcid.org/0000-0001-5941-760X
A5089884284,Xuansheng Wu,https://orcid.org/0000-0002-7816-7658
A5012853051,Fei Liu,https://orcid.org/0000-0001-6719-0409
A5001461627,Pengfei Liu,https://orcid.org/0000-0002-1240-1800
A5044918612,Yingjie Xia,https://orcid.org/0000-0002-4642-2503
A5100609033,Li Kuang,https://orcid.org/0000-0003-4975-034X
A5051209127,Xuejiao Liu,https://orcid.org/0000-0003-1821-2864
A5103187153,Ji Hu,https://orcid.org/0000-0002-1806-6070
A5062494507,Zhiquan Liu,https://orcid.org/0000-0002-3934-2177
A5101920028,Jiaxuan Wu,https://orcid.org/0000-0003-4982-5815
A5011726578,Zhengxian Wu,https://orcid.org/0000-0001-7957-0441
A5012766424,Yiming Xue,https://orcid.org/0000-0001-6500-3868
A5011638218,Juan Wen,https://orcid.org/0000-0002-4199-2988
A5084672117,Wanli Peng,https://orcid.org/0000-0001-9636-6928
A5100941385,Zhiguang Han,
A5101710263,Yiming Cheng,https://orcid.org/0000-0001-5428-9418
A5029403361,Li Sheng,https://orcid.org/0000-0001-7092-6798
A5060904283,Chen Gao,https://orcid.org/0000-0002-8236-1947
A5104247690,Yong Li,https://orcid.org/0000-0002-7970-9439
A5018510847,Yan Liu,https://orcid.org/0000-0001-6138-283X
A5113209531,Mudi Xu,
A5102323113,X.S. Yang,
A5100432746,Peng Li,https://orcid.org/0000-0002-8858-8106
A5013173154,Changshui Yang,
A5100409520,Qiang Liu,https://orcid.org/0000-0003-1123-6193
A5100435224,Pan Chen,https://orcid.org/0000-0002-7375-7608
A5028467074,Wenyong Wang,https://orcid.org/0000-0003-4095-547X
A5064165774,Nicholas Nicholson,https://orcid.org/0000-0003-1149-1426
A5015156425,Sandra Caldeira,https://orcid.org/0000-0002-6057-5979
A5043932541,Artur Furtado,https://orcid.org/0000-0002-9006-1047
A5075257590,Ciaran Nicholl,https://orcid.org/0000-0001-8175-4004
A5111711985,Tomohiro Inoue,https://orcid.org/0009-0006-1818-8904
A5110476056,Tetsushi Morita,
A5031306671,Martina Šestak,https://orcid.org/0000-0001-7054-4925
A5092875065,Daniel Copot,https://orcid.org/0000-0001-9432-306X
A5110424481,Monika Huber,
A5025303851,Sascha Wessel,https://orcid.org/0000-0002-9063-8416
A5071525463,Gerd Stefan Brost,https://orcid.org/0000-0003-3702-4236
A5080531960,Nadja Menz,
A5055884806,Susanna Bonura,https://orcid.org/0000-0002-7094-1995
A5044198179,Davide Dalle Carbonare,https://orcid.org/0000-0003-4263-4143
A5053896876,Roberto Díaz-Morales,https://orcid.org/0000-0002-6203-3655
A5023072113,Marcos Fernández-Díaz,
A5035350672,Lucrezia Morabito,https://orcid.org/0000-0002-7131-5339
A5032718837,Luis Muñoz-González,https://orcid.org/0000-0001-6093-5922
A5078601999,Chiara Napione,https://orcid.org/0000-0003-3315-3399
A5026002355,A. Navia-Vázquez,https://orcid.org/0000-0002-6453-2378
A5065474839,Mark Purcell,https://orcid.org/0000-0002-1288-614X
A5101013334,Yuzhen Bai,
A5101239095,Jingshi Yang,
A5120207465,Ailin Lyu,
A5101536122,Xuan Jia,https://orcid.org/0000-0002-6069-9445
A5032061647,Bo Yuan,https://orcid.org/0000-0003-2169-0007
A5082261091,Feng Ju,https://orcid.org/0000-0001-6311-6551
A5004161811,Jihong Tong,
A5062736940,Tomoaki Washio,
A5102030432,Hiroki Itoh,
A5102931874,Koki Mitani,https://orcid.org/0000-0003-1888-9613
A5067349513,Gembu Morohashi,
A5036302395,Kenji Umakoshi,
A5081903232,T. OKUDA,https://orcid.org/0000-0002-5262-8057
A5027855965,Kazuyuki Takaya,
A5017450919,Kei Ohmura,
A5013329990,Gen Takahashi,
A5132575198,Yining Ma,
A5132699819,Chun Yang,
A5100353513,Hao Chen,https://orcid.org/0000-0002-0652-3297
A5132616603,Junhui Fan,
A5102424686,Yanxin Chai,
A5028608513,Juhao Hu,
A5043925137,Jiazheng Zhang,https://orcid.org/0000-0003-1963-791X
A5090260063,Jing Wu,https://orcid.org/0000-0003-2359-7084
A5076187162,Yuhan Yang,https://orcid.org/0000-0001-7314-5161
A5121122680,Chengnian Long,
A5128939676,Bo Li,
A5075523390,Manuel Huber,https://orcid.org/0000-0003-0829-6902
A5038975831,Michael Weiß,https://orcid.org/0000-0003-3514-5069
A5013202845,Mykolai Protsenko,https://orcid.org/0000-0002-2706-3920
A5007691919,Julian Schütte,https://orcid.org/0000-0002-3007-6538
A5056972182,Jaisalmer de Frutos‐Lucas,https://orcid.org/0000-0003-2970-4338
A5015588386,Hans Torvald Haugo,
A5079999895,Stephanie Rossello,
A5027429525,Gaoyuan Liu,https://orcid.org/0000-0002-7216-3576
A5101915554,Ren Yi,https://orcid.org/0000-0002-0238-3573
A5100721448,Ming Yang,https://orcid.org/0000-0002-0020-8683
A5090799053,Rongwang Jiang,
A5080580973,Yang Luo,https://orcid.org/0000-0003-0887-934X
A5067460359,Yanyuan Ma,https://orcid.org/0000-0001-6985-0351
A5100384557,Da Li,https://orcid.org/0000-0003-4188-5397
A5024354286,Qinglei Guo,https://orcid.org/0000-0002-5284-3929
A5072789354,Chao Yang,https://orcid.org/0000-0002-0335-2517
A5090116985,Han Yan,https://orcid.org/0000-0002-7360-6463
A5074969574,Jacob L. Macdonald,https://orcid.org/0000-0002-3940-4876
A5100633152,Mark Green,https://orcid.org/0000-0002-0942-6628
A5005031514,Maurizio Gibin,https://orcid.org/0000-0003-2352-9313
A5092190335,Simon Leech,
A5039202251,Alex Singleton,https://orcid.org/0000-0002-2338-2334
A5089476688,Paul Longley,https://orcid.org/0000-0002-4727-6384
A5115677830,Tomasz Sołtysiński,
A5022107493,Jens Niederhausen,https://orcid.org/0000-0003-1273-4880
A5081245348,Sascha Eichstädt,https://orcid.org/0000-0001-7433-583X
A5056206641,Felix Gille,https://orcid.org/0000-0002-2847-4633
A5012816273,Paola Daniore,https://orcid.org/0000-0003-3319-1125
A5085280346,Laura Maaß,https://orcid.org/0000-0001-7354-8120
A5093976129,Federica Zavattaro,https://orcid.org/0009-0001-1589-3150
A5106561078,Laura Schuiki,https://orcid.org/0009-0008-0219-5485
A5089733978,Christoph Stach,https://orcid.org/0000-0003-3795-7909
A5048485295,Corinna Giebler,https://orcid.org/0000-0002-5726-0685
A5081845390,Eva Hoos,https://orcid.org/0000-0003-0040-9562
A5062152793,Bernhard Mitschang,https://orcid.org/0000-0003-0809-9159
A5083083618,Lynne G. Zucker,
A5022833181,Michael R. Darby,https://orcid.org/0000-0003-4565-2670
A5127096957,Yuqiao Liao,
A5127001442,Xianguang Kong,
A5127368556,Lei Yin,
A5127366812,Guowei Zhang,
A5127454885,Kai Wang,
A5014548308,Cristian Martella,https://orcid.org/0000-0001-9751-9367
A5043099262,Angelo Martella,https://orcid.org/0000-0002-1082-7293
A5053059459,Antonella Longo,https://orcid.org/0000-0002-6902-0160
A5090781158,Lynne Zucker,
A5109924987,Yiwei Zhu,
A5059677757,Dabo Li,
A5100405320,Jianhua Liu,https://orcid.org/0000-0002-2418-5842
A5100629534,Zilong Liu,https://orcid.org/0000-0003-3637-1586
A5036840006,Xingchuang Xiong,https://orcid.org/0000-0003-4629-8626
A5088530567,Qiuyun Lyu,https://orcid.org/0000-0002-7822-7905
A5011502254,Xiaoqi Lou,
A5089947502,Butian Huang,https://orcid.org/0009-0009-5986-697X
A5129974718,Yingjie Xia,
A5129790319,Jie Cui,
A5101622579,Jiahao Xu,https://orcid.org/0009-0006-8410-2371
A5100688646,Chengjun Wang,https://orcid.org/0000-0002-9507-2888
A5032482696,Jiapeng You,https://orcid.org/0000-0002-7843-0823
A5103738271,Luyao Jiang,https://orcid.org/0009-0005-5194-2158
A5078863002,Xinguo Ming,https://orcid.org/0000-0003-1750-4478
A5041197752,Sean P. Mikles,https://orcid.org/0000-0002-7770-7827
A5013984966,Lauren E. Snyder,https://orcid.org/0000-0002-3086-6804
A5066304043,Julie A. Kientz,https://orcid.org/0000-0001-7437-7861
A5031179413,Anne M. Turner,https://orcid.org/0000-0002-1915-016X
A5100769351,Sha Wei,https://orcid.org/0000-0002-6658-4403
A5039439562,Fan Gao,https://orcid.org/0000-0001-6832-3402
A5071800690,Darren Galpin,https://orcid.org/0000-0001-7898-4140
A5124508462,Li Wei Lin,
A5106626848,Ren Fuhu,
A5124559024,WANG Yuqi,
A5009096831,Cai Huaqian,
A5124674533,HUANG Yi,
A5102029973,Dong JinHua,
A5124675065,YE Zishen,
A5148887254,Lizhuo Niu,https://orcid.org/0009-0004-7238-1348
A5148877551,Pan Wang,https://orcid.org/0009-0005-8479-2336
A5135132184,YUAN Siqing,
A5148904802,Sichao He,https://orcid.org/0009-0008-1123-8344
A5148893533,Rui Wang,https://orcid.org/0009-0009-8859-1047
A5148931289,Shijian Liang,https://orcid.org/0009-0004-7201-4003
A5042957005,Gai Feng,
A5123700714,Xiaojing Zhao,
A5123675848,Yamei Zhou,
A5100698926,Tian Xia,https://orcid.org/0000-0002-5036-4289
A5022676277,Lili Jia,
A5123664655,Chenchen Xiong,
A5133235375,Qiuyong Yang,
A5133226003,Bin Chen,https://orcid.org/0009-0001-2629-2692
A5100712558,Yining Ma,https://orcid.org/0000-0001-8788-1338
A5133223923,Junhui Fan,
A5133207818,Siqi Wu,
A5054182643,田婉琳,
A5138495971,LIN Mengxiao,
A5102295528,SHI Zhaoyuan,
A5135394660,LUO Lina,
A5100348751,Xiaoxia Li,https://orcid.org/0000-0002-1536-2165
A5121558047,Jin Zhang,
A5103325642,Yuwei Chen,https://orcid.org/0009-0004-9377-7333
A5150132422,Songzi Cao,
A5049845859,Zunpeng Yu,
A5150065448,Ning Luo,
A5134055984,ZHANG Qunhong,
A5138652526,LI Lin,
A5138670283,Yang Kun,
A5138655912,Chen Shuang,
A5100449711,Binbin Zhang,https://orcid.org/0000-0002-1345-2220
A5100670539,Yongjian Wang,https://orcid.org/0000-0003-0141-3395
A5084604918,Aibo Song,https://orcid.org/0000-0003-4447-7305
A5124478050,ZHANG Guangyu,
A5105107942,Li Yiheng,
A5040332687,Liangzhen You,https://orcid.org/0000-0001-7422-1680
A5021273600,Dongdong Yu,https://orcid.org/0000-0003-2759-7647
A5053582353,Hui Peng,https://orcid.org/0000-0001-9434-192X
A5100744176,Jiale Zhang,https://orcid.org/0000-0002-2143-5666
A5100730059,Siyi Li,https://orcid.org/0000-0002-5333-5803
A5091698201,Xiaoying Zhong,
A5100655225,Chunling Liu,https://orcid.org/0000-0003-3410-445X
A5109372272,Shuling Liu,
A5101607047,Min Lu,https://orcid.org/0000-0002-5780-8479
A5109987483,Yunjie Ma,
A5100365070,LI Jin-yu,https://orcid.org/0009-0004-5978-5292
A5019601723,Jinmin Liu,https://orcid.org/0000-0003-2861-3514
A5066320225,Hongcai Shang,
A5065818226,Xiaojin Zhao,https://orcid.org/0000-0002-9965-3516
A5075823839,Tian Xia,https://orcid.org/0000-0002-1917-5674
A5120824178,Lili Jia Shanghai,
A5120824179,Chenchen Xiong,
A5147116689,Xinlu Bai,
A5102891205,Jianfeng Zhu,https://orcid.org/0000-0002-0485-8034
A5026297396,Mingyu Gao,https://orcid.org/0000-0001-8433-7281
A5070301498,Zhaoshi Li,https://orcid.org/0000-0003-0786-9350
A5036023084,Shaojun Wei,https://orcid.org/0000-0001-5117-7920
A5100358856,Leibo Liu,https://orcid.org/0000-0001-7548-4116
A5100345005,Shaojie Li,https://orcid.org/0000-0001-6460-4557
A5108154190,Sichen Lin,
A5002480180,Zishen Ye,
A5059282639,KunSan Zhang,
A5101766547,Huiru Wu,https://orcid.org/0000-0002-8335-7712
A5075354819,Xiaoming Zhao,https://orcid.org/0009-0009-6985-6767
A5033717690,Xiaoxuan Sun,https://orcid.org/0009-0009-9299-7760
A5136024098,Jieling Xie,https://orcid.org/0009-0002-4270-9395
A5136040346,Weiping Deng,https://orcid.org/0009-0005-8544-2848
A5136012345,Chi Zhang,https://orcid.org/0009-0002-2901-9269
A5075389421,Junqi Ren,https://orcid.org/0000-0002-4679-3654
A5064458874,S Liu,
A5136025105,Wai Ip Lei,https://orcid.org/0009-0006-2288-8188
A5136059258,Wei Wang,
A5143743433,"CHENG  Cheng, ZHOU  Jie, WANG  Han",
A5109474719,Qiansi Tu,
A5101980619,Chengjie Wu,https://orcid.org/0000-0001-8423-8021
A5023330459,Dianjun Fang,https://orcid.org/0000-0001-9237-8227
A5046207937,Joshua Gelhaar,
A5014158612,Zhuoyuan Zheng,https://orcid.org/0000-0003-4225-7675
A5072641222,Jiajie Shao,https://orcid.org/0000-0001-9998-676X
A5101610859,Hui Yang,https://orcid.org/0000-0001-9489-5754
A5146429106,Weiguo Zhao,
A5146432028,Honglin Zhang,
A5146333134,Zhiyong Li,
A5122855791,Huakun Tang,
A5026368750,Shusheng Guo,https://orcid.org/0009-0002-4594-856X
A5123709896,Qing Tong,
A5123668725,Tian Xia,
A5146341053,Xinxin Zhang,
A5146357114,Wei Lu,
A5144159466,Haiyan Chen,
A5146383787,Yifei Lin,
A5146348766,Yifan Zou,
A5136529882,Junyu Li,https://orcid.org/0009-0006-2668-5986
A5013370782,Mingrong Xiang,
A5136506415,Yining Liu,https://orcid.org/0000-0002-6487-7595
A5041551452,Kyle Alves,https://orcid.org/0000-0002-4352-8900
A5015455840,Eugen Rodel,https://orcid.org/0000-0002-9297-5010
A5107047362,Dominique Henri,
A5026796510,Shaun West,https://orcid.org/0000-0002-8042-1459
A5015025274,Steve Brewer,
A5017640973,Guorui Jia,https://orcid.org/0000-0002-2368-0163
A5130325494,Chuan Chen,
A5044932784,Ming Cheng,
A5073807747,Xu Cheng,https://orcid.org/0009-0002-1765-8362
A5130358483,Guan Wang,
A5040408754,Qingfu CHEN,
A5133475273,Chuan Chen,
A5130331490,Rujie Yu,
A5133477653,Chen Liu,
A5133476424,Tao Xing,
A5113298803,Zidu Yang,
A5086723201,Lijie Jia,https://orcid.org/0009-0001-4754-9645
A5102568213,Bojun Yin,
A5079141728,Huanhuan Ren,
A5150455755,ZHANG Xin,
A5150554167,CHEN Mingyang,
A5150487064,ZHAO Zhiyao,
A5112111761,Chi Cheng,
A5150562995,WANG Xiaoyi,
A5150564186,XU Jiping,
A5109300521,Yongpeng Liu,
A5121659294,X Wang,
A5140421379,Andi Xu,
A5146624630,Chen Liu,https://orcid.org/0009-0005-1223-2284
A5041992274,Jiansheng Guo,https://orcid.org/0000-0002-8905-7040
A5065859286,Hui Li,https://orcid.org/0000-0001-9198-3951
A5130358964,Baoan Tang,
A5130342907,Suyan Jia,
A5130329876,Rui Huang,
A5085485779,Yutong Song,https://orcid.org/0000-0002-2206-9549
A5136390837,YU Zhi,
A5136447283,LI Chunmei,
A5109433384,Qingsi Meng,
A5147009496,Su Xu,
A5147015650,Haoming Xu,
A5147031186,Jie Gao,
A5146958455,Jun Wang,
A5003436973,Manlu Yang,
A5100367928,Yufeng Wang,https://orcid.org/0000-0003-2591-1065
A5102575393,Sihang Qin,
A5151659219,Yurou Wu,
A5151621352,Jieling Wen,
A5015257149,Jingzhi Guo,https://orcid.org/0000-0002-1594-7956
A5132853947,M.J. Ryan,
A5132832260,Melchior Bizot-Espiard,
A5058859184,Rosa Maria Gil,https://orcid.org/0000-0003-4084-9589
A5132894978,Roberto Cruz-García,
A5029911407,O.M.C. van der Valk,https://orcid.org/0000-0001-5457-2117
A5104225744,VIOREL MARIN,
A5136208330,Ye‐Cheng Wang,https://orcid.org/0000-0001-6353-370X
A5136193890,Tong‐Xin Li,https://orcid.org/0000-0001-5987-750X
A5001573772,Chong Huang,https://orcid.org/0000-0003-0779-8214
A5023760828,Tong-Kun Qu,
A5037115497,Fahame Emamjome,
A5052879509,Nikos Fotiou,https://orcid.org/0000-0001-9100-1081
A5039806863,George Xylomenos,https://orcid.org/0000-0003-2552-687X
A5125655805,Zuhaitz Ibarbia Garmendia,
A5029218916,Matilde Julián,https://orcid.org/0000-0001-7767-1310
A5075351282,Miguel Ángel Esbrí,https://orcid.org/0000-0002-0390-3614
A5067835871,Ignacio Lacalle,https://orcid.org/0000-0002-6002-4050
A5120496915,Lucía Cabanillas Rodríguez,https://orcid.org/0009-0007-8099-4218
A5031840384,Rafael Vaño,https://orcid.org/0000-0003-2372-6253
A5016316427,Carlos E. Palau,https://orcid.org/0000-0002-3795-5404
A5136707914,Evangelos Markatos,https://orcid.org/0000-0003-3563-7733
A5135822264,Catherine Chronaki,
A5135820244,Artem Mokhnatkin,
A5092800611,Sann Thawdar Htoo,
A5033684769,Hana Kopáčková,https://orcid.org/0000-0001-6648-4990
A5044362542,Stanislava Šimonová,https://orcid.org/0000-0003-3681-5220
A5030267709,Miloslav Hub,https://orcid.org/0000-0002-3167-0918
A5093967576,Shaohua You,
A5098971306,Haoxin Wang,
A5127845414,Rui Zhang,
A5017174468,Dominika Kuźnicka-Błaszkowska,https://orcid.org/0000-0001-8804-569X
A5114871413,Hanspeter Rychlik,https://orcid.org/0009-0002-0326-6691
A5116423881,Lidia Alaejos,https://orcid.org/0009-0002-1445-3986
A5093255829,María Ruiz Molina,https://orcid.org/0000-0003-0563-7548
A5139118413,Diego Molinero Moreno,https://orcid.org/0009-0006-3062-0763
A5029218215,Javier Prieto,https://orcid.org/0000-0001-8175-2201
A5135119996,Bingqian Zhang,https://orcid.org/0009-0005-5486-6453
A5080085010,Guanrui Huang,https://orcid.org/0009-0004-0173-3297
A5135256238,Chugeng Xu,https://orcid.org/0009-0004-8635-1780
A5127070848,B. Farias Loscio,
A5147386399,P. Mulder,
A5127191675,A.J.R. Stoter,
A5127072289,B. Rietveld,
A5127363600,V. Jansen,
A5109307292,H.J.M. Bastiaansen,
A5129435515,Sara Orhanen,
A5129603407,Bob JONES,
A5000327522,Davide Chiarugi,https://orcid.org/0000-0003-2752-3189
A5075111618,Emily Jefferson,https://orcid.org/0000-0003-2992-7582
A5129633379,Salvador Capella Gutierrez,
A5063166379,Martin Matthiesen,
A5018204508,Yuqiao Liao,
A5101554603,Xianguang Kong,https://orcid.org/0000-0003-1766-8034
A5040432672,Lei Yin,https://orcid.org/0000-0002-1243-1698
A5100350875,Guowei Zhang,https://orcid.org/0000-0001-7767-9953
A5100437036,Kai Wang,https://orcid.org/0000-0002-6170-4744
A5011659519,Marco Gajetti,
A5001933830,Marco Mamei,https://orcid.org/0000-0003-3918-2107
A5140200122,Federica Gentili,https://orcid.org/0009-0003-9817-0541
A5140159102,Fabiano Colombano,https://orcid.org/0009-0001-6993-2135
A5111563692,Ming Zhu,
A5003985275,Jingpei Wang,https://orcid.org/0000-0002-6312-4698
A5147144591,G Biagioni,
A5127408605,R.Y.R. Camarasa,
A5007460476,B. Fanta,
A5147204834,Madariaga S.,
A5127100410,A. van der Wees,
A5108320843,M B Weiss,
A5125577894,Véronique Demilly,
A5065345562,Yahav Biran,https://orcid.org/0000-0001-9409-6004
A5103968934,G. J. Collins,
A5029153793,Borky John M,
A5082217638,J. DuBow,
A5057127359,Sarra Alqahtani,https://orcid.org/0000-0003-4572-7150
A5088977884,Rose Gamble,
A5055803131,Fatma Abdelhedi,
A5085176321,Nabil Derbel,https://orcid.org/0000-0002-2875-562X
A5111737889,Adrian Popovici,
A5038696269,Mircea Băbăiţă,
A5088208210,Petru Papazian,
A5024126941,Shaddrack Yaw Nusenu,https://orcid.org/0000-0001-8492-4769
A5068944627,Meriem Khelifi,
A5113804336,Mohand Yazid Saidi,
A5066189034,Saâdi Boudjit,https://orcid.org/0000-0001-6061-1696
